utc_time,elapsed_sec,fix_type,fix_name,sats,lat,lon,alt,eph,epv
18:16:37,0.06,3,3D_FIX,30,36.0756977,136.2135172,8.51,0.56,0.85
18:16:38,1.06,3,3D_FIX,30,36.0756977,136.213517,8.49,0.56,0.85
18:16:39,2.06,6,RTK_FIXED,31,36.0756952,136.213516,10.19,0.99,1.65
18:16:40,3.16,6,RTK_FIXED,31,36.0756952,136.213516,10.19,0.99,1.65
18:16:41,4.26,6,RTK_FIXED,31,36.0756952,136.213516,10.18,0.95,1.66
18:16:42,5.26,6,RTK_FIXED,31,36.0756952,136.213516,10.19,1.03,1.78
18:16:43,6.36,6,RTK_FIXED,31,36.0756952,136.2135161,10.19,1.03,1.78
18:16:44,7.47,6,RTK_FIXED,31,36.0756951,136.213516,10.19,0.93,1.7
18:16:45,8.47,6,RTK_FIXED,31,36.0756952,136.213516,10.18,0.93,1.7
18:16:46,9.47,6,RTK_FIXED,31,36.0756952,136.213516,10.18,0.93,1.7
18:16:48,10.56,6,RTK_FIXED,31,36.0756952,136.213516,10.19,0.87,1.62
18:16:49,11.56,6,RTK_FIXED,31,36.0756952,136.2135161,10.19,0.87,1.62
18:16:50,12.66,6,RTK_FIXED,31,36.0756952,136.2135161,10.19,0.87,1.62
18:16:51,13.66,6,RTK_FIXED,31,36.0756952,136.2135161,10.19,0.87,1.62
18:16:52,14.76,6,RTK_FIXED,31,36.0756952,136.213516,10.2,0.87,1.62
18:16:53,15.86,6,RTK_FIXED,31,36.0756952,136.213516,10.18,0.87,1.62
18:16:54,16.86,6,RTK_FIXED,31,36.0756952,136.213516,10.19,0.87,1.62
18:16:55,17.97,6,RTK_FIXED,31,36.0756952,136.213516,10.21,0.87,1.62
18:16:56,18.97,6,RTK_FIXED,31,36.0756952,136.213516,10.2,0.87,1.62
18:16:57,20.06,6,RTK_FIXED,31,36.0756952,136.213516,10.2,0.87,1.62
18:16:58,21.16,6,RTK_FIXED,31,36.0756952,136.213516,10.2,0.87,1.62
18:16:59,22.26,6,RTK_FIXED,31,36.0756952,136.213516,10.2,0.87,1.62
18:17:00,23.36,6,RTK_FIXED,31,36.0756952,136.213516,10.2,0.87,1.62
18:17:01,24.47,6,RTK_FIXED,30,36.0756952,136.213516,10.2,0.87,1.62
18:17:03,25.56,6,RTK_FIXED,30,36.0756952,136.213516,10.2,0.87,1.62
18:17:04,26.56,6,RTK_FIXED,30,36.0756952,136.213516,10.19,0.87,1.62
18:17:05,27.56,6,RTK_FIXED,30,36.0756952,136.213516,10.19,0.87,1.62
18:17:06,28.57,6,RTK_FIXED,30,36.0756952,136.213516,10.19,0.87,1.62
18:17:07,29.66,6,RTK_FIXED,30,36.0756952,136.213516,10.2,0.85,1.45
18:17:08,30.76,6,RTK_FIXED,30,36.0756952,136.213516,10.2,0.85,1.45
18:17:09,31.76,6,RTK_FIXED,30,36.0756952,136.213516,10.2,0.85,1.45
18:17:10,32.86,6,RTK_FIXED,30,36.0756952,136.213516,10.2,0.85,1.45
18:17:11,33.86,6,RTK_FIXED,30,36.0756952,136.213516,10.21,0.77,1.29
18:17:12,34.86,6,RTK_FIXED,30,36.0756952,136.213516,10.22,0.77,1.29
18:17:13,35.86,6,RTK_FIXED,30,36.0756951,136.213516,10.22,0.77,1.29
18:17:14,36.86,6,RTK_FIXED,30,36.0756951,136.213516,10.22,0.77,1.29
18:17:15,37.97,6,RTK_FIXED,30,36.0756951,136.213516,10.22,0.77,1.29
18:17:16,39.06,6,RTK_FIXED,30,36.0756951,136.213516,10.21,0.77,1.29
18:17:17,40.06,6,RTK_FIXED,31,36.0756952,136.213516,10.21,0.77,1.29
18:17:18,41.06,6,RTK_FIXED,31,36.0756951,136.213516,10.22,0.77,1.29
18:17:19,42.06,6,RTK_FIXED,31,36.0756952,136.213516,10.21,0.77,1.29
18:17:20,43.16,6,RTK_FIXED,31,36.0756951,136.213516,10.22,0.77,1.29
18:17:21,44.16,6,RTK_FIXED,31,36.0756951,136.213516,10.22,0.77,1.29
18:17:22,45.26,6,RTK_FIXED,31,36.0756952,136.213516,10.21,0.77,1.29
18:17:23,46.26,6,RTK_FIXED,31,36.0756951,136.213516,10.21,0.77,1.29
18:17:24,47.36,6,RTK_FIXED,31,36.0756951,136.213516,10.21,0.77,1.29
18:17:25,48.36,6,RTK_FIXED,31,36.0756951,136.213516,10.21,0.77,1.29
18:17:26,49.36,6,RTK_FIXED,31,36.0756951,136.213516,10.21,0.77,1.29
18:17:27,50.47,6,RTK_FIXED,31,36.0756952,136.213516,10.21,0.77,1.29
18:17:28,51.47,6,RTK_FIXED,31,36.0756951,136.213516,10.21,0.77,1.29
18:17:30,52.56,6,RTK_FIXED,31,36.0756952,136.213516,10.21,0.77,1.29
18:17:31,53.66,6,RTK_FIXED,31,36.0756951,136.213516,10.21,0.77,1.29
18:17:32,54.66,6,RTK_FIXED,31,36.0756951,136.213516,10.2,0.77,1.29
18:17:33,55.76,6,RTK_FIXED,31,36.0756951,136.213516,10.21,0.77,1.29
18:17:34,56.76,6,RTK_FIXED,31,36.0756951,136.213516,10.21,0.77,1.29
18:17:35,57.77,6,RTK_FIXED,31,36.0756952,136.213516,10.2,0.77,1.29
18:17:36,58.77,6,RTK_FIXED,31,36.0756951,136.213516,10.2,0.77,1.29
18:17:37,59.86,6,RTK_FIXED,31,36.0756951,136.213516,10.21,0.77,1.29
18:17:38,60.97,6,RTK_FIXED,31,36.0756951,136.213516,10.21,0.77,1.29
18:17:39,62.06,6,RTK_FIXED,31,36.0756951,136.213516,10.21,0.77,1.29
18:17:40,63.06,6,RTK_FIXED,30,36.0756951,136.213516,10.21,0.81,1.51
18:17:41,64.17,6,RTK_FIXED,30,36.0756952,136.213516,10.21,0.81,1.51
18:17:42,65.26,6,RTK_FIXED,30,36.0756952,136.213516,10.21,0.81,1.51
18:17:43,66.27,6,RTK_FIXED,30,36.0756951,136.213516,10.2,0.81,1.51
18:17:44,67.27,6,RTK_FIXED,30,36.0756952,136.213516,10.2,0.81,1.51
18:17:45,68.36,6,RTK_FIXED,31,36.0756951,136.213516,10.21,0.81,1.51
18:17:46,69.37,6,RTK_FIXED,30,36.0756952,136.213516,10.21,0.81,1.51
18:17:47,70.37,6,RTK_FIXED,30,36.0756951,136.213516,10.21,0.81,1.51
18:17:48,71.37,6,RTK_FIXED,31,36.0756952,136.213516,10.2,0.81,1.51
18:17:49,72.47,6,RTK_FIXED,31,36.0756952,136.213516,10.2,0.81,1.51
18:17:50,73.47,6,RTK_FIXED,30,36.0756952,136.213516,10.2,0.81,1.51
18:17:51,74.47,6,RTK_FIXED,31,36.0756952,136.213516,10.2,0.81,1.51
18:17:53,75.57,6,RTK_FIXED,31,36.0756952,136.213516,10.2,0.81,1.51
18:17:54,76.57,6,RTK_FIXED,31,36.0756952,136.213516,10.19,0.81,1.51
18:17:55,77.57,6,RTK_FIXED,31,36.0756952,136.213516,10.2,0.81,1.51
18:17:56,78.67,6,RTK_FIXED,31,36.0756952,136.213516,10.21,0.81,1.51
18:17:57,79.67,6,RTK_FIXED,31,36.0756952,136.213516,10.2,0.81,1.51
18:17:58,80.67,6,RTK_FIXED,31,36.0756952,136.213516,10.2,0.77,1.28
18:17:59,81.67,6,RTK_FIXED,31,36.0756952,136.213516,10.2,0.77,1.28
18:18:00,82.77,6,RTK_FIXED,31,36.0756952,136.213516,10.2,0.77,1.28
18:18:01,83.77,6,RTK_FIXED,31,36.0756952,136.213516,10.2,0.77,1.28
18:18:02,84.87,6,RTK_FIXED,30,36.0756952,136.213516,10.2,0.77,1.28
18:18:03,85.87,6,RTK_FIXED,30,36.0756952,136.213516,10.2,0.77,1.28
18:18:04,86.97,6,RTK_FIXED,30,36.0756952,136.213516,10.2,0.77,1.28
18:18:05,88.07,6,RTK_FIXED,30,36.0756952,136.213516,10.2,0.77,1.28
18:18:06,89.07,6,RTK_FIXED,30,36.0756952,136.213516,10.2,0.77,1.28
18:18:07,90.07,6,RTK_FIXED,30,36.0756952,136.213516,10.2,0.77,1.28
18:18:08,91.07,6,RTK_FIXED,30,36.0756952,136.213516,10.2,0.77,1.28
18:18:09,92.07,6,RTK_FIXED,30,36.0756952,136.213516,10.2,0.77,1.28
18:18:10,93.17,6,RTK_FIXED,30,36.0756952,136.213516,10.2,0.77,1.28
18:18:11,94.27,6,RTK_FIXED,30,36.0756952,136.213516,10.2,0.77,1.28
18:18:12,95.27,6,RTK_FIXED,30,36.0756952,136.213516,10.2,0.77,1.28
18:18:13,96.27,6,RTK_FIXED,30,36.0756952,136.213516,10.2,0.77,1.28
18:18:14,97.37,6,RTK_FIXED,30,36.0756951,136.213516,10.2,0.77,1.28
18:18:15,98.47,6,RTK_FIXED,30,36.0756952,136.213516,10.2,0.77,1.28
18:18:16,99.47,6,RTK_FIXED,30,36.0756952,136.213516,10.2,0.77,1.28
18:18:18,100.57,6,RTK_FIXED,30,36.0756952,136.213516,10.2,0.77,1.28
18:18:19,101.57,6,RTK_FIXED,30,36.0756952,136.213516,10.2,0.77,1.28
18:18:20,102.67,6,RTK_FIXED,30,36.0756952,136.213516,10.21,0.77,1.28
18:18:21,103.77,6,RTK_FIXED,30,36.0756951,136.213516,10.21,0.77,1.28
18:18:22,104.87,6,RTK_FIXED,30,36.0756951,136.213516,10.21,0.77,1.28
18:18:23,105.87,6,RTK_FIXED,30,36.0756951,136.213516,10.21,0.77,1.28
18:18:24,106.97,6,RTK_FIXED,30,36.0756952,136.213516,10.21,0.77,1.28
18:18:25,107.97,6,RTK_FIXED,30,36.0756952,136.213516,10.21,0.77,1.28
18:18:26,108.97,6,RTK_FIXED,30,36.0756951,136.213516,10.21,0.77,1.28
18:18:27,110.07,6,RTK_FIXED,30,36.0756952,136.213516,10.21,0.77,1.28
18:18:28,111.17,6,RTK_FIXED,30,36.0756952,136.213516,10.21,0.77,1.28
18:18:29,112.17,6,RTK_FIXED,30,36.0756951,136.213516,10.21,0.77,1.28
18:18:30,113.27,6,RTK_FIXED,30,36.0756951,136.213516,10.21,0.77,1.28
18:18:31,114.27,6,RTK_FIXED,30,36.0756951,136.213516,10.21,0.77,1.28
18:18:32,115.27,6,RTK_FIXED,30,36.0756951,136.213516,10.21,0.77,1.28
18:18:33,116.27,6,RTK_FIXED,30,36.0756951,136.213516,10.21,0.77,1.28
18:18:34,117.27,6,RTK_FIXED,30,36.0756952,136.213516,10.2,0.77,1.28
18:18:35,118.37,6,RTK_FIXED,30,36.0756952,136.213516,10.21,0.77,1.28
18:18:36,119.47,6,RTK_FIXED,30,36.0756951,136.213516,10.22,0.77,1.28
18:18:37,120.47,6,RTK_FIXED,30,36.0756951,136.213516,10.22,0.77,1.28
18:18:38,121.47,6,RTK_FIXED,30,36.0756951,136.213516,10.21,0.77,1.28
18:18:40,122.57,6,RTK_FIXED,30,36.0756952,136.213516,10.21,0.77,1.28
18:18:41,123.57,6,RTK_FIXED,30,36.0756952,136.213516,10.22,0.77,1.28
18:18:42,124.67,6,RTK_FIXED,30,36.0756952,136.213516,10.21,0.77,1.28
18:18:43,125.77,6,RTK_FIXED,30,36.0756952,136.213516,10.21,0.77,1.28
18:18:44,126.77,6,RTK_FIXED,30,36.0756952,136.213516,10.21,0.77,1.28
18:18:45,127.77,6,RTK_FIXED,30,36.0756952,136.213516,10.21,0.77,1.28
18:18:46,128.77,6,RTK_FIXED,30,36.0756952,136.213516,10.21,0.77,1.28
18:18:47,129.77,6,RTK_FIXED,30,36.0756952,136.213516,10.22,0.77,1.28
18:18:48,130.77,6,RTK_FIXED,30,36.0756952,136.213516,10.21,0.77,1.28
18:18:49,131.87,6,RTK_FIXED,30,36.0756952,136.213516,10.21,0.77,1.28
18:18:50,132.87,6,RTK_FIXED,30,36.0756952,136.213516,10.21,0.77,1.28
18:18:51,133.87,6,RTK_FIXED,30,36.0756952,136.213516,10.21,0.77,1.28
18:18:52,134.97,6,RTK_FIXED,30,36.0756952,136.213516,10.21,0.77,1.28
18:18:53,136.07,6,RTK_FIXED,30,36.0756952,136.2135159,10.21,0.77,1.28
18:18:54,137.17,6,RTK_FIXED,30,36.0756952,136.213516,10.21,0.77,1.28
18:18:55,138.17,6,RTK_FIXED,30,36.0756952,136.2135159,10.21,0.77,1.28
18:18:56,139.27,6,RTK_FIXED,30,36.0756952,136.213516,10.2,0.77,1.28
18:18:57,140.37,6,RTK_FIXED,30,36.0756952,136.213516,10.21,0.77,1.28
18:18:58,141.37,6,RTK_FIXED,30,36.0756952,136.2135159,10.21,0.77,1.28
18:18:59,142.37,6,RTK_FIXED,30,36.0756952,136.2135159,10.21,0.77,1.28
18:19:00,143.37,6,RTK_FIXED,30,36.0756952,136.2135159,10.21,0.77,1.28
18:19:01,144.47,6,RTK_FIXED,30,36.0756952,136.2135159,10.21,0.77,1.28
18:19:03,145.57,6,RTK_FIXED,30,36.0756952,136.2135159,10.21,0.77,1.28
18:19:04,146.67,6,RTK_FIXED,30,36.0756952,136.213516,10.22,0.77,1.28
18:19:05,147.67,6,RTK_FIXED,30,36.0756952,136.213516,10.21,0.77,1.28
18:19:06,148.77,6,RTK_FIXED,30,36.0756952,136.213516,10.22,0.77,1.28
18:19:07,149.87,6,RTK_FIXED,30,36.0756952,136.213516,10.22,0.77,1.28
18:19:08,150.87,6,RTK_FIXED,30,36.0756952,136.213516,10.22,0.77,1.28
18:19:09,151.87,6,RTK_FIXED,30,36.0756952,136.213516,10.21,0.77,1.28
18:19:10,152.87,6,RTK_FIXED,30,36.0756952,136.213516,10.21,0.77,1.28
18:19:11,153.87,6,RTK_FIXED,30,36.0756952,136.213516,10.21,0.77,1.28
18:19:12,154.97,6,RTK_FIXED,30,36.0756952,136.213516,10.21,0.77,1.28
18:19:13,156.07,6,RTK_FIXED,30,36.0756952,136.213516,10.21,0.77,1.28
18:19:14,157.07,6,RTK_FIXED,30,36.0756952,136.213516,10.2,0.77,1.28
18:19:15,158.07,6,RTK_FIXED,30,36.0756952,136.213516,10.2,0.77,1.28
18:19:16,159.07,6,RTK_FIXED,30,36.0756952,136.213516,10.21,0.77,1.28
18:19:17,160.07,6,RTK_FIXED,29,36.0756952,136.213516,10.22,0.77,1.28
18:19:18,161.17,6,RTK_FIXED,29,36.0756952,136.213516,10.21,0.77,1.28
18:19:19,162.27,6,RTK_FIXED,29,36.0756952,136.213516,10.21,0.77,1.28
18:19:20,163.27,6,RTK_FIXED,29,36.0756952,136.213516,10.21,0.77,1.28
18:19:21,164.27,6,RTK_FIXED,29,36.0756952,136.213516,10.21,0.77,1.28
18:19:22,165.27,6,RTK_FIXED,29,36.0756952,136.213516,10.21,0.77,1.28
18:19:23,166.27,6,RTK_FIXED,29,36.0756952,136.213516,10.21,0.77,1.28
18:19:24,167.37,6,RTK_FIXED,29,36.0756952,136.213516,10.21,0.77,1.28
18:19:25,168.37,6,RTK_FIXED,29,36.0756952,136.213516,10.21,0.77,1.28
18:19:26,169.37,6,RTK_FIXED,29,36.0756952,136.213516,10.22,0.77,1.28
18:19:27,170.47,6,RTK_FIXED,29,36.0756952,136.213516,10.21,0.77,1.28
18:19:29,171.57,6,RTK_FIXED,29,36.0756952,136.213516,10.21,0.77,1.28
18:19:30,172.67,6,RTK_FIXED,29,36.0756952,136.213516,10.2,0.77,1.28
18:19:31,173.67,6,RTK_FIXED,30,36.0756952,136.2135161,10.2,0.77,1.28
18:19:32,174.67,6,RTK_FIXED,30,36.0756952,136.2135161,10.2,0.77,1.28
18:19:33,175.67,6,RTK_FIXED,30,36.0756952,136.2135161,10.2,0.77,1.28
18:19:34,176.67,6,RTK_FIXED,30,36.0756952,136.2135161,10.2,0.77,1.28
18:19:35,177.77,6,RTK_FIXED,30,36.0756952,136.2135161,10.2,0.77,1.28
18:19:36,178.87,6,RTK_FIXED,30,36.0756952,136.2135161,10.2,0.77,1.28
18:19:37,179.87,6,RTK_FIXED,30,36.0756952,136.2135161,10.2,0.77,1.28
18:19:38,180.98,6,RTK_FIXED,30,36.0756952,136.213516,10.2,0.77,1.28
18:19:39,182.07,6,RTK_FIXED,30,36.0756952,136.213516,10.21,0.77,1.28
18:19:40,183.07,6,RTK_FIXED,30,36.0756952,136.213516,10.21,0.77,1.28
18:19:41,184.17,6,RTK_FIXED,30,36.0756952,136.213516,10.2,0.77,1.28
18:19:42,185.17,6,RTK_FIXED,30,36.0756952,136.213516,10.2,0.77,1.28
18:19:43,186.17,6,RTK_FIXED,30,36.0756952,136.213516,10.21,0.77,1.28
18:19:44,187.17,6,RTK_FIXED,30,36.0756952,136.213516,10.21,0.77,1.28
18:19:45,188.27,6,RTK_FIXED,30,36.0756952,136.2135161,10.21,0.77,1.28
18:19:46,189.27,6,RTK_FIXED,30,36.0756952,136.2135161,10.21,0.77,1.28
18:19:47,190.37,6,RTK_FIXED,30,36.0756952,136.2135161,10.21,0.77,1.28
18:19:48,191.37,6,RTK_FIXED,30,36.0756952,136.2135161,10.21,0.77,1.28
18:19:49,192.47,6,RTK_FIXED,30,36.0756951,136.2135161,10.22,0.77,1.28
18:19:50,193.48,6,RTK_FIXED,30,36.0756951,136.2135161,10.22,0.77,1.28
18:19:52,194.57,6,RTK_FIXED,30,36.0756951,136.2135161,10.22,0.77,1.28
18:19:53,195.67,6,RTK_FIXED,30,36.0756952,136.213516,10.2,0.77,1.28
18:19:54,196.77,6,RTK_FIXED,30,36.0756952,136.213516,10.21,0.77,1.28
18:19:55,197.87,6,RTK_FIXED,30,36.0756952,136.213516,10.19,0.77,1.28
18:19:56,198.87,6,RTK_FIXED,30,36.0756952,136.213516,10.2,0.77,1.28
18:19:57,199.97,6,RTK_FIXED,30,36.0756952,136.2135161,10.2,0.77,1.28
18:19:58,200.98,6,RTK_FIXED,30,36.0756952,136.2135161,10.21,0.77,1.28
18:19:59,201.98,6,RTK_FIXED,30,36.0756952,136.2135161,10.21,0.77,1.28
18:20:00,203.07,6,RTK_FIXED,30,36.0756951,136.2135161,10.21,0.77,1.28
18:20:01,204.07,6,RTK_FIXED,30,36.0756951,136.2135161,10.22,0.77,1.28
18:20:02,205.17,6,RTK_FIXED,30,36.0756951,136.2135161,10.22,0.77,1.28
18:20:03,206.27,6,RTK_FIXED,30,36.0756952,136.2135161,10.2,0.77,1.28
18:20:04,207.27,6,RTK_FIXED,30,36.0756952,136.213516,10.2,0.77,1.28
18:20:05,208.27,6,RTK_FIXED,30,36.0756952,136.213516,10.2,0.77,1.28
18:20:06,209.27,6,RTK_FIXED,30,36.0756952,136.213516,10.2,0.77,1.28
18:20:07,210.27,6,RTK_FIXED,30,36.0756952,136.213516,10.2,0.77,1.28
18:20:08,211.37,6,RTK_FIXED,31,36.0756952,136.213516,10.2,0.77,1.28
18:20:09,212.47,6,RTK_FIXED,30,36.0756951,136.2135161,10.22,0.77,1.28
18:20:10,213.47,6,RTK_FIXED,30,36.0756951,136.2135161,10.22,0.77,1.28
18:20:12,214.57,6,RTK_FIXED,30,36.0756951,136.2135161,10.22,0.77,1.28
18:20:13,215.67,6,RTK_FIXED,30,36.0756951,136.2135161,10.22,0.77,1.28
18:20:14,216.77,6,RTK_FIXED,30,36.0756951,136.2135161,10.23,0.77,1.28
18:20:15,217.77,6,RTK_FIXED,30,36.0756951,136.2135161,10.23,0.77,1.28
18:20:16,218.77,6,RTK_FIXED,30,36.0756952,136.213516,10.21,0.77,1.28
18:20:17,219.87,6,RTK_FIXED,30,36.0756952,136.213516,10.2,0.77,1.28
18:20:18,220.98,6,RTK_FIXED,30,36.0756952,136.213516,10.2,0.77,1.28
18:20:19,222.07,6,RTK_FIXED,30,36.0756952,136.213516,10.2,0.77,1.28
18:20:20,223.07,6,RTK_FIXED,30,36.0756951,136.213516,10.21,0.77,1.28
18:20:21,224.17,6,RTK_FIXED,30,36.0756951,136.2135161,10.21,0.77,1.28
18:20:22,225.17,6,RTK_FIXED,30,36.0756951,136.2135161,10.21,0.77,1.28
18:20:23,226.17,6,RTK_FIXED,30,36.0756951,136.2135161,10.21,0.77,1.28
18:20:24,227.27,6,RTK_FIXED,30,36.0756951,136.213516,10.21,0.77,1.28
18:20:25,228.27,6,RTK_FIXED,30,36.0756951,136.2135161,10.21,0.77,1.28
18:20:26,229.27,6,RTK_FIXED,30,36.0756952,136.213516,10.2,0.77,1.28
18:20:27,230.27,6,RTK_FIXED,30,36.0756952,136.213516,10.2,0.77,1.28
18:20:28,231.27,6,RTK_FIXED,30,36.0756952,136.213516,10.2,0.77,1.28
18:20:29,232.37,6,RTK_FIXED,30,36.0756951,136.213516,10.21,0.77,1.28
18:20:30,233.37,6,RTK_FIXED,30,36.0756952,136.213516,10.2,0.77,1.28
18:20:31,234.48,6,RTK_FIXED,30,36.0756952,136.2135161,10.2,0.77,1.28
18:20:32,235.48,6,RTK_FIXED,30,36.0756951,136.213516,10.21,0.77,1.26
18:20:34,236.57,6,RTK_FIXED,29,36.0756952,136.2135161,10.21,0.77,1.26
18:20:35,237.67,6,RTK_FIXED,29,36.0756952,136.213516,10.21,0.77,1.26
18:20:36,238.77,6,RTK_FIXED,29,36.0756952,136.213516,10.2,0.77,1.26
18:20:37,239.77,6,RTK_FIXED,29,36.0756951,136.213516,10.2,0.77,1.26
18:20:38,240.87,6,RTK_FIXED,29,36.0756952,136.2135161,10.2,0.77,1.26
18:20:39,241.87,6,RTK_FIXED,29,36.0756952,136.213516,10.2,0.77,1.26
18:20:40,242.87,6,RTK_FIXED,29,36.0756952,136.2135161,10.2,0.77,1.26
18:20:41,243.98,6,RTK_FIXED,29,36.0756952,136.2135161,10.2,0.77,1.26
18:20:42,245.07,6,RTK_FIXED,29,36.0756952,136.2135161,10.19,0.77,1.26
18:20:43,246.17,6,RTK_FIXED,29,36.0756952,136.2135161,10.2,0.77,1.26
18:20:44,247.17,6,RTK_FIXED,29,36.0756952,136.2135161,10.19,0.77,1.26
18:20:45,248.27,6,RTK_FIXED,29,36.0756952,136.2135161,10.2,0.77,1.26
18:20:46,249.37,6,RTK_FIXED,29,36.0756952,136.2135161,10.2,0.77,1.26
18:20:47,250.37,6,RTK_FIXED,29,36.0756952,136.213516,10.2,0.77,1.26
18:20:48,251.48,6,RTK_FIXED,29,36.0756952,136.213516,10.2,0.77,1.26
18:20:49,252.48,6,RTK_FIXED,29,36.0756952,136.213516,10.19,0.77,1.26
18:20:50,253.48,6,RTK_FIXED,29,36.0756952,136.2135161,10.19,0.77,1.26
18:20:51,254.48,6,RTK_FIXED,29,36.0756952,136.2135161,10.2,0.77,1.26
18:20:52,255.48,6,RTK_FIXED,29,36.0756952,136.2135161,10.19,0.77,1.26
18:20:54,256.57,6,RTK_FIXED,29,36.0756952,136.2135161,10.19,0.77,1.26
18:20:55,257.57,6,RTK_FIXED,29,36.0756952,136.2135161,10.19,0.77,1.26
18:20:56,258.57,6,RTK_FIXED,29,36.0756952,136.213516,10.19,0.77,1.26
18:20:57,259.67,6,RTK_FIXED,29,36.0756952,136.213516,10.19,0.77,1.26
18:20:58,260.67,6,RTK_FIXED,29,36.0756952,136.2135161,10.19,0.77,1.26
18:20:59,261.77,6,RTK_FIXED,29,36.0756952,136.2135161,10.19,0.77,1.26
18:21:00,262.87,6,RTK_FIXED,29,36.0756952,136.213516,10.19,0.77,1.26
18:21:01,263.87,6,RTK_FIXED,29,36.0756952,136.2135161,10.19,0.77,1.26
18:21:02,264.87,6,RTK_FIXED,29,36.0756952,136.2135161,10.19,0.77,1.26
18:21:03,265.87,6,RTK_FIXED,29,36.0756952,136.2135161,10.19,0.77,1.26
18:21:04,266.98,6,RTK_FIXED,29,36.0756952,136.2135161,10.2,0.77,1.26
18:21:05,268.07,6,RTK_FIXED,30,36.0756952,136.2135161,10.19,0.77,1.26
18:21:06,269.07,6,RTK_FIXED,30,36.0756952,136.2135161,10.19,0.77,1.26
18:21:07,270.17,6,RTK_FIXED,30,36.0756952,136.2135161,10.19,0.77,1.26
18:21:08,271.17,6,RTK_FIXED,30,36.0756952,136.2135161,10.19,0.77,1.26
18:21:09,272.27,6,RTK_FIXED,30,36.0756952,136.2135161,10.19,0.77,1.26
18:21:10,273.37,6,RTK_FIXED,30,36.0756952,136.2135161,10.18,0.77,1.26
18:21:11,274.37,6,RTK_FIXED,30,36.0756952,136.2135161,10.18,0.77,1.26
18:21:12,275.48,6,RTK_FIXED,30,36.0756952,136.2135161,10.18,0.77,1.26
18:21:13,276.48,6,RTK_FIXED,30,36.0756952,136.2135161,10.18,0.77,1.26
18:21:15,277.57,6,RTK_FIXED,30,36.0756952,136.2135161,10.17,0.77,1.26
18:21:16,278.67,6,RTK_FIXED,30,36.0756952,136.2135161,10.19,0.77,1.26
18:21:17,279.77,6,RTK_FIXED,30,36.0756952,136.2135161,10.18,0.77,1.26
18:21:18,280.77,6,RTK_FIXED,30,36.0756952,136.2135161,10.18,0.77,1.26
18:21:19,281.87,6,RTK_FIXED,30,36.0756952,136.2135161,10.18,0.77,1.26
18:21:20,282.87,6,RTK_FIXED,30,36.0756952,136.2135161,10.18,0.77,1.26
18:21:21,283.87,6,RTK_FIXED,30,36.0756952,136.2135161,10.18,0.77,1.26
18:21:22,284.98,6,RTK_FIXED,30,36.0756952,136.2135161,10.19,0.77,1.26
18:21:23,285.98,6,RTK_FIXED,30,36.0756952,136.2135161,10.19,0.77,1.26
18:21:24,286.98,6,RTK_FIXED,30,36.0756952,136.2135161,10.18,0.77,1.26
18:21:25,288.07,6,RTK_FIXED,30,36.0756952,136.2135161,10.18,0.77,1.26
18:21:26,289.07,6,RTK_FIXED,30,36.0756952,136.2135161,10.19,0.77,1.26
18:21:27,290.17,6,RTK_FIXED,30,36.0756952,136.2135161,10.18,0.77,1.26
18:21:28,291.27,6,RTK_FIXED,29,36.0756952,136.2135161,10.19,0.77,1.26
18:21:29,292.37,6,RTK_FIXED,29,36.0756952,136.2135161,10.18,0.77,1.26
18:21:30,293.37,6,RTK_FIXED,30,36.0756952,136.2135161,10.19,0.77,1.26
18:21:31,294.37,6,RTK_FIXED,30,36.0756952,136.2135161,10.19,0.77,1.26
18:21:32,295.37,6,RTK_FIXED,29,36.0756952,136.2135161,10.19,0.77,1.26
18:21:33,296.48,6,RTK_FIXED,29,36.0756951,136.2135161,10.2,0.77,1.26
18:21:34,297.48,6,RTK_FIXED,29,36.0756952,136.2135162,10.2,0.77,1.26
18:21:35,298.48,6,RTK_FIXED,30,36.0756952,136.213516,10.2,0.77,1.26
18:21:36,299.48,6,RTK_FIXED,30,36.0756952,136.213516,10.19,0.77,1.26
18:21:38,300.57,6,RTK_FIXED,30,36.0756951,136.213516,10.2,0.77,1.26
18:21:39,301.57,6,RTK_FIXED,30,36.0756952,136.2135161,10.2,0.77,1.26
18:21:40,302.57,6,RTK_FIXED,30,36.0756952,136.213516,10.2,0.77,1.26
18:21:41,303.67,6,RTK_FIXED,30,36.0756952,136.2135161,10.2,0.77,1.26
18:21:42,304.67,6,RTK_FIXED,30,36.0756951,136.2135161,10.21,0.77,1.26
18:21:43,305.77,6,RTK_FIXED,30,36.0756951,136.2135161,10.21,0.77,1.26
18:21:44,306.87,6,RTK_FIXED,30,36.0756951,136.2135161,10.21,0.77,1.26
18:21:45,307.87,6,RTK_FIXED,30,36.0756951,136.2135161,10.21,0.77,1.26
18:21:46,308.87,6,RTK_FIXED,30,36.0756952,136.2135161,10.2,0.77,1.26
18:21:47,309.98,6,RTK_FIXED,30,36.0756951,136.213516,10.2,0.77,1.26
18:21:48,310.98,6,RTK_FIXED,30,36.0756951,136.213516,10.2,0.77,1.26
18:21:49,312.07,6,RTK_FIXED,30,36.0756952,136.2135161,10.2,0.77,1.26
18:21:50,313.07,6,RTK_FIXED,30,36.0756951,136.2135161,10.2,0.77,1.26
18:21:51,314.07,6,RTK_FIXED,30,36.0756951,136.2135161,10.21,0.77,1.26
18:21:52,315.17,6,RTK_FIXED,30,36.0756952,136.213516,10.2,0.77,1.26
18:21:53,316.27,6,RTK_FIXED,30,36.0756952,136.213516,10.19,0.77,1.26
18:21:54,317.27,6,RTK_FIXED,30,36.0756952,136.213516,10.19,0.77,1.26
18:21:55,318.37,6,RTK_FIXED,31,36.0756951,136.2135161,10.21,0.77,1.26
18:21:56,319.48,6,RTK_FIXED,31,36.0756951,136.213516,10.2,0.77,1.26
18:21:58,320.57,6,RTK_FIXED,31,36.0756951,136.213516,10.21,0.77,1.26
18:21:59,321.57,6,RTK_FIXED,31,36.0756951,136.2135161,10.2,0.77,1.26
18:22:00,322.57,6,RTK_FIXED,31,36.0756951,136.2135161,10.2,0.77,1.26
18:22:01,323.67,6,RTK_FIXED,31,36.0756951,136.2135161,10.2,0.77,1.26
18:22:02,324.77,6,RTK_FIXED,31,36.0756951,136.2135161,10.2,0.77,1.26
18:22:03,325.77,6,RTK_FIXED,31,36.0756952,136.2135161,10.19,0.77,1.26
18:22:04,326.77,6,RTK_FIXED,31,36.0756952,136.2135161,10.19,0.77,1.26
18:22:05,327.77,6,RTK_FIXED,31,36.0756952,136.2135161,10.2,0.77,1.26
18:22:06,328.77,6,RTK_FIXED,31,36.0756952,136.2135161,10.19,0.77,1.26
18:22:07,329.87,6,RTK_FIXED,31,36.0756952,136.2135161,10.2,0.77,1.26
18:22:08,330.87,6,RTK_FIXED,30,36.0756951,136.213516,10.19,0.77,1.26
18:22:09,331.87,6,RTK_FIXED,30,36.0756952,136.213516,10.2,0.77,1.26
18:22:10,332.98,6,RTK_FIXED,30,36.0756952,136.213516,10.19,0.77,1.26
18:22:11,334.07,6,RTK_FIXED,30,36.0756951,136.213516,10.19,0.77,1.26
18:22:12,335.07,6,RTK_FIXED,29,36.0756952,136.213516,10.19,0.77,1.26
18:22:13,336.17,6,RTK_FIXED,29,36.0756952,136.213516,10.19,0.77,1.26
18:22:14,337.17,6,RTK_FIXED,29,36.0756952,136.213516,10.19,0.77,1.26
18:22:15,338.27,6,RTK_FIXED,29,36.0756952,136.213516,10.19,0.77,1.26
18:22:16,339.27,6,RTK_FIXED,29,36.0756952,136.213516,10.19,0.77,1.26
18:22:17,340.37,6,RTK_FIXED,29,36.0756952,136.213516,10.19,0.77,1.26
18:22:18,341.37,6,RTK_FIXED,30,36.0756951,136.213516,10.19,0.77,1.26
18:22:19,342.37,6,RTK_FIXED,30,36.0756952,136.213516,10.19,0.77,1.26
18:22:20,343.37,6,RTK_FIXED,30,36.0756952,136.213516,10.19,0.77,1.26
18:22:21,344.48,6,RTK_FIXED,30,36.0756952,136.213516,10.19,0.77,1.26
18:22:23,345.57,6,RTK_FIXED,30,36.0756952,136.213516,10.19,0.77,1.26
18:22:24,346.57,6,RTK_FIXED,30,36.0756952,136.213516,10.19,0.77,1.26
18:22:25,347.67,6,RTK_FIXED,30,36.0756952,136.213516,10.19,0.77,1.26
18:22:26,348.67,6,RTK_FIXED,30,36.0756952,136.213516,10.18,0.77,1.26
18:22:27,349.77,6,RTK_FIXED,30,36.0756952,136.213516,10.18,0.77,1.26
18:22:28,350.87,6,RTK_FIXED,30,36.0756952,136.213516,10.17,0.77,1.26
18:22:29,351.87,6,RTK_FIXED,30,36.0756952,136.213516,10.18,0.77,1.26
18:22:30,352.98,6,RTK_FIXED,30,36.0756952,136.213516,10.17,0.77,1.26
18:22:31,353.98,6,RTK_FIXED,30,36.0756952,136.213516,10.17,0.77,1.26
18:22:32,355.07,6,RTK_FIXED,30,36.0756952,136.213516,10.17,0.77,1.26
18:22:33,356.17,6,RTK_FIXED,30,36.0756952,136.213516,10.17,0.77,1.26
18:22:34,357.27,6,RTK_FIXED,30,36.0756952,136.213516,10.17,0.77,1.26
18:22:35,358.37,6,RTK_FIXED,30,36.0756952,136.213516,10.16,0.77,1.26
18:22:36,359.37,6,RTK_FIXED,30,36.0756952,136.213516,10.16,0.77,1.26
18:22:37,360.37,6,RTK_FIXED,30,36.0756952,136.213516,10.16,0.77,1.26
18:22:38,361.48,6,RTK_FIXED,29,36.0756952,136.213516,10.17,0.77,1.26
18:22:40,362.57,6,RTK_FIXED,29,36.0756952,136.213516,10.17,0.77,1.26
18:22:41,363.57,6,RTK_FIXED,29,36.0756952,136.213516,10.17,0.77,1.26
18:22:42,364.57,6,RTK_FIXED,29,36.0756952,136.213516,10.16,0.77,1.26
18:22:43,365.57,6,RTK_FIXED,28,36.0756952,136.213516,10.18,0.81,1.53
18:22:44,366.67,6,RTK_FIXED,29,36.0756952,136.213516,10.17,0.81,1.53
18:22:45,367.67,6,RTK_FIXED,29,36.0756952,136.213516,10.16,0.77,1.26
18:22:46,368.77,6,RTK_FIXED,29,36.0756952,136.213516,10.17,0.77,1.26
18:22:47,369.77,6,RTK_FIXED,29,36.0756952,136.2135159,10.17,0.77,1.26
18:22:48,370.87,6,RTK_FIXED,29,36.0756952,136.213516,10.17,0.77,1.26
18:22:49,371.87,6,RTK_FIXED,29,36.0756952,136.213516,10.18,0.77,1.26
18:22:50,372.87,6,RTK_FIXED,29,36.0756952,136.213516,10.17,0.77,1.26
18:22:51,373.87,6,RTK_FIXED,29,36.0756952,136.2135159,10.17,0.77,1.26
18:22:52,374.87,6,RTK_FIXED,29,36.0756952,136.213516,10.18,0.77,1.26
18:22:53,375.87,6,RTK_FIXED,30,36.0756952,136.213516,10.17,0.77,1.26
18:22:54,376.98,6,RTK_FIXED,31,36.0756952,136.213516,10.18,0.77,1.26
18:22:55,378.07,6,RTK_FIXED,31,36.0756952,136.213516,10.17,0.77,1.26
18:22:56,379.08,6,RTK_FIXED,31,36.0756952,136.213516,10.17,0.77,1.26
18:22:57,380.17,6,RTK_FIXED,31,36.0756952,136.213516,10.18,0.77,1.26
18:22:58,381.17,6,RTK_FIXED,31,36.0756952,136.213516,10.17,0.77,1.26
18:22:59,382.27,6,RTK_FIXED,31,36.0756952,136.213516,10.17,0.77,1.26
18:23:00,383.28,6,RTK_FIXED,31,36.0756952,136.213516,10.18,0.77,1.26
18:23:01,384.28,6,RTK_FIXED,31,36.0756952,136.213516,10.17,0.77,1.25
18:23:02,385.38,6,RTK_FIXED,31,36.0756952,136.213516,10.17,0.77,1.25
18:23:03,386.38,6,RTK_FIXED,31,36.0756952,136.2135159,10.17,0.77,1.25
18:23:04,387.48,6,RTK_FIXED,31,36.0756952,136.213516,10.17,0.77,1.25
18:23:06,388.58,6,RTK_FIXED,31,36.0756952,136.213516,10.17,0.77,1.25
18:23:07,389.67,6,RTK_FIXED,31,36.0756952,136.213516,10.17,0.77,1.25
18:23:08,390.68,6,RTK_FIXED,31,36.0756952,136.2135159,10.18,0.77,1.25
18:23:09,391.78,6,RTK_FIXED,31,36.0756952,136.213516,10.18,0.77,1.25
18:23:10,392.78,6,RTK_FIXED,32,36.0756952,136.213516,10.18,0.77,1.25
18:23:11,393.88,6,RTK_FIXED,32,36.0756952,136.213516,10.18,0.77,1.25
18:23:12,394.88,6,RTK_FIXED,31,36.0756952,136.213516,10.18,0.77,1.25
18:23:13,395.88,6,RTK_FIXED,31,36.0756952,136.213516,10.18,0.77,1.25
18:23:14,396.88,6,RTK_FIXED,31,36.0756952,136.213516,10.18,0.77,1.25
18:23:15,397.88,6,RTK_FIXED,31,36.0756952,136.213516,10.18,0.77,1.25
18:23:16,398.88,6,RTK_FIXED,31,36.0756952,136.213516,10.18,0.77,1.25
18:23:17,399.98,6,RTK_FIXED,32,36.0756952,136.213516,10.18,0.77,1.25
18:23:18,400.98,6,RTK_FIXED,32,36.0756952,136.213516,10.18,0.77,1.25
18:23:19,401.98,6,RTK_FIXED,32,36.0756951,136.213516,10.19,0.77,1.25
18:23:20,402.98,6,RTK_FIXED,32,36.0756951,136.213516,10.19,0.77,1.25
18:23:21,403.98,6,RTK_FIXED,32,36.0756952,136.213516,10.18,0.77,1.25
18:23:22,405.08,6,RTK_FIXED,32,36.0756952,136.213516,10.19,0.77,1.25
18:23:23,406.08,6,RTK_FIXED,32,36.0756952,136.213516,10.19,0.77,1.25
18:23:24,407.18,6,RTK_FIXED,32,36.0756952,136.213516,10.18,0.77,1.25
18:23:25,408.28,6,RTK_FIXED,31,36.0756952,136.213516,10.19,0.77,1.25
18:23:26,409.38,6,RTK_FIXED,30,36.0756952,136.213516,10.18,0.77,1.25
18:23:27,410.38,6,RTK_FIXED,30,36.0756952,136.213516,10.18,0.77,1.25
18:23:28,411.38,6,RTK_FIXED,30,36.0756952,136.213516,10.18,0.77,1.25
18:23:29,412.48,6,RTK_FIXED,30,36.0756952,136.213516,10.18,0.81,1.53
18:23:30,413.48,6,RTK_FIXED,30,36.0756952,136.213516,10.18,0.81,1.53
18:23:32,414.58,6,RTK_FIXED,30,36.0756952,136.213516,10.18,0.81,1.53
18:23:33,415.58,6,RTK_FIXED,30,36.0756952,136.213516,10.19,0.81,1.53
18:23:34,416.58,6,RTK_FIXED,30,36.0756952,136.213516,10.19,0.81,1.53
18:23:35,417.58,6,RTK_FIXED,29,36.0756951,136.213516,10.19,0.81,1.53
18:23:36,418.68,6,RTK_FIXED,31,36.0756951,136.213516,10.19,0.81,1.53
18:23:37,419.78,6,RTK_FIXED,31,36.0756951,136.2135161,10.2,0.81,1.53
18:23:38,420.88,6,RTK_FIXED,30,36.0756951,136.2135161,10.2,0.81,1.53
18:23:39,421.88,6,RTK_FIXED,31,36.0756952,136.213516,10.18,0.81,1.53
18:23:40,422.98,6,RTK_FIXED,31,36.0756952,136.213516,10.18,0.81,1.53
18:23:41,424.08,6,RTK_FIXED,30,36.0756952,136.213516,10.18,0.81,1.53
18:23:42,425.08,6,RTK_FIXED,30,36.0756952,136.213516,10.18,0.81,1.53
18:23:43,426.08,6,RTK_FIXED,31,36.0756952,136.213516,10.18,0.81,1.53
18:23:44,427.08,6,RTK_FIXED,31,36.0756952,136.2135161,10.18,0.81,1.53
18:23:45,428.18,6,RTK_FIXED,31,36.0756951,136.213516,10.18,0.81,1.53
18:23:46,429.18,6,RTK_FIXED,31,36.0756951,136.2135161,10.19,0.81,1.53
18:23:47,430.18,6,RTK_FIXED,31,36.0756951,136.2135161,10.18,0.81,1.53
18:23:48,431.18,6,RTK_FIXED,31,36.0756952,136.213516,10.18,0.81,1.53
18:23:49,432.18,6,RTK_FIXED,31,36.0756951,136.213516,10.18,0.81,1.53
18:23:50,433.28,6,RTK_FIXED,31,36.0756952,136.213516,10.18,0.77,1.25
18:23:51,434.38,6,RTK_FIXED,31,36.0756951,136.213516,10.18,0.77,1.25
18:23:52,435.38,6,RTK_FIXED,31,36.0756951,136.213516,10.18,0.77,1.25
18:23:53,436.38,6,RTK_FIXED,31,36.0756952,136.213516,10.17,0.77,1.25
18:23:54,437.48,6,RTK_FIXED,31,36.0756952,136.213516,10.17,0.77,1.25
18:23:56,438.58,6,RTK_FIXED,31,36.0756952,136.213516,10.17,0.77,1.25
18:23:57,439.58,6,RTK_FIXED,31,36.0756952,136.213516,10.17,0.77,1.25
18:23:58,440.58,6,RTK_FIXED,31,36.0756952,136.213516,10.18,0.81,1.53
18:23:59,441.58,6,RTK_FIXED,31,36.0756952,136.213516,10.18,0.77,1.25
18:24:00,442.58,6,RTK_FIXED,31,36.0756952,136.213516,10.18,0.77,1.25
18:24:01,443.68,6,RTK_FIXED,31,36.0756952,136.213516,10.18,0.77,1.25
18:24:02,444.78,6,RTK_FIXED,31,36.0756952,136.213516,10.18,0.77,1.25
18:24:03,445.88,6,RTK_FIXED,31,36.0756952,136.213516,10.18,0.77,1.25
18:24:04,446.88,6,RTK_FIXED,31,36.0756952,136.213516,10.17,0.77,1.25
18:24:05,447.88,6,RTK_FIXED,31,36.0756952,136.213516,10.17,0.77,1.25
18:24:06,448.98,6,RTK_FIXED,31,36.0756952,136.213516,10.17,0.77,1.25
18:24:07,449.98,6,RTK_FIXED,31,36.0756951,136.213516,10.18,0.77,1.25
18:24:08,451.08,6,RTK_FIXED,31,36.0756952,136.213516,10.18,0.77,1.25
18:24:09,452.08,6,RTK_FIXED,31,36.0756952,136.213516,10.18,0.77,1.25
18:24:10,453.18,6,RTK_FIXED,31,36.0756952,136.213516,10.18,0.77,1.25
18:24:11,454.28,6,RTK_FIXED,31,36.0756952,136.213516,10.18,0.77,1.25
18:24:12,455.28,6,RTK_FIXED,31,36.0756952,136.213516,10.18,0.77,1.25
18:24:13,456.28,6,RTK_FIXED,31,36.0756952,136.213516,10.18,0.77,1.25
18:24:14,457.38,6,RTK_FIXED,31,36.0756952,136.213516,10.17,0.77,1.25
18:24:15,458.38,6,RTK_FIXED,30,36.0756951,136.213516,10.18,0.77,1.25
18:24:16,459.48,6,RTK_FIXED,30,36.0756951,136.213516,10.18,0.77,1.25
18:24:18,460.58,6,RTK_FIXED,30,36.0756951,136.213516,10.19,0.77,1.25
18:24:19,461.58,6,RTK_FIXED,30,36.0756951,136.213516,10.18,0.77,1.25
18:24:20,462.58,6,RTK_FIXED,30,36.0756951,136.213516,10.19,0.77,1.25
18:24:21,463.58,6,RTK_FIXED,30,36.0756952,136.213516,10.18,0.77,1.25
18:24:22,464.58,6,RTK_FIXED,30,36.0756952,136.213516,10.18,0.77,1.25
18:24:23,465.58,6,RTK_FIXED,30,36.0756951,136.213516,10.19,0.77,1.25
18:24:24,466.68,6,RTK_FIXED,30,36.0756952,136.213516,10.18,0.77,1.25
18:24:25,467.68,6,RTK_FIXED,30,36.0756952,136.213516,10.18,0.77,1.25
18:24:26,468.78,6,RTK_FIXED,30,36.0756952,136.213516,10.18,0.77,1.25
18:24:27,469.78,6,RTK_FIXED,30,36.0756952,136.213516,10.17,0.77,1.25
18:24:28,470.88,6,RTK_FIXED,30,36.0756952,136.213516,10.18,0.77,1.25
18:24:29,471.88,6,RTK_FIXED,30,36.0756952,136.213516,10.17,0.77,1.25
18:24:30,472.99,6,RTK_FIXED,29,36.0756952,136.213516,10.18,0.81,1.53
18:24:31,474.08,6,RTK_FIXED,30,36.0756952,136.213516,10.17,0.77,1.25
18:24:32,475.08,6,RTK_FIXED,30,36.0756952,136.213516,10.17,0.77,1.25
18:24:33,476.18,6,RTK_FIXED,30,36.0756952,136.213516,10.18,0.77,1.25
18:24:34,477.18,6,RTK_FIXED,30,36.0756952,136.213516,10.18,0.77,1.25
18:24:35,478.18,6,RTK_FIXED,30,36.0756952,136.213516,10.19,0.77,1.25
18:24:36,479.18,6,RTK_FIXED,31,36.0756952,136.213516,10.19,0.77,1.25
18:24:37,480.18,6,RTK_FIXED,31,36.0756952,136.213516,10.19,0.77,1.25
18:24:38,481.28,6,RTK_FIXED,31,36.0756952,136.213516,10.18,0.77,1.25
18:24:39,482.28,6,RTK_FIXED,31,36.0756952,136.213516,10.18,0.77,1.25
18:24:40,483.28,6,RTK_FIXED,31,36.0756952,136.213516,10.18,0.77,1.25
18:24:41,484.28,6,RTK_FIXED,31,36.0756952,136.213516,10.18,0.77,1.25
18:24:42,485.38,6,RTK_FIXED,31,36.0756952,136.213516,10.19,0.77,1.25
18:24:43,486.48,6,RTK_FIXED,31,36.0756952,136.213516,10.2,0.77,1.25
18:24:45,487.58,6,RTK_FIXED,31,36.0756952,136.213516,10.19,0.81,1.53
18:24:46,488.58,6,RTK_FIXED,31,36.0756952,136.213516,10.19,0.81,1.53
18:24:47,489.58,6,RTK_FIXED,31,36.0756951,136.213516,10.2,0.81,1.53
18:24:48,490.58,6,RTK_FIXED,31,36.0756951,136.2135161,10.2,0.81,1.53
18:24:49,491.58,6,RTK_FIXED,31,36.0756951,136.2135161,10.2,0.81,1.53
18:24:50,492.58,6,RTK_FIXED,31,36.0756952,136.213516,10.18,0.81,1.53
18:24:51,493.68,6,RTK_FIXED,31,36.0756952,136.213516,10.18,0.81,1.53
18:24:52,494.78,6,RTK_FIXED,30,36.0756952,136.213516,10.19,0.81,1.53
18:24:53,495.88,6,RTK_FIXED,30,36.0756952,136.213516,10.18,0.81,1.53
18:24:54,496.88,6,RTK_FIXED,30,36.0756952,136.213516,10.18,0.81,1.53
18:24:55,497.99,6,RTK_FIXED,30,36.0756952,136.2135159,10.17,0.81,1.53
18:24:56,499.08,6,RTK_FIXED,30,36.0756952,136.2135159,10.17,0.81,1.53
18:24:57,500.08,6,RTK_FIXED,30,36.0756952,136.2135159,10.17,0.81,1.53
18:24:58,501.18,6,RTK_FIXED,30,36.0756953,136.2135159,10.16,0.81,1.53
18:24:59,502.18,6,RTK_FIXED,30,36.0756953,136.2135159,10.17,0.81,1.53
18:25:00,503.18,6,RTK_FIXED,30,36.0756952,136.2135159,10.18,0.81,1.53
18:25:01,504.18,6,RTK_FIXED,30,36.0756952,136.2135159,10.18,0.81,1.53
18:25:02,505.18,6,RTK_FIXED,30,36.0756952,136.213516,10.18,0.81,1.53
18:25:03,506.18,6,RTK_FIXED,30,36.0756952,136.213516,10.18,0.81,1.53
18:25:04,507.28,6,RTK_FIXED,31,36.0756952,136.2135159,10.17,0.77,1.25
18:25:05,508.38,6,RTK_FIXED,30,36.0756952,136.2135159,10.18,0.81,1.53
18:25:06,509.38,6,RTK_FIXED,30,36.0756952,136.2135159,10.18,0.81,1.53
18:25:07,510.38,6,RTK_FIXED,30,36.0756952,136.2135159,10.18,0.81,1.53
18:25:08,511.49,6,RTK_FIXED,30,36.0756952,136.2135159,10.18,0.81,1.53
18:25:10,512.58,6,RTK_FIXED,30,36.0756952,136.2135159,10.17,0.81,1.53
18:25:11,513.58,6,RTK_FIXED,30,36.0756953,136.2135159,10.16,0.81,1.53
18:25:12,514.58,6,RTK_FIXED,30,36.0756953,136.2135158,10.16,0.81,1.53
18:25:13,515.58,6,RTK_FIXED,30,36.0756953,136.2135158,10.16,0.81,1.53
18:25:14,516.68,6,RTK_FIXED,30,36.0756952,136.213516,10.19,0.81,1.53
18:25:15,517.78,6,RTK_FIXED,30,36.0756952,136.213516,10.19,0.81,1.53
18:25:16,518.88,6,RTK_FIXED,30,36.0756952,136.213516,10.2,0.81,1.53
18:25:17,519.88,6,RTK_FIXED,30,36.0756952,136.213516,10.19,0.81,1.53
18:25:18,520.98,6,RTK_FIXED,30,36.0756952,136.213516,10.19,0.81,1.53
18:25:19,521.99,6,RTK_FIXED,30,36.0756952,136.213516,10.19,0.81,1.53
18:25:20,523.08,6,RTK_FIXED,30,36.0756952,136.213516,10.19,0.81,1.53
18:25:21,524.08,6,RTK_FIXED,30,36.0756952,136.213516,10.19,0.81,1.51
18:25:22,525.18,6,RTK_FIXED,30,36.0756952,136.2135159,10.19,0.81,1.51
18:25:23,526.18,6,RTK_FIXED,30,36.0756952,136.213516,10.19,0.81,1.51
18:25:24,527.18,6,RTK_FIXED,30,36.0756952,136.213516,10.19,0.81,1.51
18:25:25,528.28,6,RTK_FIXED,30,36.0756952,136.213516,10.19,0.81,1.51
18:25:26,529.38,6,RTK_FIXED,30,36.0756952,136.213516,10.19,0.81,1.51
18:25:27,530.38,6,RTK_FIXED,30,36.0756952,136.213516,10.19,0.81,1.51
18:25:28,531.48,6,RTK_FIXED,30,36.0756952,136.213516,10.18,0.81,1.51
18:25:29,532.48,6,RTK_FIXED,30,36.0756952,136.213516,10.19,0.81,1.51
18:25:30,533.49,6,RTK_FIXED,30,36.0756952,136.213516,10.19,0.81,1.51
18:25:32,534.58,6,RTK_FIXED,30,36.0756952,136.213516,10.18,0.81,1.51
18:25:33,535.58,6,RTK_FIXED,31,36.0756952,136.213516,10.19,0.81,1.51
18:25:34,536.58,6,RTK_FIXED,31,36.0756952,136.213516,10.18,0.81,1.51
18:25:35,537.68,6,RTK_FIXED,31,36.0756952,136.213516,10.19,0.81,1.51
18:25:36,538.78,6,RTK_FIXED,31,36.0756951,136.213516,10.2,0.81,1.51
18:25:37,539.78,6,RTK_FIXED,31,36.0756952,136.213516,10.18,0.81,1.51
18:25:38,540.78,6,RTK_FIXED,31,36.0756952,136.213516,10.17,0.81,1.51
18:25:39,541.88,6,RTK_FIXED,31,36.0756952,136.213516,10.17,0.81,1.51
18:25:40,542.88,6,RTK_FIXED,31,36.0756952,136.213516,10.17,0.81,1.51
18:25:41,543.99,6,RTK_FIXED,31,36.0756952,136.213516,10.17,0.81,1.51
18:25:42,544.99,6,RTK_FIXED,31,36.0756952,136.213516,10.17,0.81,1.51
18:25:43,545.99,6,RTK_FIXED,31,36.0756952,136.213516,10.17,0.81,1.51
18:25:44,547.08,6,RTK_FIXED,31,36.0756952,136.213516,10.18,0.81,1.51
18:25:45,548.08,6,RTK_FIXED,31,36.0756952,136.213516,10.17,0.81,1.51
18:25:46,549.18,6,RTK_FIXED,31,36.0756952,136.213516,10.18,0.81,1.51
18:25:47,550.28,6,RTK_FIXED,31,36.0756952,136.213516,10.18,0.81,1.51
18:25:48,551.38,6,RTK_FIXED,31,36.0756952,136.213516,10.18,0.81,1.51
18:25:49,552.49,6,RTK_FIXED,31,36.0756952,136.213516,10.18,0.81,1.51
18:25:50,553.49,6,RTK_FIXED,31,36.0756952,136.213516,10.18,0.81,1.51
18:25:51,554.49,6,RTK_FIXED,31,36.0756952,136.213516,10.18,0.81,1.51
18:25:53,555.58,6,RTK_FIXED,31,36.0756952,136.213516,10.17,0.81,1.51
18:25:54,556.58,6,RTK_FIXED,30,36.0756952,136.213516,10.18,0.81,1.51
18:25:55,557.68,6,RTK_FIXED,30,36.0756952,136.213516,10.19,0.81,1.51
18:25:56,558.68,6,RTK_FIXED,30,36.0756952,136.213516,10.18,0.81,1.51
18:25:57,559.78,6,RTK_FIXED,30,36.0756952,136.213516,10.18,0.81,1.51
18:25:58,560.88,6,RTK_FIXED,30,36.0756952,136.213516,10.19,0.81,1.51
18:25:59,561.88,6,RTK_FIXED,30,36.0756952,136.213516,10.18,0.81,1.51
18:26:00,562.88,6,RTK_FIXED,30,36.0756953,136.213516,10.17,0.81,1.51
18:26:01,563.99,6,RTK_FIXED,30,36.0756952,136.213516,10.17,0.81,1.51
18:26:02,565.08,6,RTK_FIXED,30,36.0756952,136.213516,10.17,0.81,1.51
18:26:03,566.18,6,RTK_FIXED,30,36.0756952,136.213516,10.16,0.81,1.51
18:26:04,567.18,6,RTK_FIXED,31,36.0756952,136.213516,10.17,0.81,1.51
18:26:05,568.18,6,RTK_FIXED,30,36.0756952,136.213516,10.16,0.81,1.51
18:26:06,569.28,6,RTK_FIXED,30,36.0756952,136.213516,10.16,0.81,1.51
18:26:07,570.28,6,RTK_FIXED,30,36.0756952,136.213516,10.17,0.81,1.51
18:26:08,571.38,6,RTK_FIXED,30,36.0756952,136.213516,10.17,0.81,1.51
18:26:09,572.38,6,RTK_FIXED,30,36.0756952,136.2135161,10.17,0.81,1.51
18:26:10,573.49,6,RTK_FIXED,30,36.0756952,136.213516,10.17,0.81,1.51
18:26:12,574.58,6,RTK_FIXED,30,36.0756952,136.213516,10.17,0.81,1.51
18:26:13,575.58,6,RTK_FIXED,30,36.0756952,136.213516,10.17,0.81,1.51
18:26:14,576.58,6,RTK_FIXED,30,36.0756952,136.213516,10.17,0.81,1.51
18:26:15,577.68,6,RTK_FIXED,30,36.0756952,136.213516,10.17,0.81,1.51
18:26:16,578.78,6,RTK_FIXED,30,36.0756952,136.213516,10.18,0.81,1.51
18:26:17,579.78,6,RTK_FIXED,30,36.0756952,136.2135161,10.18,0.81,1.51
18:26:18,580.78,6,RTK_FIXED,30,36.0756952,136.2135161,10.18,0.81,1.51
18:26:19,581.88,6,RTK_FIXED,30,36.0756951,136.213516,10.18,0.81,1.51
18:26:20,582.88,6,RTK_FIXED,30,36.0756952,136.2135161,10.18,0.81,1.51
18:26:21,583.99,6,RTK_FIXED,30,36.0756952,136.2135161,10.18,0.81,1.51
18:26:22,585.08,6,RTK_FIXED,30,36.0756952,136.2135161,10.19,0.81,1.51
18:26:23,586.18,6,RTK_FIXED,30,36.0756952,136.2135161,10.19,0.81,1.51
18:26:24,587.18,6,RTK_FIXED,30,36.0756951,136.2135161,10.2,0.81,1.51
18:26:25,588.28,6,RTK_FIXED,30,36.0756952,136.2135161,10.19,0.81,1.51
18:26:26,589.28,6,RTK_FIXED,30,36.0756952,136.2135161,10.19,0.81,1.51
18:26:27,590.38,6,RTK_FIXED,30,36.0756952,136.213516,10.17,0.81,1.51
18:26:28,591.38,6,RTK_FIXED,30,36.0756952,136.213516,10.17,0.81,1.51
18:26:29,592.49,6,RTK_FIXED,30,36.0756952,136.213516,10.17,0.81,1.51
18:26:31,593.58,6,RTK_FIXED,30,36.0756952,136.213516,10.17,0.81,1.51
18:26:32,594.68,6,RTK_FIXED,30,36.0756952,136.213516,10.17,0.81,1.51
18:26:33,595.68,6,RTK_FIXED,30,36.0756952,136.213516,10.17,0.81,1.51
18:26:34,596.68,6,RTK_FIXED,30,36.0756952,136.213516,10.17,0.81,1.51
18:26:35,597.78,6,RTK_FIXED,30,36.0756952,136.213516,10.17,0.81,1.51
18:26:36,598.78,6,RTK_FIXED,30,36.0756952,136.213516,10.16,0.81,1.51
18:26:37,599.88,6,RTK_FIXED,31,36.0756952,136.213516,10.17,0.81,1.51
18:26:38,600.99,6,RTK_FIXED,31,36.0756952,136.213516,10.17,0.81,1.51
18:26:39,601.99,6,RTK_FIXED,31,36.0756952,136.213516,10.17,0.81,1.51
18:26:40,603.08,6,RTK_FIXED,31,36.0756952,136.213516,10.16,0.81,1.51
18:26:41,604.18,6,RTK_FIXED,31,36.0756952,136.213516,10.17,0.81,1.51
18:26:42,605.28,6,RTK_FIXED,31,36.0756952,136.213516,10.17,0.81,1.51
18:26:43,606.28,6,RTK_FIXED,31,36.0756952,136.213516,10.17,0.81,1.51
18:26:44,607.38,6,RTK_FIXED,31,36.0756952,136.213516,10.17,0.81,1.51
18:26:45,608.49,6,RTK_FIXED,31,36.0756952,136.213516,10.17,0.81,1.51
18:26:46,609.49,6,RTK_FIXED,31,36.0756952,136.213516,10.17,0.81,1.51
18:26:48,610.58,6,RTK_FIXED,31,36.0756951,136.213516,10.18,0.81,1.51
18:26:49,611.58,6,RTK_FIXED,31,36.0756951,136.213516,10.18,0.81,1.51
18:26:50,612.68,6,RTK_FIXED,31,36.0756952,136.213516,10.17,0.81,1.51
18:26:51,613.68,6,RTK_FIXED,31,36.0756951,136.213516,10.18,0.81,1.51
18:26:52,614.78,6,RTK_FIXED,31,36.0756952,136.213516,10.18,0.81,1.51
18:26:53,615.78,6,RTK_FIXED,31,36.0756952,136.213516,10.17,0.81,1.51
18:26:54,616.88,6,RTK_FIXED,31,36.0756952,136.213516,10.18,0.81,1.51
18:26:55,617.99,6,RTK_FIXED,31,36.0756951,136.213516,10.19,0.81,1.51
18:26:56,619.08,6,RTK_FIXED,31,36.0756952,136.213516,10.19,0.81,1.51
18:26:57,620.18,6,RTK_FIXED,31,36.0756952,136.213516,10.17,0.81,1.51
18:26:58,621.28,6,RTK_FIXED,31,36.0756952,136.213516,10.19,0.81,1.51
18:26:59,622.28,6,RTK_FIXED,31,36.0756952,136.213516,10.18,0.81,1.51
18:27:00,623.28,6,RTK_FIXED,31,36.0756952,136.2135161,10.19,0.81,1.51
18:27:01,624.38,6,RTK_FIXED,31,36.0756952,136.213516,10.18,0.81,1.51
18:27:02,625.49,6,RTK_FIXED,31,36.0756952,136.2135161,10.19,0.81,1.51
18:27:04,626.58,6,RTK_FIXED,31,36.0756952,136.2135161,10.19,0.81,1.51
18:27:05,627.58,6,RTK_FIXED,31,36.0756952,136.213516,10.18,0.81,1.51
18:27:06,628.58,6,RTK_FIXED,31,36.0756952,136.2135161,10.2,0.81,1.51
18:27:07,629.58,6,RTK_FIXED,31,36.0756951,136.213516,10.19,0.81,1.51
18:27:08,630.68,6,RTK_FIXED,31,36.0756952,136.213516,10.18,0.81,1.51
18:27:09,631.68,6,RTK_FIXED,31,36.0756952,136.2135161,10.18,0.81,1.51
18:27:10,632.68,6,RTK_FIXED,31,36.0756952,136.2135161,10.18,0.81,1.51
18:27:11,633.68,6,RTK_FIXED,31,36.0756952,136.213516,10.17,0.81,1.51
18:27:12,634.68,6,RTK_FIXED,31,36.0756951,136.2135161,10.19,0.81,1.51
18:27:13,635.68,6,RTK_FIXED,31,36.0756951,136.213516,10.19,0.81,1.51
18:27:14,636.68,6,RTK_FIXED,31,36.0756952,136.2135161,10.19,0.81,1.51
18:27:15,637.68,6,RTK_FIXED,31,36.0756951,136.213516,10.19,0.81,1.51
18:27:16,638.78,6,RTK_FIXED,31,36.0756952,136.213516,10.19,0.81,1.51
18:27:17,639.78,6,RTK_FIXED,31,36.0756952,136.213516,10.19,0.81,1.51
18:27:18,640.78,6,RTK_FIXED,31,36.0756952,136.213516,10.19,0.81,1.51
18:27:19,641.88,6,RTK_FIXED,31,36.0756952,136.213516,10.2,0.81,1.51
18:27:20,642.88,6,RTK_FIXED,31,36.0756952,136.213516,10.19,0.81,1.51
18:27:21,643.99,6,RTK_FIXED,31,36.0756952,136.213516,10.19,0.81,1.51
18:27:22,645.08,6,RTK_FIXED,31,36.0756952,136.213516,10.19,0.81,1.51
18:27:23,646.08,6,RTK_FIXED,31,36.0756952,136.213516,10.19,0.81,1.51
18:27:24,647.18,6,RTK_FIXED,31,36.0756952,136.213516,10.19,0.81,1.51
18:27:25,648.18,6,RTK_FIXED,31,36.0756952,136.213516,10.19,0.81,1.51
18:27:26,649.18,6,RTK_FIXED,31,36.0756952,136.213516,10.19,0.81,1.51
18:27:27,650.28,6,RTK_FIXED,31,36.0756952,136.213516,10.19,0.81,1.51
18:27:28,651.28,6,RTK_FIXED,31,36.0756952,136.213516,10.19,0.81,1.51
18:27:29,652.28,6,RTK_FIXED,31,36.0756952,136.213516,10.19,0.81,1.51
18:27:30,653.38,6,RTK_FIXED,31,36.0756952,136.213516,10.19,0.81,1.51
18:27:31,654.38,6,RTK_FIXED,31,36.0756952,136.213516,10.2,0.81,1.51
18:27:32,655.49,6,RTK_FIXED,31,36.0756952,136.213516,10.19,0.72,1.36
18:27:34,656.58,6,RTK_FIXED,31,36.0756952,136.2135161,10.19,0.72,1.36
18:27:35,657.68,6,RTK_FIXED,31,36.0756952,136.213516,10.2,0.72,1.36
18:27:36,658.68,6,RTK_FIXED,31,36.0756952,136.213516,10.19,0.72,1.36
18:27:37,659.78,6,RTK_FIXED,31,36.0756952,136.213516,10.19,0.72,1.36
18:27:38,660.78,6,RTK_FIXED,31,36.0756952,136.213516,10.19,0.72,1.36
18:27:39,661.88,6,RTK_FIXED,31,36.0756952,136.213516,10.2,0.72,1.36
18:27:40,662.88,6,RTK_FIXED,31,36.0756952,136.213516,10.2,0.72,1.36
18:27:41,663.99,6,RTK_FIXED,31,36.0756952,136.213516,10.2,0.72,1.36
18:27:42,665.08,6,RTK_FIXED,31,36.0756952,136.213516,10.19,0.72,1.36
18:27:43,666.08,6,RTK_FIXED,31,36.0756952,136.2135161,10.2,0.72,1.36
18:27:44,667.08,6,RTK_FIXED,31,36.0756952,136.2135161,10.21,0.72,1.36
18:27:45,668.18,6,RTK_FIXED,31,36.0756952,136.2135161,10.21,0.72,1.36
18:27:46,669.28,6,RTK_FIXED,31,36.0756952,136.2135161,10.2,0.72,1.36
18:27:47,670.38,6,RTK_FIXED,31,36.0756952,136.2135161,10.21,0.72,1.36
18:27:48,671.38,6,RTK_FIXED,31,36.0756952,136.2135161,10.2,0.72,1.36
18:27:49,672.49,6,RTK_FIXED,31,36.0756952,136.213516,10.2,0.72,1.36
18:27:51,673.58,6,RTK_FIXED,30,36.0756952,136.213516,10.2,0.72,1.36
18:27:52,674.58,6,RTK_FIXED,30,36.0756952,136.213516,10.2,0.72,1.36
18:27:53,675.58,6,RTK_FIXED,30,36.0756952,136.213516,10.2,0.72,1.36
18:27:54,676.68,6,RTK_FIXED,30,36.0756952,136.213516,10.2,0.72,1.36
18:27:55,677.78,6,RTK_FIXED,31,36.0756952,136.2135161,10.2,0.72,1.36
18:27:56,678.78,6,RTK_FIXED,31,36.0756951,136.2135161,10.21,0.72,1.36
18:27:57,679.88,6,RTK_FIXED,31,36.0756952,136.213516,10.2,0.72,1.36
18:27:58,680.88,6,RTK_FIXED,31,36.0756951,136.2135161,10.22,0.72,1.36
18:27:59,681.88,6,RTK_FIXED,31,36.0756952,136.2135161,10.21,0.72,1.36
18:28:00,682.99,6,RTK_FIXED,31,36.0756952,136.2135161,10.21,0.72,1.36
18:28:01,683.99,6,RTK_FIXED,31,36.0756952,136.2135161,10.2,0.72,1.36
18:28:02,684.99,6,RTK_FIXED,31,36.0756952,136.2135161,10.2,0.72,1.36
18:28:03,686.08,6,RTK_FIXED,31,36.0756952,136.213516,10.2,0.72,1.36
18:28:04,687.18,6,RTK_FIXED,31,36.0756952,136.213516,10.19,0.72,1.36
18:28:05,688.28,6,RTK_FIXED,31,36.0756952,136.213516,10.2,0.72,1.36
18:28:06,689.28,6,RTK_FIXED,31,36.0756952,136.213516,10.19,0.72,1.36
18:28:07,690.38,6,RTK_FIXED,31,36.0756952,136.213516,10.19,0.72,1.36
18:28:08,691.49,6,RTK_FIXED,30,36.0756952,136.2135161,10.2,0.72,1.36
18:28:10,692.58,6,RTK_FIXED,30,36.0756952,136.2135161,10.2,0.72,1.36
18:28:11,693.58,6,RTK_FIXED,30,36.0756952,136.2135161,10.2,0.72,1.36
18:28:12,694.68,6,RTK_FIXED,30,36.0756952,136.213516,10.2,0.72,1.36
18:28:13,695.68,6,RTK_FIXED,30,36.0756952,136.2135161,10.2,0.72,1.36
18:28:14,696.68,6,RTK_FIXED,30,36.0756952,136.2135161,10.19,0.72,1.36
18:28:15,697.78,6,RTK_FIXED,30,36.0756952,136.213516,10.19,0.72,1.36
18:28:16,698.88,6,RTK_FIXED,30,36.0756952,136.2135161,10.2,0.72,1.36
18:28:17,699.88,6,RTK_FIXED,30,36.0756952,136.2135161,10.2,0.72,1.36
18:28:18,700.88,6,RTK_FIXED,30,36.0756952,136.2135161,10.2,0.72,1.36
18:28:19,701.88,6,RTK_FIXED,30,36.0756952,136.213516,10.19,0.72,1.36
18:28:20,702.88,6,RTK_FIXED,30,36.0756952,136.2135161,10.21,0.72,1.36
18:28:21,703.88,6,RTK_FIXED,30,36.0756952,136.2135161,10.19,0.72,1.36
18:28:22,704.99,6,RTK_FIXED,30,36.0756952,136.213516,10.19,0.72,1.36
18:28:23,705.99,6,RTK_FIXED,30,36.0756952,136.2135161,10.2,0.72,1.36
18:28:24,707.08,6,RTK_FIXED,30,36.0756952,136.213516,10.18,0.72,1.36
18:28:25,708.19,6,RTK_FIXED,30,36.0756952,136.213516,10.18,0.72,1.36
18:28:26,709.28,6,RTK_FIXED,30,36.0756952,136.213516,10.18,0.72,1.36
18:28:27,710.38,6,RTK_FIXED,30,36.0756952,136.213516,10.19,0.72,1.36
18:28:28,711.38,6,RTK_FIXED,30,36.0756952,136.213516,10.19,0.72,1.36
18:28:29,712.38,6,RTK_FIXED,29,36.0756952,136.213516,10.2,0.72,1.36
18:28:30,713.49,6,RTK_FIXED,29,36.0756952,136.2135161,10.2,0.72,1.36
18:28:31,714.49,6,RTK_FIXED,29,36.0756952,136.213516,10.19,0.72,1.36
18:28:32,715.49,6,RTK_FIXED,29,36.0756952,136.2135161,10.2,0.72,1.36
18:28:33,716.49,6,RTK_FIXED,29,36.0756952,136.2135161,10.19,0.72,1.36
18:28:34,717.49,6,RTK_FIXED,29,36.0756952,136.213516,10.19,0.72,1.36
18:28:35,718.49,6,RTK_FIXED,29,36.0756952,136.2135161,10.18,0.72,1.36
18:28:37,719.58,6,RTK_FIXED,29,36.0756952,136.213516,10.18,0.72,1.36
18:28:38,720.59,6,RTK_FIXED,29,36.0756952,136.213516,10.18,0.72,1.36
18:28:39,721.69,6,RTK_FIXED,29,36.0756952,136.2135161,10.18,0.72,1.36
18:28:40,722.69,6,RTK_FIXED,29,36.0756952,136.2135161,10.18,0.72,1.36
18:28:41,723.79,6,RTK_FIXED,29,36.0756952,136.2135161,10.17,0.72,1.36
18:28:42,724.88,6,RTK_FIXED,29,36.0756952,136.213516,10.18,0.72,1.36
18:28:43,725.89,6,RTK_FIXED,29,36.0756952,136.2135161,10.19,0.72,1.36
18:28:44,726.89,6,RTK_FIXED,29,36.0756952,136.2135161,10.17,0.72,1.36
18:28:45,727.89,6,RTK_FIXED,29,36.0756952,136.2135161,10.18,0.72,1.36
18:28:46,728.99,6,RTK_FIXED,29,36.0756952,136.213516,10.17,0.72,1.36
18:28:47,729.99,6,RTK_FIXED,29,36.0756952,136.2135161,10.18,0.72,1.36
18:28:48,731.09,6,RTK_FIXED,29,36.0756952,136.213516,10.18,0.72,1.36
18:28:49,732.09,6,RTK_FIXED,29,36.0756952,136.213516,10.18,0.72,1.36
18:28:50,733.19,6,RTK_FIXED,29,36.0756952,136.213516,10.18,0.72,1.36
18:28:51,734.19,6,RTK_FIXED,30,36.0756952,136.213516,10.18,0.72,1.36
18:28:52,735.29,6,RTK_FIXED,30,36.0756953,136.2135161,10.17,0.72,1.36
18:28:53,736.29,6,RTK_FIXED,30,36.0756952,136.2135161,10.18,0.72,1.36
18:28:54,737.39,6,RTK_FIXED,30,36.0756952,136.2135161,10.18,0.72,1.36
18:28:55,738.39,6,RTK_FIXED,30,36.0756953,136.2135161,10.17,0.72,1.36
18:28:56,739.49,6,RTK_FIXED,30,36.0756952,136.2135161,10.18,0.72,1.36
18:28:58,740.59,6,RTK_FIXED,29,36.0756952,136.2135161,10.18,0.72,1.36
18:28:59,741.59,6,RTK_FIXED,29,36.0756952,136.2135161,10.18,0.72,1.36
18:29:00,742.69,6,RTK_FIXED,30,36.0756952,136.2135161,10.18,0.72,1.36
18:29:01,743.69,6,RTK_FIXED,29,36.0756952,136.2135161,10.19,0.72,1.36
18:29:02,744.79,6,RTK_FIXED,29,36.0756952,136.213516,10.18,0.72,1.36
18:29:03,745.79,6,RTK_FIXED,29,36.0756953,136.2135161,10.19,0.72,1.36
18:29:04,746.79,6,RTK_FIXED,29,36.0756953,136.2135161,10.18,0.72,1.36
18:29:05,747.89,6,RTK_FIXED,30,36.0756952,136.213516,10.18,0.72,1.36
18:29:06,748.89,6,RTK_FIXED,30,36.0756952,136.213516,10.17,0.72,1.36
18:29:07,749.99,6,RTK_FIXED,30,36.0756952,136.2135161,10.19,0.72,1.36
18:29:08,751.09,6,RTK_FIXED,30,36.0756952,136.2135161,10.18,0.72,1.36
18:29:09,752.19,6,RTK_FIXED,30,36.0756952,136.213516,10.18,0.72,1.36
18:29:10,753.19,6,RTK_FIXED,30,36.0756952,136.2135161,10.18,0.72,1.36
18:29:11,754.19,6,RTK_FIXED,30,36.0756952,136.2135161,10.18,0.72,1.36
18:29:12,755.29,6,RTK_FIXED,30,36.0756952,136.2135161,10.19,0.72,1.36
18:29:13,756.39,6,RTK_FIXED,30,36.0756952,136.2135161,10.19,0.72,1.36
18:29:14,757.39,6,RTK_FIXED,30,36.0756953,136.213516,10.18,0.72,1.36
18:29:15,758.49,6,RTK_FIXED,30,36.0756953,136.213516,10.18,0.72,1.36
18:29:17,759.59,6,RTK_FIXED,30,36.0756952,136.213516,10.18,0.72,1.36
18:29:18,760.59,6,RTK_FIXED,30,36.0756953,136.213516,10.18,0.72,1.36
18:29:19,761.59,6,RTK_FIXED,30,36.0756952,136.213516,10.18,0.72,1.36
18:29:20,762.59,6,RTK_FIXED,30,36.0756953,136.213516,10.18,0.72,1.36
18:29:21,763.69,6,RTK_FIXED,30,36.0756953,136.213516,10.19,0.72,1.36
18:29:22,764.69,6,RTK_FIXED,30,36.0756952,136.213516,10.19,0.72,1.36
18:29:23,765.79,6,RTK_FIXED,30,36.0756952,136.213516,10.19,0.72,1.36
18:29:24,766.89,6,RTK_FIXED,30,36.0756952,136.213516,10.18,0.72,1.36
18:29:25,767.89,6,RTK_FIXED,30,36.0756952,136.213516,10.18,0.72,1.36
18:29:26,768.89,6,RTK_FIXED,30,36.0756952,136.213516,10.2,0.72,1.36
18:29:27,769.89,6,RTK_FIXED,30,36.0756952,136.213516,10.19,0.72,1.36
18:29:28,770.99,6,RTK_FIXED,30,36.0756953,136.213516,10.18,0.72,1.36
18:29:29,771.99,6,RTK_FIXED,30,36.0756952,136.2135161,10.19,0.72,1.36
18:29:30,772.99,6,RTK_FIXED,30,36.0756952,136.2135161,10.2,0.72,1.36
18:29:31,774.09,6,RTK_FIXED,30,36.0756952,136.2135161,10.19,0.72,1.36
18:29:32,775.19,6,RTK_FIXED,30,36.0756952,136.2135161,10.19,0.72,1.36
18:29:33,776.29,6,RTK_FIXED,30,36.0756953,136.2135161,10.19,0.72,1.36
18:29:34,777.29,6,RTK_FIXED,30,36.0756952,136.2135161,10.19,0.72,1.36
18:29:35,778.39,6,RTK_FIXED,30,36.0756952,136.2135161,10.19,0.72,1.36
18:29:36,779.39,6,RTK_FIXED,30,36.0756952,136.2135161,10.2,0.72,1.36
18:29:37,780.39,6,RTK_FIXED,30,36.0756952,136.2135161,10.19,0.72,1.36
18:29:38,781.49,6,RTK_FIXED,30,36.0756952,136.2135161,10.2,0.72,1.36
18:29:39,782.49,6,RTK_FIXED,30,36.0756952,136.2135161,10.21,0.72,1.36
18:29:41,783.59,6,RTK_FIXED,30,36.0756952,136.2135161,10.21,0.72,1.36
18:29:42,784.59,6,RTK_FIXED,30,36.0756952,136.2135161,10.2,0.72,1.36
18:29:43,785.59,6,RTK_FIXED,30,36.0756951,136.2135161,10.21,0.72,1.36
18:29:44,786.59,6,RTK_FIXED,29,36.0756951,136.2135161,10.21,0.72,1.36
18:29:45,787.69,6,RTK_FIXED,29,36.0756951,136.2135161,10.21,0.72,1.36
18:29:46,788.79,6,RTK_FIXED,29,36.0756952,136.2135161,10.2,0.72,1.36
18:29:47,789.79,6,RTK_FIXED,29,36.0756951,136.2135161,10.21,0.72,1.36
18:29:48,790.89,6,RTK_FIXED,29,36.0756951,136.2135161,10.21,0.72,1.36
18:29:49,791.99,6,RTK_FIXED,29,36.0756951,136.2135161,10.22,0.72,1.36
18:29:50,792.99,6,RTK_FIXED,29,36.0756952,136.2135161,10.2,0.72,1.36
18:29:51,794.09,6,RTK_FIXED,29,36.0756952,136.2135162,10.21,0.72,1.36
18:29:52,795.09,6,RTK_FIXED,30,36.0756951,136.2135162,10.22,0.72,1.36
18:29:53,796.19,6,RTK_FIXED,30,36.0756952,136.2135162,10.21,0.72,1.36
18:29:54,797.29,6,RTK_FIXED,30,36.0756952,136.2135162,10.21,0.72,1.36
18:29:55,798.29,6,RTK_FIXED,30,36.0756952,136.2135162,10.21,0.72,1.36
18:29:56,799.39,6,RTK_FIXED,30,36.0756952,136.2135161,10.19,0.72,1.36
18:29:57,800.49,6,RTK_FIXED,30,36.0756952,136.2135161,10.19,0.72,1.36
18:29:58,801.49,6,RTK_FIXED,30,36.0756952,136.2135161,10.19,0.72,1.36
18:30:00,802.59,6,RTK_FIXED,30,36.0756952,136.2135161,10.19,0.72,1.36
18:30:01,803.59,6,RTK_FIXED,30,36.0756952,136.2135161,10.19,0.72,1.36
18:30:02,804.69,6,RTK_FIXED,30,36.0756952,136.2135161,10.19,0.72,1.36
18:30:03,805.79,6,RTK_FIXED,30,36.0756952,136.2135161,10.18,0.72,1.36
18:30:04,806.89,6,RTK_FIXED,30,36.0756952,136.2135161,10.19,0.72,1.36
18:30:05,807.89,6,RTK_FIXED,30,36.0756952,136.2135161,10.18,0.72,1.36
18:30:06,808.89,6,RTK_FIXED,30,36.0756952,136.2135161,10.19,0.72,1.36
18:30:07,809.99,6,RTK_FIXED,30,36.0756952,136.2135161,10.19,0.72,1.36
18:30:08,811.09,6,RTK_FIXED,30,36.0756952,136.2135161,10.2,0.72,1.36
18:30:09,812.09,6,RTK_FIXED,30,36.0756952,136.2135161,10.2,0.72,1.36
18:30:10,813.09,6,RTK_FIXED,30,36.0756952,136.2135161,10.19,0.72,1.36
18:30:11,814.09,6,RTK_FIXED,30,36.0756952,136.2135161,10.18,0.72,1.36
18:30:12,815.19,6,RTK_FIXED,30,36.0756952,136.2135161,10.18,0.72,1.36
18:30:13,816.19,6,RTK_FIXED,30,36.0756952,136.2135161,10.18,0.72,1.36
18:30:14,817.19,6,RTK_FIXED,30,36.0756952,136.2135161,10.19,0.72,1.36
18:30:15,818.29,6,RTK_FIXED,30,36.0756952,136.213516,10.18,0.72,1.36
18:30:16,819.29,6,RTK_FIXED,30,36.0756952,136.213516,10.18,0.72,1.36
18:30:17,820.39,6,RTK_FIXED,29,36.0756952,136.213516,10.18,0.72,1.36
18:30:18,821.39,6,RTK_FIXED,29,36.0756952,136.213516,10.18,0.72,1.36
18:30:19,822.49,6,RTK_FIXED,29,36.0756952,136.213516,10.18,0.72,1.36
18:30:21,823.59,6,RTK_FIXED,29,36.0756952,136.2135161,10.18,0.72,1.36
18:30:22,824.59,6,RTK_FIXED,29,36.0756952,136.213516,10.18,0.72,1.36
18:30:23,825.59,6,RTK_FIXED,29,36.0756952,136.213516,10.18,0.72,1.36
18:30:24,826.59,6,RTK_FIXED,29,36.0756952,136.213516,10.18,0.72,1.36
18:30:25,827.69,6,RTK_FIXED,29,36.0756952,136.2135161,10.18,0.72,1.36
18:30:26,828.79,6,RTK_FIXED,29,36.0756952,136.213516,10.18,0.72,1.36
18:30:27,829.89,6,RTK_FIXED,29,36.0756953,136.213516,10.18,0.72,1.36
18:30:28,830.89,6,RTK_FIXED,29,36.0756952,136.213516,10.18,0.72,1.36
18:30:29,831.89,6,RTK_FIXED,29,36.0756952,136.213516,10.18,0.72,1.36
18:30:30,832.99,6,RTK_FIXED,30,36.0756952,136.213516,10.19,0.72,1.36
18:30:31,833.99,6,RTK_FIXED,30,36.0756952,136.213516,10.19,0.72,1.36
18:30:32,835.0,6,RTK_FIXED,30,36.0756952,136.213516,10.18,0.72,1.36
18:30:33,836.09,6,RTK_FIXED,30,36.0756952,136.2135161,10.18,0.72,1.36
18:30:34,837.19,6,RTK_FIXED,30,36.0756952,136.213516,10.18,0.72,1.36
18:30:35,838.19,6,RTK_FIXED,30,36.0756952,136.213516,10.18,0.72,1.36
18:30:36,839.29,6,RTK_FIXED,30,36.0756952,136.213516,10.18,0.72,1.36
18:30:37,840.39,6,RTK_FIXED,30,36.0756952,136.213516,10.19,0.72,1.36
18:30:38,841.39,6,RTK_FIXED,30,36.0756952,136.213516,10.19,0.72,1.36
18:30:39,842.39,6,RTK_FIXED,30,36.0756952,136.213516,10.19,0.72,1.36
18:30:40,843.39,6,RTK_FIXED,30,36.0756952,136.213516,10.19,0.72,1.36
18:30:41,844.5,6,RTK_FIXED,30,36.0756952,136.213516,10.19,0.72,1.36
18:30:43,845.59,6,RTK_FIXED,30,36.0756952,136.213516,10.2,0.72,1.36
18:30:44,846.59,6,RTK_FIXED,30,36.0756952,136.213516,10.19,0.72,1.36
18:30:45,847.69,6,RTK_FIXED,30,36.0756952,136.213516,10.19,0.72,1.36
18:30:46,848.69,6,RTK_FIXED,30,36.0756952,136.213516,10.19,0.72,1.36
18:30:47,849.69,6,RTK_FIXED,30,36.0756952,136.213516,10.19,0.72,1.36
18:30:48,850.79,6,RTK_FIXED,30,36.0756952,136.213516,10.19,0.72,1.36
18:30:49,851.79,6,RTK_FIXED,30,36.0756952,136.213516,10.19,0.72,1.36
18:30:50,852.89,6,RTK_FIXED,30,36.0756952,136.213516,10.21,0.72,1.36
18:30:51,853.89,6,RTK_FIXED,30,36.0756952,136.213516,10.19,0.72,1.36
18:30:52,854.89,6,RTK_FIXED,30,36.0756952,136.213516,10.2,0.72,1.36
18:30:53,856.0,6,RTK_FIXED,30,36.0756951,136.213516,10.2,0.72,1.36
18:30:54,857.09,6,RTK_FIXED,30,36.0756952,136.213516,10.19,0.72,1.36
18:30:55,858.19,6,RTK_FIXED,30,36.0756952,136.213516,10.19,0.72,1.36
18:30:56,859.19,6,RTK_FIXED,30,36.0756952,136.213516,10.19,0.72,1.36
18:30:57,860.29,6,RTK_FIXED,30,36.0756951,136.213516,10.2,0.72,1.36
18:30:58,861.39,6,RTK_FIXED,30,36.0756952,136.213516,10.2,0.72,1.36
18:30:59,862.5,6,RTK_FIXED,30,36.0756952,136.213516,10.19,0.72,1.36
18:31:00,863.5,6,RTK_FIXED,30,36.0756952,136.213516,10.2,0.72,1.36
18:31:01,864.5,6,RTK_FIXED,30,36.0756951,136.213516,10.2,0.72,1.36
18:31:03,865.59,6,RTK_FIXED,30,36.0756951,136.213516,10.2,0.72,1.36
18:31:04,866.69,6,RTK_FIXED,30,36.0756951,136.213516,10.2,0.72,1.36
18:31:05,867.79,6,RTK_FIXED,30,36.0756951,136.213516,10.19,0.72,1.36
18:31:06,868.79,6,RTK_FIXED,30,36.0756951,136.213516,10.19,0.72,1.36
18:31:07,869.89,6,RTK_FIXED,30,36.0756951,136.213516,10.2,0.72,1.36
18:31:08,870.89,6,RTK_FIXED,30,36.0756951,136.213516,10.2,0.72,1.36
18:31:09,871.89,6,RTK_FIXED,30,36.0756952,136.2135159,10.19,0.72,1.36
18:31:10,872.89,6,RTK_FIXED,30,36.0756952,136.2135159,10.18,0.72,1.36
18:31:11,873.89,6,RTK_FIXED,30,36.0756951,136.213516,10.19,0.72,1.36
18:31:12,875.0,6,RTK_FIXED,30,36.0756951,136.213516,10.2,0.72,1.36
18:31:13,876.09,6,RTK_FIXED,30,36.0756951,136.213516,10.19,0.72,1.36
18:31:14,877.09,6,RTK_FIXED,30,36.0756951,136.213516,10.19,0.72,1.36
18:31:15,878.09,6,RTK_FIXED,30,36.0756951,136.213516,10.19,0.72,1.36
18:31:16,879.19,6,RTK_FIXED,30,36.0756951,136.2135159,10.19,0.72,1.36
18:31:17,880.29,6,RTK_FIXED,30,36.0756951,136.2135159,10.19,0.72,1.36
18:31:18,881.29,6,RTK_FIXED,30,36.0756951,136.213516,10.2,0.72,1.36
18:31:19,882.29,6,RTK_FIXED,30,36.0756951,136.213516,10.2,0.72,1.36
18:31:20,883.39,6,RTK_FIXED,30,36.0756951,136.213516,10.2,0.72,1.36
18:31:21,884.39,6,RTK_FIXED,30,36.0756951,136.213516,10.2,0.72,1.36
18:31:22,885.5,6,RTK_FIXED,30,36.0756951,136.213516,10.2,0.72,1.36
18:31:24,886.59,6,RTK_FIXED,30,36.0756951,136.2135159,10.2,0.72,1.36
18:31:25,887.59,6,RTK_FIXED,30,36.0756951,136.213516,10.19,0.72,1.36
18:31:26,888.69,6,RTK_FIXED,30,36.0756951,136.213516,10.19,0.72,1.36
18:31:27,889.69,6,RTK_FIXED,30,36.0756951,136.213516,10.19,0.72,1.36
18:31:28,890.69,6,RTK_FIXED,30,36.0756951,136.213516,10.19,0.72,1.36
18:31:29,891.69,6,RTK_FIXED,30,36.0756951,136.213516,10.19,0.72,1.36
18:31:30,892.69,6,RTK_FIXED,30,36.0756951,136.213516,10.19,0.72,1.36
18:31:31,893.79,6,RTK_FIXED,30,36.0756951,136.213516,10.19,0.72,1.36
18:31:32,894.79,6,RTK_FIXED,30,36.0756951,136.213516,10.19,0.72,1.36
18:31:33,895.89,6,RTK_FIXED,30,36.0756951,136.213516,10.19,0.72,1.36
18:31:34,896.89,6,RTK_FIXED,30,36.0756951,136.213516,10.19,0.72,1.36
18:31:35,897.89,6,RTK_FIXED,30,36.0756951,136.213516,10.19,0.72,1.36
18:31:36,898.89,6,RTK_FIXED,30,36.0756951,136.213516,10.19,0.72,1.36
18:31:37,900.0,6,RTK_FIXED,30,36.0756951,136.213516,10.2,0.72,1.36
18:31:38,901.0,6,RTK_FIXED,30,36.0756951,136.213516,10.21,0.72,1.36
18:31:39,902.09,6,RTK_FIXED,30,36.0756951,136.213516,10.2,0.72,1.36
18:31:40,903.09,6,RTK_FIXED,30,36.0756951,136.213516,10.21,0.72,1.36
18:31:41,904.19,6,RTK_FIXED,30,36.0756951,136.213516,10.2,0.72,1.36
18:31:42,905.29,6,RTK_FIXED,30,36.0756951,136.213516,10.21,0.72,1.36
18:31:43,906.39,6,RTK_FIXED,30,36.0756951,136.213516,10.2,0.72,1.36
18:31:44,907.39,6,RTK_FIXED,30,36.0756951,136.213516,10.2,0.72,1.36
18:31:45,908.5,6,RTK_FIXED,30,36.0756951,136.213516,10.2,0.72,1.36
18:31:47,909.59,6,RTK_FIXED,30,36.0756951,136.213516,10.2,0.72,1.36
18:31:48,910.69,6,RTK_FIXED,30,36.0756951,136.213516,10.2,0.72,1.36
18:31:49,911.79,6,RTK_FIXED,30,36.0756951,136.213516,10.2,0.72,1.36
18:31:50,912.79,6,RTK_FIXED,30,36.0756951,136.213516,10.2,0.72,1.36
18:31:51,913.79,6,RTK_FIXED,30,36.0756951,136.213516,10.2,0.72,1.36
18:31:52,914.79,6,RTK_FIXED,30,36.0756952,136.213516,10.2,0.72,1.36
18:31:53,915.79,6,RTK_FIXED,30,36.0756951,136.213516,10.2,0.72,1.36
18:31:54,916.79,6,RTK_FIXED,30,36.0756951,136.213516,10.2,0.72,1.36
18:31:55,917.89,6,RTK_FIXED,30,36.0756951,136.213516,10.21,0.72,1.36
18:31:56,918.89,6,RTK_FIXED,30,36.0756951,136.213516,10.21,0.72,1.36
18:31:57,920.0,6,RTK_FIXED,30,36.0756951,136.213516,10.2,0.72,1.36
18:31:58,921.09,6,RTK_FIXED,30,36.0756952,136.213516,10.2,0.72,1.36
18:31:59,922.19,6,RTK_FIXED,30,36.0756952,136.213516,10.2,0.72,1.36
18:32:00,923.19,6,RTK_FIXED,30,36.0756952,136.213516,10.2,0.72,1.36
18:32:01,924.19,6,RTK_FIXED,30,36.0756951,136.213516,10.2,0.72,1.36
18:32:02,925.29,6,RTK_FIXED,30,36.0756952,136.213516,10.2,0.72,1.36
18:32:03,926.39,6,RTK_FIXED,30,36.0756952,136.213516,10.2,0.72,1.36
18:32:04,927.5,6,RTK_FIXED,30,36.0756952,136.213516,10.2,0.72,1.36
18:32:06,928.59,6,RTK_FIXED,30,36.0756951,136.213516,10.2,0.72,1.36
18:32:07,929.69,6,RTK_FIXED,30,36.0756952,136.213516,10.19,0.72,1.36
18:32:08,930.79,6,RTK_FIXED,30,36.0756952,136.213516,10.19,0.72,1.36
18:32:09,931.79,6,RTK_FIXED,30,36.0756952,136.213516,10.2,0.72,1.36
18:32:10,932.79,6,RTK_FIXED,30,36.0756952,136.213516,10.2,0.72,1.36
18:32:11,933.89,6,RTK_FIXED,30,36.0756952,136.213516,10.2,0.72,1.36
18:32:12,934.89,6,RTK_FIXED,30,36.0756951,136.213516,10.2,0.72,1.36
18:32:13,935.89,6,RTK_FIXED,30,36.0756952,136.213516,10.19,0.72,1.36
18:32:14,937.0,6,RTK_FIXED,30,36.0756952,136.213516,10.19,0.72,1.36
18:32:15,938.09,6,RTK_FIXED,30,36.0756952,136.213516,10.19,0.72,1.36
18:32:16,939.19,6,RTK_FIXED,30,36.0756952,136.213516,10.19,0.72,1.36
18:32:17,940.19,6,RTK_FIXED,30,36.0756952,136.213516,10.19,0.72,1.36
18:32:18,941.29,6,RTK_FIXED,30,36.0756952,136.2135159,10.19,0.72,1.36
18:32:19,942.39,6,RTK_FIXED,30,36.0756952,136.213516,10.18,0.72,1.36
18:32:20,943.5,6,RTK_FIXED,30,36.0756952,136.213516,10.18,0.72,1.34
18:32:21,944.5,6,RTK_FIXED,30,36.0756952,136.213516,10.18,0.72,1.34
18:32:23,945.59,6,RTK_FIXED,30,36.0756952,136.2135159,10.18,0.72,1.34
18:32:24,946.69,6,RTK_FIXED,30,36.0756952,136.213516,10.19,0.72,1.34
18:32:25,947.69,6,RTK_FIXED,30,36.0756952,136.213516,10.19,0.72,1.34
18:32:26,948.69,6,RTK_FIXED,30,36.0756952,136.213516,10.19,0.72,1.34
18:32:27,949.69,6,RTK_FIXED,30,36.0756952,136.213516,10.2,0.72,1.34
18:32:28,950.79,6,RTK_FIXED,30,36.0756952,136.213516,10.19,0.72,1.34
18:32:29,951.89,6,RTK_FIXED,30,36.0756952,136.213516,10.19,0.72,1.34
18:32:30,952.89,6,RTK_FIXED,30,36.0756952,136.213516,10.2,0.72,1.34
18:32:31,954.0,6,RTK_FIXED,29,36.0756952,136.213516,10.19,0.72,1.34
18:32:32,955.0,6,RTK_FIXED,29,36.0756952,136.213516,10.18,0.72,1.34
18:32:33,956.09,6,RTK_FIXED,29,36.0756952,136.2135161,10.19,0.72,1.34
18:32:34,957.09,6,RTK_FIXED,29,36.0756952,136.213516,10.19,0.72,1.34
18:32:35,958.09,6,RTK_FIXED,29,36.0756952,136.213516,10.19,0.72,1.34
18:32:36,959.19,6,RTK_FIXED,29,36.0756951,136.213516,10.2,0.72,1.34
18:32:37,960.19,6,RTK_FIXED,29,36.0756952,136.213516,10.19,0.72,1.34
18:32:38,961.19,6,RTK_FIXED,29,36.0756952,136.213516,10.18,0.72,1.34
18:32:39,962.29,6,RTK_FIXED,29,36.0756952,136.213516,10.18,0.72,1.34
18:32:40,963.39,6,RTK_FIXED,29,36.0756952,136.213516,10.17,0.72,1.34
18:32:41,964.39,6,RTK_FIXED,29,36.0756952,136.2135159,10.18,0.72,1.34
18:32:42,965.39,6,RTK_FIXED,29,36.0756951,136.213516,10.19,0.72,1.34
18:32:43,966.39,6,RTK_FIXED,29,36.0756951,136.2135159,10.18,0.72,1.34
18:32:44,967.39,6,RTK_FIXED,29,36.0756951,136.213516,10.19,0.72,1.34
18:32:45,968.5,6,RTK_FIXED,29,36.0756951,136.2135159,10.19,0.72,1.34
18:32:47,969.59,6,RTK_FIXED,30,36.0756952,136.213516,10.18,0.72,1.34
18:32:48,970.69,6,RTK_FIXED,30,36.0756952,136.2135159,10.18,0.72,1.34
18:32:49,971.69,6,RTK_FIXED,30,36.0756951,136.213516,10.18,0.72,1.34
18:32:50,972.79,6,RTK_FIXED,30,36.0756951,136.2135159,10.18,0.72,1.34
18:32:51,973.89,6,RTK_FIXED,30,36.0756951,136.2135159,10.18,0.72,1.34
18:32:52,975.0,6,RTK_FIXED,30,36.0756951,136.2135159,10.19,0.72,1.34
18:32:53,976.09,6,RTK_FIXED,30,36.0756952,136.2135159,10.17,0.72,1.34
18:32:54,977.19,6,RTK_FIXED,30,36.0756952,136.2135159,10.17,0.72,1.34
18:32:55,978.19,6,RTK_FIXED,30,36.0756951,136.2135159,10.19,0.72,1.34
18:32:56,979.19,6,RTK_FIXED,30,36.0756951,136.213516,10.19,0.72,1.34
18:32:57,980.29,6,RTK_FIXED,30,36.0756951,136.2135159,10.19,0.72,1.34
18:32:58,981.29,6,RTK_FIXED,31,36.0756951,136.2135159,10.19,0.72,1.34
18:32:59,982.39,6,RTK_FIXED,31,36.0756951,136.213516,10.19,0.72,1.34
18:33:00,983.39,6,RTK_FIXED,31,36.0756951,136.2135159,10.18,0.72,1.34
18:33:01,984.39,6,RTK_FIXED,31,36.0756951,136.213516,10.2,0.72,1.34
18:33:02,985.5,6,RTK_FIXED,31,36.0756951,136.213516,10.19,0.72,1.34
18:33:03,986.5,6,RTK_FIXED,31,36.0756951,136.213516,10.19,0.72,1.34
18:33:04,987.5,6,RTK_FIXED,31,36.0756951,136.213516,10.19,0.72,1.34
18:33:06,988.59,6,RTK_FIXED,31,36.0756951,136.213516,10.18,0.72,1.34
18:33:07,989.59,6,RTK_FIXED,31,36.0756951,136.213516,10.2,0.72,1.34
18:33:08,990.59,6,RTK_FIXED,31,36.0756951,136.213516,10.2,0.72,1.34
18:33:09,991.69,6,RTK_FIXED,31,36.0756951,136.213516,10.2,0.72,1.34
18:33:10,992.79,6,RTK_FIXED,31,36.0756951,136.213516,10.2,0.72,1.34
18:33:11,993.89,6,RTK_FIXED,31,36.0756951,136.213516,10.2,0.72,1.34
18:33:12,994.89,6,RTK_FIXED,31,36.0756951,136.213516,10.19,0.72,1.34
18:33:13,995.89,6,RTK_FIXED,31,36.0756951,136.213516,10.21,0.72,1.34
18:33:14,997.0,6,RTK_FIXED,31,36.0756951,136.213516,10.21,0.72,1.34
18:33:15,998.09,6,RTK_FIXED,31,36.075695,136.213516,10.21,0.72,1.34
18:33:16,999.19,6,RTK_FIXED,31,36.0756951,136.213516,10.2,0.72,1.34
18:33:17,1000.29,6,RTK_FIXED,31,36.0756951,136.213516,10.2,0.72,1.34
18:33:18,1001.29,6,RTK_FIXED,31,36.0756951,136.213516,10.2,0.72,1.34
18:33:19,1002.29,6,RTK_FIXED,31,36.0756951,136.213516,10.2,0.72,1.34
18:33:20,1003.39,6,RTK_FIXED,31,36.0756951,136.213516,10.19,0.72,1.34
18:33:21,1004.5,6,RTK_FIXED,31,36.0756951,136.213516,10.19,0.72,1.34
18:33:23,1005.59,6,RTK_FIXED,31,36.0756951,136.213516,10.2,0.72,1.34
18:33:24,1006.69,6,RTK_FIXED,31,36.0756952,136.213516,10.19,0.72,1.34
18:33:25,1007.69,6,RTK_FIXED,31,36.0756952,136.213516,10.19,0.72,1.34
18:33:26,1008.79,6,RTK_FIXED,31,36.0756951,136.213516,10.2,0.72,1.34
18:33:27,1009.79,6,RTK_FIXED,31,36.0756951,136.213516,10.2,0.72,1.34
18:33:28,1010.89,6,RTK_FIXED,31,36.0756951,136.213516,10.2,0.72,1.34
18:33:29,1012.0,6,RTK_FIXED,31,36.0756951,136.213516,10.2,0.72,1.34
18:33:30,1013.0,6,RTK_FIXED,31,36.0756951,136.213516,10.2,0.72,1.34
18:33:31,1014.09,6,RTK_FIXED,31,36.0756951,136.2135159,10.19,0.72,1.34
18:33:32,1015.09,6,RTK_FIXED,31,36.0756951,136.213516,10.2,0.72,1.34
18:33:33,1016.19,6,RTK_FIXED,31,36.0756951,136.2135159,10.19,0.72,1.34
18:33:34,1017.29,6,RTK_FIXED,31,36.0756951,136.213516,10.2,0.72,1.34
18:33:35,1018.29,6,RTK_FIXED,31,36.0756952,136.2135159,10.19,0.72,1.34
18:33:36,1019.39,6,RTK_FIXED,31,36.0756952,136.2135159,10.18,0.72,1.34
18:33:37,1020.5,6,RTK_FIXED,31,36.0756951,136.2135159,10.19,0.72,1.34
18:33:38,1021.5,6,RTK_FIXED,31,36.0756952,136.213516,10.2,0.72,1.34
18:33:40,1022.59,6,RTK_FIXED,31,36.0756951,136.213516,10.2,0.72,1.34
18:33:41,1023.59,6,RTK_FIXED,31,36.0756951,136.213516,10.2,0.72,1.34
18:33:42,1024.69,6,RTK_FIXED,31,36.0756952,136.213516,10.19,0.72,1.34
18:33:43,1025.69,6,RTK_FIXED,31,36.0756951,136.213516,10.19,0.72,1.34
18:33:44,1026.79,6,RTK_FIXED,31,36.0756952,136.213516,10.19,0.72,1.34
18:33:45,1027.79,6,RTK_FIXED,31,36.0756952,136.213516,10.18,0.72,1.34
18:33:46,1028.89,6,RTK_FIXED,31,36.0756952,136.213516,10.18,0.72,1.34
18:33:47,1029.89,6,RTK_FIXED,31,36.0756952,136.213516,10.18,0.72,1.34
18:33:48,1031.0,6,RTK_FIXED,31,36.0756952,136.213516,10.18,0.72,1.34
18:33:49,1032.09,6,RTK_FIXED,30,36.0756951,136.213516,10.2,0.72,1.34
18:33:50,1033.09,6,RTK_FIXED,30,36.0756951,136.213516,10.19,0.72,1.34
18:33:51,1034.09,6,RTK_FIXED,30,36.0756951,136.213516,10.19,0.72,1.34
18:33:52,1035.19,6,RTK_FIXED,30,36.0756951,136.2135159,10.18,0.72,1.34
18:33:53,1036.19,6,RTK_FIXED,30,36.0756951,136.213516,10.19,0.72,1.34
18:33:54,1037.19,6,RTK_FIXED,30,36.0756951,136.213516,10.19,0.72,1.34
18:33:55,1038.29,6,RTK_FIXED,30,36.0756951,136.213516,10.19,0.72,1.34
18:33:56,1039.29,6,RTK_FIXED,30,36.0756951,136.213516,10.18,0.72,1.34
18:33:57,1040.39,6,RTK_FIXED,30,36.0756951,136.213516,10.18,0.72,1.34
18:33:58,1041.5,6,RTK_FIXED,30,36.0756951,136.213516,10.19,0.72,1.34
18:34:00,1042.59,6,RTK_FIXED,30,36.0756951,136.213516,10.2,0.72,1.34
18:34:01,1043.69,6,RTK_FIXED,30,36.0756951,136.213516,10.19,0.72,1.34
18:34:02,1044.69,6,RTK_FIXED,30,36.0756951,136.213516,10.19,0.72,1.34
18:34:03,1045.79,6,RTK_FIXED,30,36.0756951,136.213516,10.19,0.72,1.34
18:34:04,1046.89,6,RTK_FIXED,30,36.0756951,136.213516,10.19,0.72,1.34
18:34:05,1048.0,6,RTK_FIXED,30,36.0756951,136.213516,10.19,0.72,1.34
18:34:06,1049.0,6,RTK_FIXED,30,36.0756951,136.2135159,10.19,0.72,1.34
18:34:07,1050.09,6,RTK_FIXED,30,36.0756951,136.2135159,10.17,0.72,1.34
18:34:08,1051.1,6,RTK_FIXED,30,36.0756951,136.213516,10.18,0.72,1.34
18:34:09,1052.19,6,RTK_FIXED,30,36.0756952,136.2135159,10.17,0.72,1.34
18:34:10,1053.2,6,RTK_FIXED,30,36.0756951,136.2135159,10.17,0.72,1.34
18:34:11,1054.2,6,RTK_FIXED,30,36.0756952,136.2135159,10.17,0.72,1.34
18:34:12,1055.29,6,RTK_FIXED,30,36.0756951,136.2135159,10.17,0.72,1.34
18:34:13,1056.3,6,RTK_FIXED,30,36.0756951,136.2135159,10.18,0.72,1.34
18:34:14,1057.39,6,RTK_FIXED,30,36.0756951,136.2135159,10.18,0.72,1.34
18:34:15,1058.4,6,RTK_FIXED,30,36.0756951,136.2135159,10.18,0.72,1.34
18:34:16,1059.5,6,RTK_FIXED,30,36.0756952,136.2135159,10.17,0.72,1.34
18:34:17,1060.5,6,RTK_FIXED,30,36.0756951,136.213516,10.19,0.72,1.34
18:34:18,1061.5,6,RTK_FIXED,30,36.0756951,136.213516,10.19,0.72,1.34
18:34:20,1062.6,6,RTK_FIXED,30,36.0756952,136.2135159,10.17,0.72,1.34
18:34:21,1063.7,6,RTK_FIXED,30,36.0756952,136.2135159,10.18,0.72,1.34
18:34:22,1064.7,6,RTK_FIXED,31,36.0756951,136.213516,10.2,0.72,1.34
18:34:23,1065.7,6,RTK_FIXED,31,36.0756952,136.2135159,10.18,0.72,1.34
18:34:24,1066.7,6,RTK_FIXED,31,36.0756951,136.213516,10.2,0.72,1.34
18:34:25,1067.7,6,RTK_FIXED,31,36.0756952,136.2135159,10.18,0.72,1.34
18:34:26,1068.7,6,RTK_FIXED,31,36.0756951,136.2135159,10.18,0.72,1.34
18:34:27,1069.7,6,RTK_FIXED,31,36.0756951,136.2135159,10.18,0.72,1.34
18:34:28,1070.7,6,RTK_FIXED,31,36.0756951,136.2135159,10.19,0.72,1.34
18:34:29,1071.8,6,RTK_FIXED,31,36.0756951,136.2135159,10.19,0.72,1.34
18:34:30,1072.8,6,RTK_FIXED,31,36.0756952,136.2135159,10.18,0.72,1.34
18:34:31,1073.9,6,RTK_FIXED,31,36.0756952,136.2135159,10.19,0.72,1.34
18:34:32,1075.0,6,RTK_FIXED,31,36.0756952,136.2135159,10.19,0.72,1.34
18:34:33,1076.1,6,RTK_FIXED,31,36.0756951,136.2135159,10.19,0.72,1.34
18:34:34,1077.1,6,RTK_FIXED,31,36.0756951,136.2135159,10.21,0.72,1.34
18:34:35,1078.1,6,RTK_FIXED,31,36.0756951,136.2135159,10.2,0.72,1.34
18:34:36,1079.1,6,RTK_FIXED,31,36.0756951,136.2135159,10.2,0.72,1.34
18:34:37,1080.2,6,RTK_FIXED,30,36.0756951,136.2135159,10.21,0.72,1.34
18:34:38,1081.2,6,RTK_FIXED,30,36.0756951,136.2135159,10.21,0.72,1.34
18:34:39,1082.2,6,RTK_FIXED,30,36.0756951,136.2135159,10.21,0.72,1.34
18:34:40,1083.2,6,RTK_FIXED,31,36.0756951,136.2135159,10.21,0.72,1.34
18:34:41,1084.2,6,RTK_FIXED,30,36.0756951,136.2135159,10.2,0.72,1.34
18:34:42,1085.2,6,RTK_FIXED,30,36.0756951,136.2135159,10.21,0.72,1.34
18:34:43,1086.3,6,RTK_FIXED,30,36.0756951,136.2135159,10.21,0.72,1.34
18:34:44,1087.3,6,RTK_FIXED,30,36.0756951,136.213516,10.21,0.72,1.34
18:34:45,1088.3,6,RTK_FIXED,30,36.0756951,136.2135159,10.2,0.72,1.34
18:34:46,1089.3,6,RTK_FIXED,30,36.0756951,136.213516,10.21,0.72,1.34
18:34:47,1090.4,6,RTK_FIXED,30,36.0756951,136.2135159,10.21,0.72,1.34
18:34:48,1091.5,6,RTK_FIXED,30,36.0756951,136.2135159,10.2,0.72,1.34
18:34:49,1092.5,6,RTK_FIXED,30,36.0756951,136.213516,10.22,0.72,1.34
18:34:50,1093.5,6,RTK_FIXED,30,36.0756951,136.2135159,10.21,0.72,1.34
18:34:52,1094.6,6,RTK_FIXED,30,36.0756951,136.2135159,10.21,0.72,1.34
18:34:53,1095.6,6,RTK_FIXED,30,36.0756951,136.2135159,10.2,0.72,1.34
18:34:54,1096.7,6,RTK_FIXED,30,36.0756951,136.2135159,10.2,0.72,1.34
18:34:55,1097.8,6,RTK_FIXED,31,36.0756951,136.2135159,10.2,0.72,1.34
18:34:56,1098.8,6,RTK_FIXED,31,36.0756951,136.2135159,10.21,0.72,1.34
18:34:57,1099.9,6,RTK_FIXED,31,36.0756951,136.2135159,10.2,0.72,1.34
18:34:58,1101.0,6,RTK_FIXED,31,36.0756951,136.2135159,10.2,0.72,1.34
18:34:59,1102.1,6,RTK_FIXED,31,36.0756951,136.2135159,10.2,0.72,1.34
18:35:00,1103.1,6,RTK_FIXED,31,36.0756951,136.2135159,10.21,0.72,1.34
18:35:01,1104.2,6,RTK_FIXED,31,36.0756951,136.2135159,10.21,0.72,1.34
18:35:02,1105.2,6,RTK_FIXED,31,36.0756951,136.2135159,10.21,0.72,1.34
18:35:03,1106.3,6,RTK_FIXED,31,36.0756951,136.2135159,10.2,0.72,1.34
18:35:04,1107.4,6,RTK_FIXED,31,36.0756951,136.2135159,10.2,0.72,1.34
18:35:05,1108.4,6,RTK_FIXED,31,36.0756951,136.2135159,10.2,0.72,1.34
18:35:06,1109.4,6,RTK_FIXED,31,36.0756951,136.2135159,10.2,0.72,1.34
18:35:08,1110.5,6,RTK_FIXED,30,36.0756951,136.2135159,10.21,0.72,1.34
18:35:09,1111.6,6,RTK_FIXED,30,36.0756951,136.2135159,10.21,0.72,1.34
18:35:10,1112.6,6,RTK_FIXED,30,36.0756951,136.213516,10.21,0.72,1.34
18:35:11,1113.6,6,RTK_FIXED,30,36.0756951,136.2135159,10.2,0.72,1.34
18:35:12,1114.7,6,RTK_FIXED,30,36.0756951,136.213516,10.2,0.72,1.34
18:35:13,1115.8,6,RTK_FIXED,30,36.0756951,136.213516,10.2,0.72,1.34
18:35:14,1116.9,6,RTK_FIXED,30,36.0756951,136.213516,10.21,0.72,1.34
18:35:15,1118.0,6,RTK_FIXED,30,36.0756951,136.2135159,10.19,0.72,1.34
18:35:16,1119.1,6,RTK_FIXED,30,36.0756951,136.2135159,10.2,0.72,1.34
18:35:17,1120.2,6,RTK_FIXED,30,36.0756951,136.2135159,10.2,0.72,1.34
18:35:18,1121.3,6,RTK_FIXED,30,36.0756951,136.2135159,10.19,0.72,1.34
18:35:19,1122.3,6,RTK_FIXED,30,36.0756951,136.2135159,10.2,0.72,1.34
18:35:20,1123.3,6,RTK_FIXED,30,36.0756951,136.2135159,10.2,0.72,1.34
18:35:21,1124.3,6,RTK_FIXED,30,36.0756951,136.2135159,10.19,0.72,1.34
18:35:22,1125.3,6,RTK_FIXED,30,36.0756951,136.2135159,10.19,0.72,1.34
18:35:23,1126.3,6,RTK_FIXED,30,36.0756952,136.2135159,10.18,0.72,1.34
18:35:24,1127.3,6,RTK_FIXED,30,36.0756952,136.2135159,10.18,0.72,1.34
18:35:25,1128.4,6,RTK_FIXED,30,36.0756951,136.2135159,10.19,0.72,1.34
18:35:26,1129.5,6,RTK_FIXED,30,36.0756951,136.2135159,10.2,0.72,1.34
18:35:28,1130.5,6,RTK_FIXED,31,36.0756951,136.2135159,10.19,0.72,1.34
18:35:29,1131.6,6,RTK_FIXED,31,36.0756951,136.2135159,10.2,0.72,1.34
18:35:30,1132.7,6,RTK_FIXED,31,36.0756951,136.2135159,10.2,0.72,1.34
18:35:31,1133.8,6,RTK_FIXED,31,36.0756951,136.2135159,10.19,0.72,1.34
18:35:32,1134.8,6,RTK_FIXED,31,36.0756951,136.2135159,10.2,0.72,1.34
18:35:33,1135.9,6,RTK_FIXED,31,36.0756951,136.2135159,10.2,0.72,1.34
18:35:34,1136.9,6,RTK_FIXED,31,36.0756952,136.2135159,10.18,0.72,1.34
18:35:35,1138.0,6,RTK_FIXED,31,36.0756952,136.2135159,10.18,0.72,1.34
18:35:36,1139.1,6,RTK_FIXED,30,36.0756951,136.213516,10.21,0.72,1.34
18:35:37,1140.2,6,RTK_FIXED,30,36.0756951,136.213516,10.2,0.72,1.34
18:35:38,1141.3,6,RTK_FIXED,30,36.0756951,136.213516,10.19,0.72,1.34
18:35:39,1142.3,6,RTK_FIXED,30,36.0756951,136.2135159,10.2,0.72,1.34
18:35:40,1143.4,6,RTK_FIXED,30,36.0756951,136.2135159,10.2,0.72,1.34
18:35:41,1144.4,6,RTK_FIXED,30,36.0756951,136.213516,10.2,0.72,1.34
18:35:42,1145.5,6,RTK_FIXED,30,36.0756951,136.213516,10.21,0.72,1.34
18:35:44,1146.5,6,RTK_FIXED,30,36.0756951,136.2135159,10.2,0.72,1.34
18:35:45,1147.5,6,RTK_FIXED,30,36.0756951,136.2135159,10.19,0.72,1.34
18:35:46,1148.6,6,RTK_FIXED,30,36.0756952,136.2135159,10.19,0.72,1.34
18:35:47,1149.7,6,RTK_FIXED,30,36.0756951,136.2135159,10.19,0.72,1.34
18:35:48,1150.7,6,RTK_FIXED,30,36.0756951,136.2135159,10.2,0.72,1.34
18:35:49,1151.8,6,RTK_FIXED,30,36.0756951,136.2135159,10.2,0.72,1.34
18:35:50,1152.9,6,RTK_FIXED,30,36.0756951,136.2135159,10.2,0.72,1.34
18:35:51,1153.9,6,RTK_FIXED,30,36.0756951,136.2135159,10.2,0.72,1.34
18:35:52,1154.9,6,RTK_FIXED,30,36.0756951,136.2135159,10.2,0.72,1.34
18:35:53,1156.0,6,RTK_FIXED,30,36.0756951,136.2135159,10.19,0.72,1.34
18:35:54,1157.1,6,RTK_FIXED,30,36.0756951,136.2135159,10.2,0.72,1.34
18:35:55,1158.2,6,RTK_FIXED,30,36.0756951,136.213516,10.2,0.72,1.34
18:35:56,1159.2,6,RTK_FIXED,30,36.0756951,136.2135159,10.19,0.72,1.34
18:35:57,1160.2,6,RTK_FIXED,30,36.0756951,136.2135159,10.2,0.72,1.34
18:35:58,1161.2,6,RTK_FIXED,30,36.0756951,136.2135159,10.19,0.72,1.34
18:35:59,1162.2,6,RTK_FIXED,30,36.0756951,136.2135159,10.19,0.72,1.34
18:36:00,1163.3,6,RTK_FIXED,30,36.0756951,136.2135159,10.19,0.72,1.34
18:36:01,1164.3,6,RTK_FIXED,30,36.0756951,136.2135159,10.19,0.72,1.34
18:36:02,1165.3,6,RTK_FIXED,30,36.0756951,136.2135159,10.19,0.72,1.34
18:36:03,1166.3,6,RTK_FIXED,30,36.0756951,136.2135159,10.19,0.72,1.34
18:36:04,1167.4,6,RTK_FIXED,30,36.0756952,136.2135159,10.19,0.72,1.34
18:36:05,1168.4,6,RTK_FIXED,30,36.0756951,136.2135159,10.19,0.72,1.34
18:36:07,1169.5,6,RTK_FIXED,30,36.0756951,136.213516,10.21,0.72,1.34
18:36:08,1170.6,6,RTK_FIXED,30,36.0756952,136.2135159,10.19,0.72,1.34
18:36:09,1171.6,6,RTK_FIXED,30,36.0756951,136.213516,10.2,0.72,1.33
18:36:10,1172.7,6,RTK_FIXED,30,36.0756951,136.213516,10.2,0.72,1.33
18:36:11,1173.7,6,RTK_FIXED,30,36.0756951,136.2135159,10.2,0.72,1.33
18:36:12,1174.7,6,RTK_FIXED,30,36.0756952,136.2135159,10.19,0.72,1.33
18:36:13,1175.7,6,RTK_FIXED,30,36.0756951,136.2135159,10.18,0.72,1.33
18:36:14,1176.7,6,RTK_FIXED,30,36.0756951,136.2135159,10.2,0.72,1.33
18:36:15,1177.8,6,RTK_FIXED,30,36.0756951,136.2135159,10.19,0.72,1.33
18:36:16,1178.9,6,RTK_FIXED,30,36.0756951,136.2135159,10.21,0.72,1.33
18:36:17,1180.0,6,RTK_FIXED,30,36.0756952,136.2135159,10.19,0.72,1.33
18:36:18,1181.1,6,RTK_FIXED,30,36.0756951,136.2135159,10.2,0.72,1.33
18:36:19,1182.1,6,RTK_FIXED,30,36.0756951,136.2135159,10.21,0.72,1.33
18:36:20,1183.2,6,RTK_FIXED,30,36.0756951,136.2135159,10.19,0.72,1.33
18:36:21,1184.2,6,RTK_FIXED,30,36.0756952,136.2135159,10.2,0.72,1.33
18:36:22,1185.2,6,RTK_FIXED,30,36.0756952,136.2135159,10.2,0.72,1.33
18:36:23,1186.3,6,RTK_FIXED,30,36.0756952,136.2135159,10.2,0.72,1.33
18:36:24,1187.4,6,RTK_FIXED,30,36.0756951,136.2135159,10.2,0.72,1.33
18:36:26,1188.51,6,RTK_FIXED,30,36.0756951,136.2135159,10.2,0.72,1.33
18:36:27,1189.6,6,RTK_FIXED,30,36.0756951,136.2135159,10.2,0.72,1.33
18:36:28,1190.7,6,RTK_FIXED,30,36.0756951,136.2135159,10.2,0.72,1.33
18:36:29,1191.8,6,RTK_FIXED,30,36.0756952,136.2135159,10.19,0.72,1.33
18:36:30,1192.8,6,RTK_FIXED,30,36.0756951,136.2135159,10.19,0.72,1.33
18:36:31,1193.9,6,RTK_FIXED,30,36.0756951,136.2135159,10.19,0.72,1.33
18:36:32,1194.9,6,RTK_FIXED,30,36.0756951,136.2135159,10.18,0.72,1.33
18:36:33,1195.9,6,RTK_FIXED,30,36.0756951,136.2135159,10.18,0.72,1.33
18:36:34,1196.9,6,RTK_FIXED,30,36.0756951,136.2135159,10.19,0.72,1.33
18:36:35,1197.9,6,RTK_FIXED,30,36.0756952,136.2135159,10.18,0.72,1.33
18:36:36,1199.0,6,RTK_FIXED,30,36.0756952,136.2135159,10.17,0.74,1.33
18:36:37,1200.0,6,RTK_FIXED,29,36.0756952,136.2135159,10.18,0.74,1.33
18:36:38,1201.1,6,RTK_FIXED,29,36.0756952,136.2135159,10.17,0.74,1.33
18:36:39,1202.1,6,RTK_FIXED,29,36.0756952,136.2135159,10.19,0.74,1.33
18:36:40,1203.2,6,RTK_FIXED,29,36.0756951,136.2135159,10.18,0.74,1.33
18:36:41,1204.2,6,RTK_FIXED,30,36.0756952,136.2135159,10.18,0.74,1.33
18:36:42,1205.3,6,RTK_FIXED,30,36.0756951,136.2135159,10.19,0.74,1.33
18:36:43,1206.3,6,RTK_FIXED,30,36.0756951,136.2135159,10.19,0.74,1.33
18:36:44,1207.3,6,RTK_FIXED,30,36.0756951,136.2135159,10.19,0.74,1.33
18:36:45,1208.4,6,RTK_FIXED,30,36.0756951,136.2135159,10.19,0.74,1.33
18:36:47,1209.5,6,RTK_FIXED,30,36.0756951,136.2135159,10.19,0.74,1.33
18:36:48,1210.51,6,RTK_FIXED,30,36.0756951,136.2135159,10.19,0.74,1.33
18:36:49,1211.6,6,RTK_FIXED,30,36.0756951,136.2135159,10.19,0.74,1.33
18:36:50,1212.7,6,RTK_FIXED,30,36.0756951,136.2135159,10.19,0.74,1.33
18:36:51,1213.8,6,RTK_FIXED,30,36.0756951,136.2135159,10.18,0.74,1.33
18:36:52,1214.8,6,RTK_FIXED,30,36.0756952,136.2135159,10.18,0.74,1.33
18:36:53,1215.8,6,RTK_FIXED,30,36.0756951,136.2135159,10.19,0.74,1.33
18:36:54,1216.9,6,RTK_FIXED,30,36.0756951,136.213516,10.2,0.74,1.33
18:36:55,1218.01,6,RTK_FIXED,30,36.0756951,136.2135159,10.18,0.74,1.33
18:36:56,1219.1,6,RTK_FIXED,30,36.0756951,136.2135159,10.18,0.74,1.33
18:36:57,1220.2,6,RTK_FIXED,30,36.0756951,136.2135159,10.19,0.74,1.33
18:36:58,1221.2,6,RTK_FIXED,30,36.0756951,136.2135159,10.2,0.74,1.33
18:36:59,1222.2,6,RTK_FIXED,30,36.0756951,136.2135159,10.2,0.74,1.33
18:37:00,1223.3,6,RTK_FIXED,30,36.0756952,136.2135159,10.18,0.74,1.33
18:37:01,1224.4,6,RTK_FIXED,30,36.0756951,136.2135159,10.18,0.74,1.33
18:37:02,1225.4,6,RTK_FIXED,30,36.0756951,136.2135159,10.2,0.74,1.33
18:37:03,1226.4,6,RTK_FIXED,30,36.0756951,136.213516,10.21,0.74,1.33
18:37:05,1227.51,6,RTK_FIXED,30,36.0756952,136.213516,10.2,0.74,1.33
18:37:06,1228.51,6,RTK_FIXED,30,36.0756952,136.2135159,10.19,0.74,1.33
18:37:07,1229.6,6,RTK_FIXED,30,36.0756952,136.2135159,10.2,0.74,1.33
18:37:08,1230.6,6,RTK_FIXED,30,36.0756951,136.2135159,10.2,0.74,1.33
18:37:09,1231.7,6,RTK_FIXED,30,36.0756951,136.213516,10.21,0.74,1.33
18:37:10,1232.7,6,RTK_FIXED,30,36.0756952,136.2135159,10.19,0.74,1.33
18:37:11,1233.8,6,RTK_FIXED,30,36.0756952,136.2135159,10.19,0.74,1.33
18:37:12,1234.8,6,RTK_FIXED,30,36.0756952,136.2135159,10.19,0.74,1.33
18:37:13,1235.8,6,RTK_FIXED,30,36.0756951,136.213516,10.2,0.74,1.33
18:37:14,1236.9,6,RTK_FIXED,30,36.0756952,136.2135159,10.19,0.74,1.33
18:37:15,1237.9,6,RTK_FIXED,30,36.0756951,136.213516,10.22,0.74,1.33
18:37:16,1239.01,6,RTK_FIXED,30,36.0756951,136.213516,10.22,0.74,1.33
18:37:17,1240.1,6,RTK_FIXED,30,36.0756951,136.213516,10.2,0.74,1.33
18:37:18,1241.2,6,RTK_FIXED,30,36.0756951,136.213516,10.2,0.74,1.33
18:37:19,1242.2,6,RTK_FIXED,30,36.0756951,136.213516,10.21,0.74,1.33
18:37:20,1243.3,6,RTK_FIXED,30,36.0756951,136.213516,10.22,0.74,1.33
18:37:21,1244.3,6,RTK_FIXED,30,36.0756951,136.213516,10.2,0.74,1.33
18:37:22,1245.3,6,RTK_FIXED,30,36.0756951,136.213516,10.22,0.74,1.33
18:37:23,1246.3,6,RTK_FIXED,30,36.0756951,136.213516,10.21,0.74,1.33
18:37:24,1247.3,6,RTK_FIXED,30,36.0756951,136.213516,10.19,0.74,1.33
18:37:25,1248.4,6,RTK_FIXED,30,36.0756951,136.213516,10.2,0.74,1.33
18:37:27,1249.51,6,RTK_FIXED,30,36.0756951,136.213516,10.21,0.74,1.33
18:37:28,1250.6,6,RTK_FIXED,30,36.0756951,136.213516,10.19,0.74,1.33
18:37:29,1251.6,6,RTK_FIXED,30,36.0756951,136.213516,10.2,0.74,1.33
18:37:30,1252.7,6,RTK_FIXED,30,36.0756951,136.213516,10.21,0.74,1.33
18:37:31,1253.8,6,RTK_FIXED,30,36.0756951,136.213516,10.22,0.74,1.33
18:37:32,1254.9,6,RTK_FIXED,30,36.0756951,136.213516,10.2,0.74,1.33
18:37:33,1256.01,6,RTK_FIXED,30,36.0756951,136.213516,10.2,0.74,1.33
18:37:34,1257.01,6,RTK_FIXED,30,36.0756951,136.213516,10.19,0.74,1.33
18:37:35,1258.1,6,RTK_FIXED,30,36.0756951,136.2135159,10.19,0.74,1.33
18:37:36,1259.1,6,RTK_FIXED,30,36.0756951,136.213516,10.18,0.74,1.33
18:37:37,1260.1,6,RTK_FIXED,30,36.0756951,136.213516,10.19,0.74,1.33
18:37:38,1261.2,6,RTK_FIXED,30,36.0756951,136.213516,10.18,0.74,1.33
18:37:39,1262.2,6,RTK_FIXED,30,36.0756951,136.213516,10.2,0.74,1.33
18:37:40,1263.2,6,RTK_FIXED,30,36.0756951,136.213516,10.2,0.74,1.33
18:37:41,1264.3,6,RTK_FIXED,30,36.0756951,136.213516,10.21,0.74,1.33
18:37:42,1265.3,6,RTK_FIXED,30,36.0756951,136.213516,10.2,0.74,1.33
18:37:43,1266.4,6,RTK_FIXED,30,36.0756951,136.213516,10.21,0.74,1.33
18:37:44,1267.4,6,RTK_FIXED,30,36.0756951,136.213516,10.2,0.74,1.33
18:37:46,1268.51,6,RTK_FIXED,30,36.0756952,136.213516,10.19,0.74,1.33
18:37:47,1269.6,6,RTK_FIXED,30,36.0756951,136.213516,10.21,0.74,1.33
18:37:48,1270.6,6,RTK_FIXED,30,36.0756951,136.213516,10.2,0.74,1.33
18:37:49,1271.7,6,RTK_FIXED,30,36.0756951,136.213516,10.2,0.74,1.33
18:37:50,1272.7,6,RTK_FIXED,30,36.0756951,136.213516,10.2,0.74,1.33
18:37:51,1273.7,6,RTK_FIXED,30,36.0756951,136.213516,10.2,0.74,1.33
18:37:52,1274.8,6,RTK_FIXED,30,36.0756951,136.213516,10.19,0.74,1.33
18:37:53,1275.8,6,RTK_FIXED,30,36.0756951,136.213516,10.19,0.74,1.33
18:37:54,1276.9,6,RTK_FIXED,30,36.0756951,136.213516,10.19,0.74,1.33
18:37:55,1278.01,6,RTK_FIXED,30,36.0756951,136.213516,10.18,0.74,1.33
18:37:56,1279.01,6,RTK_FIXED,30,36.0756951,136.213516,10.19,0.74,1.33
18:37:57,1280.01,6,RTK_FIXED,30,36.0756951,136.213516,10.18,0.74,1.33
18:37:58,1281.1,6,RTK_FIXED,30,36.0756952,136.213516,10.19,0.74,1.33
18:37:59,1282.1,6,RTK_FIXED,30,36.0756952,136.213516,10.19,0.74,1.33
18:38:00,1283.2,6,RTK_FIXED,30,36.0756952,136.213516,10.2,0.74,1.33
18:38:01,1284.3,6,RTK_FIXED,30,36.0756952,136.2135159,10.19,0.74,1.33
18:38:02,1285.4,6,RTK_FIXED,30,36.0756951,136.2135159,10.19,0.74,1.33
18:38:03,1286.4,6,RTK_FIXED,30,36.0756951,136.2135159,10.19,0.74,1.33
18:38:05,1287.51,6,RTK_FIXED,30,36.0756951,136.2135159,10.2,0.74,1.33
18:38:06,1288.51,6,RTK_FIXED,30,36.0756951,136.2135159,10.19,0.74,1.33
18:38:07,1289.6,6,RTK_FIXED,30,36.0756951,136.2135159,10.19,0.74,1.33
18:38:08,1290.7,6,RTK_FIXED,30,36.0756951,136.2135159,10.19,0.74,1.33
18:38:09,1291.7,6,RTK_FIXED,30,36.0756951,136.2135159,10.2,0.74,1.33
18:38:10,1292.7,6,RTK_FIXED,30,36.0756951,136.2135159,10.2,0.74,1.33
18:38:11,1293.7,6,RTK_FIXED,30,36.0756951,136.2135159,10.19,0.74,1.33
18:38:12,1294.7,6,RTK_FIXED,30,36.0756951,136.2135159,10.19,0.74,1.33
18:38:13,1295.8,6,RTK_FIXED,30,36.0756951,136.2135159,10.2,0.74,1.33
18:38:14,1296.9,6,RTK_FIXED,30,36.0756951,136.2135159,10.2,0.74,1.33
18:38:15,1298.01,6,RTK_FIXED,30,36.0756951,136.2135159,10.2,0.74,1.33
18:38:16,1299.1,6,RTK_FIXED,30,36.0756951,136.2135159,10.2,0.74,1.33
18:38:17,1300.1,6,RTK_FIXED,30,36.0756951,136.2135159,10.2,0.74,1.33
18:38:18,1301.1,6,RTK_FIXED,30,36.0756951,136.2135159,10.21,0.74,1.33
18:38:19,1302.1,6,RTK_FIXED,29,36.0756951,136.2135159,10.2,0.74,1.33
18:38:20,1303.2,6,RTK_FIXED,29,36.0756951,136.2135159,10.2,0.74,1.33
18:38:21,1304.2,6,RTK_FIXED,29,36.0756951,136.2135159,10.2,0.74,1.33
18:38:22,1305.2,6,RTK_FIXED,30,36.0756952,136.2135159,10.2,0.74,1.33
18:38:23,1306.3,6,RTK_FIXED,30,36.0756951,136.213516,10.21,0.74,1.33
18:38:24,1307.4,6,RTK_FIXED,30,36.0756951,136.2135159,10.22,0.74,1.33
18:38:25,1308.4,6,RTK_FIXED,30,36.0756951,136.213516,10.22,0.74,1.33
18:38:26,1309.4,6,RTK_FIXED,30,36.0756951,136.213516,10.22,0.74,1.33
18:38:27,1310.4,6,RTK_FIXED,30,36.0756952,136.2135159,10.2,0.74,1.33
18:38:29,1311.51,6,RTK_FIXED,30,36.0756951,136.213516,10.22,0.74,1.33
18:38:30,1312.6,6,RTK_FIXED,30,36.0756951,136.2135159,10.21,0.74,1.33
18:38:31,1313.6,6,RTK_FIXED,31,36.0756951,136.2135159,10.22,0.74,1.33
18:38:32,1314.7,6,RTK_FIXED,31,36.0756952,136.2135159,10.2,0.74,1.33
18:38:33,1315.8,6,RTK_FIXED,31,36.0756951,136.2135159,10.22,0.74,1.33
18:38:34,1316.8,6,RTK_FIXED,31,36.0756951,136.2135159,10.22,0.74,1.33
18:38:35,1317.9,6,RTK_FIXED,31,36.0756951,136.2135159,10.22,0.74,1.33
18:38:36,1318.9,6,RTK_FIXED,31,36.0756951,136.213516,10.21,0.74,1.33
18:38:37,1320.01,6,RTK_FIXED,31,36.0756952,136.213516,10.19,0.74,1.33
18:38:38,1321.1,6,RTK_FIXED,31,36.0756951,136.213516,10.22,0.74,1.33
18:38:39,1322.2,6,RTK_FIXED,30,36.0756951,136.213516,10.21,0.74,1.33
18:38:40,1323.2,6,RTK_FIXED,30,36.0756951,136.213516,10.2,0.74,1.33
18:38:41,1324.2,6,RTK_FIXED,30,36.0756951,136.213516,10.21,0.74,1.33
18:38:42,1325.3,6,RTK_FIXED,30,36.0756951,136.213516,10.21,0.74,1.33
18:38:43,1326.4,6,RTK_FIXED,30,36.0756951,136.213516,10.2,0.74,1.33
18:38:45,1327.51,6,RTK_FIXED,30,36.0756952,136.2135159,10.2,0.74,1.33
18:38:46,1328.6,6,RTK_FIXED,30,36.0756951,136.2135159,10.2,0.74,1.33
18:38:47,1329.6,6,RTK_FIXED,30,36.0756951,136.213516,10.21,0.74,1.33
18:38:48,1330.7,6,RTK_FIXED,31,36.0756951,136.213516,10.22,0.74,1.33
18:38:49,1331.8,6,RTK_FIXED,31,36.0756952,136.2135159,10.19,0.74,1.33
18:38:50,1332.8,6,RTK_FIXED,31,36.0756951,136.213516,10.22,0.74,1.33
18:38:51,1333.8,6,RTK_FIXED,31,36.0756951,136.2135159,10.21,0.74,1.33
18:38:52,1334.9,6,RTK_FIXED,31,36.0756951,136.213516,10.22,0.74,1.33
18:38:53,1335.9,6,RTK_FIXED,31,36.0756951,136.2135159,10.21,0.74,1.33
18:38:54,1337.01,6,RTK_FIXED,31,36.0756952,136.2135159,10.2,0.74,1.33
18:38:55,1338.1,6,RTK_FIXED,30,36.0756951,136.2135159,10.22,0.74,1.33
18:38:56,1339.1,6,RTK_FIXED,30,36.0756951,136.2135159,10.22,0.74,1.33
18:38:57,1340.1,6,RTK_FIXED,30,36.0756951,136.2135159,10.22,0.74,1.33
18:38:58,1341.2,6,RTK_FIXED,30,36.0756951,136.2135159,10.21,0.74,1.33
18:38:59,1342.3,6,RTK_FIXED,30,36.0756951,136.2135159,10.21,0.74,1.33
18:39:00,1343.3,6,RTK_FIXED,30,36.0756951,136.2135159,10.19,0.74,1.33
18:39:01,1344.3,6,RTK_FIXED,30,36.0756952,136.2135159,10.19,0.74,1.33
18:39:02,1345.4,6,RTK_FIXED,30,36.0756951,136.2135159,10.21,0.74,1.33
18:39:03,1346.4,6,RTK_FIXED,30,36.0756951,136.2135159,10.2,0.74,1.33
18:39:04,1347.4,6,RTK_FIXED,30,36.0756951,136.2135159,10.2,0.74,1.33
18:39:06,1348.51,6,RTK_FIXED,30,36.0756951,136.2135159,10.21,0.74,1.33
18:39:07,1349.51,6,RTK_FIXED,30,36.0756951,136.2135159,10.21,0.74,1.33
18:39:08,1350.51,6,RTK_FIXED,30,36.0756952,136.2135158,10.18,0.74,1.33
18:39:09,1351.6,6,RTK_FIXED,30,36.0756951,136.213516,10.21,0.74,1.33
18:39:10,1352.7,6,RTK_FIXED,30,36.0756951,136.2135159,10.2,0.74,1.33
18:39:11,1353.8,6,RTK_FIXED,30,36.0756952,136.2135159,10.19,0.74,1.33
18:39:12,1354.9,6,RTK_FIXED,30,36.0756951,136.2135159,10.2,0.74,1.33
18:39:13,1355.9,6,RTK_FIXED,30,36.0756951,136.2135159,10.21,0.74,1.33
18:39:14,1357.01,6,RTK_FIXED,30,36.0756951,136.2135159,10.2,0.74,1.33
18:39:15,1358.01,6,RTK_FIXED,30,36.0756952,136.2135159,10.18,0.74,1.33
18:39:16,1359.1,6,RTK_FIXED,30,36.0756952,136.2135159,10.18,0.74,1.33
18:39:17,1360.1,6,RTK_FIXED,30,36.0756951,136.213516,10.2,0.74,1.33
18:39:18,1361.1,6,RTK_FIXED,30,36.0756951,136.2135159,10.18,0.74,1.33
18:39:19,1362.2,6,RTK_FIXED,30,36.0756951,136.2135159,10.18,0.74,1.33
18:39:20,1363.2,6,RTK_FIXED,30,36.0756951,136.2135159,10.2,0.74,1.33
18:39:21,1364.3,6,RTK_FIXED,30,36.0756951,136.213516,10.2,0.74,1.33
18:39:22,1365.4,6,RTK_FIXED,30,36.0756951,136.213516,10.2,0.74,1.33
18:39:24,1366.51,6,RTK_FIXED,30,36.0756951,136.213516,10.2,0.74,1.33
18:39:25,1367.6,6,RTK_FIXED,30,36.0756952,136.213516,10.19,0.74,1.33
18:39:26,1368.6,6,RTK_FIXED,30,36.0756952,136.2135159,10.18,0.74,1.33
18:39:27,1369.7,6,RTK_FIXED,30,36.0756952,136.2135159,10.19,0.74,1.33
18:39:28,1370.8,6,RTK_FIXED,30,36.0756952,136.213516,10.2,0.74,1.33
18:39:29,1371.8,6,RTK_FIXED,30,36.0756952,136.2135159,10.2,0.74,1.33
18:39:30,1372.9,6,RTK_FIXED,30,36.0756952,136.213516,10.2,0.74,1.33
18:39:31,1374.01,6,RTK_FIXED,30,36.0756952,136.2135159,10.18,0.74,1.33
18:39:32,1375.01,6,RTK_FIXED,30,36.0756951,136.213516,10.2,0.74,1.33
18:39:33,1376.1,6,RTK_FIXED,30,36.0756951,136.213516,10.2,0.74,1.33
18:39:34,1377.2,6,RTK_FIXED,30,36.0756952,136.213516,10.2,0.74,1.33
18:39:35,1378.2,6,RTK_FIXED,30,36.0756951,136.213516,10.2,0.74,1.33
18:39:36,1379.2,6,RTK_FIXED,30,36.0756952,136.213516,10.19,0.74,1.33
18:39:37,1380.3,6,RTK_FIXED,30,36.0756952,136.2135159,10.2,0.74,1.33
18:39:38,1381.3,6,RTK_FIXED,30,36.0756951,136.213516,10.2,0.74,1.33
18:39:39,1382.3,6,RTK_FIXED,31,36.0756951,136.213516,10.2,0.74,1.33
18:39:40,1383.4,6,RTK_FIXED,31,36.0756952,136.2135159,10.18,0.74,1.33
18:39:42,1384.51,6,RTK_FIXED,31,36.0756952,136.2135159,10.18,0.74,1.33
18:39:43,1385.51,6,RTK_FIXED,31,36.0756952,136.2135159,10.18,0.74,1.33
18:39:44,1386.6,6,RTK_FIXED,31,36.0756951,136.213516,10.2,0.74,1.33
18:39:45,1387.6,6,RTK_FIXED,31,36.0756951,136.213516,10.19,0.74,1.33
18:39:46,1388.6,6,RTK_FIXED,31,36.0756951,136.2135159,10.19,0.74,1.33
18:39:47,1389.6,6,RTK_FIXED,31,36.0756951,136.213516,10.21,0.74,1.33
18:39:48,1390.7,6,RTK_FIXED,31,36.0756952,136.213516,10.21,0.74,1.33
18:39:49,1391.7,6,RTK_FIXED,31,36.0756952,136.2135159,10.19,0.74,1.33
18:39:50,1392.8,6,RTK_FIXED,31,36.0756952,136.2135159,10.2,0.74,1.33
18:39:51,1393.8,6,RTK_FIXED,31,36.0756952,136.2135159,10.2,0.74,1.33
18:39:52,1394.9,6,RTK_FIXED,31,36.0756952,136.2135159,10.2,0.74,1.33
18:39:53,1396.01,6,RTK_FIXED,31,36.0756952,136.2135159,10.2,0.74,1.33
18:39:54,1397.1,6,RTK_FIXED,31,36.0756952,136.2135159,10.2,0.74,1.33
18:39:55,1398.2,6,RTK_FIXED,31,36.0756951,136.2135159,10.2,0.74,1.33
18:39:56,1399.3,6,RTK_FIXED,31,36.0756951,136.2135159,10.2,0.74,1.33
18:39:57,1400.3,6,RTK_FIXED,31,36.0756951,136.2135159,10.21,0.74,1.33
18:39:58,1401.3,6,RTK_FIXED,31,36.0756951,136.2135159,10.21,0.74,1.33
18:39:59,1402.4,6,RTK_FIXED,31,36.0756952,136.2135159,10.19,0.74,1.33
18:40:01,1403.51,6,RTK_FIXED,31,36.0756952,136.2135159,10.19,0.74,1.33
18:40:02,1404.51,6,RTK_FIXED,31,36.0756952,136.2135159,10.2,0.74,1.33
18:40:03,1405.6,6,RTK_FIXED,31,36.0756952,136.2135159,10.2,0.74,1.33
18:40:04,1406.6,6,RTK_FIXED,31,36.0756952,136.213516,10.21,0.74,1.33
18:40:05,1407.6,6,RTK_FIXED,31,36.0756952,136.2135159,10.21,0.74,1.33
18:40:06,1408.7,6,RTK_FIXED,31,36.0756952,136.2135159,10.2,0.74,1.33
18:40:07,1409.8,6,RTK_FIXED,31,36.0756952,136.2135159,10.2,0.74,1.33
18:40:08,1410.8,6,RTK_FIXED,31,36.0756952,136.2135159,10.2,0.74,1.33
18:40:09,1411.9,6,RTK_FIXED,31,36.0756952,136.213516,10.21,0.74,1.33
18:40:10,1413.01,6,RTK_FIXED,31,36.0756952,136.2135159,10.2,0.74,1.33
18:40:11,1414.1,6,RTK_FIXED,31,36.0756952,136.2135159,10.2,0.74,1.33
18:40:12,1415.1,6,RTK_FIXED,31,36.0756952,136.2135159,10.2,0.74,1.33
18:40:13,1416.2,6,RTK_FIXED,31,36.0756952,136.213516,10.2,0.74,1.33
18:40:14,1417.2,6,RTK_FIXED,30,36.0756952,136.2135159,10.19,0.74,1.33
18:40:15,1418.3,6,RTK_FIXED,30,36.0756952,136.213516,10.2,0.74,1.33
18:40:16,1419.4,6,RTK_FIXED,31,36.0756952,136.213516,10.21,0.74,1.33
18:40:17,1420.4,6,RTK_FIXED,31,36.0756951,136.213516,10.22,0.74,1.33
18:40:19,1421.51,6,RTK_FIXED,31,36.0756952,136.2135159,10.21,0.74,1.33
18:40:20,1422.6,6,RTK_FIXED,31,36.0756952,136.2135159,10.19,0.74,1.33
18:40:21,1423.6,6,RTK_FIXED,31,36.0756952,136.2135159,10.19,0.74,1.33
18:40:22,1424.6,6,RTK_FIXED,31,36.0756952,136.213516,10.21,0.74,1.33
18:40:23,1425.6,6,RTK_FIXED,31,36.0756952,136.213516,10.21,0.74,1.33
18:40:24,1426.7,6,RTK_FIXED,31,36.0756952,136.213516,10.21,0.74,1.33
18:40:25,1427.8,6,RTK_FIXED,31,36.0756952,136.213516,10.19,0.74,1.33
18:40:26,1428.9,6,RTK_FIXED,31,36.0756952,136.213516,10.2,0.74,1.33
18:40:27,1429.9,6,RTK_FIXED,31,36.0756952,136.2135159,10.2,0.74,1.33
18:40:28,1430.9,6,RTK_FIXED,31,36.0756952,136.213516,10.2,0.74,1.33
18:40:29,1432.01,6,RTK_FIXED,31,36.0756952,136.213516,10.19,0.74,1.33
18:40:30,1433.01,6,RTK_FIXED,31,36.0756952,136.213516,10.2,0.74,1.33
18:40:31,1434.1,6,RTK_FIXED,31,36.0756952,136.213516,10.19,0.74,1.33
18:40:32,1435.1,6,RTK_FIXED,31,36.0756952,136.213516,10.19,0.74,1.33
18:40:33,1436.1,6,RTK_FIXED,31,36.0756952,136.213516,10.2,0.74,1.33
18:40:34,1437.2,6,RTK_FIXED,31,36.0756952,136.2135159,10.19,0.74,1.33
18:40:35,1438.3,6,RTK_FIXED,31,36.0756952,136.2135159,10.19,0.74,1.33
18:40:36,1439.4,6,RTK_FIXED,31,36.0756952,136.213516,10.19,0.74,1.33
18:40:37,1440.4,6,RTK_FIXED,31,36.0756952,136.2135159,10.18,0.74,1.33
18:40:38,1441.4,6,RTK_FIXED,31,36.0756952,136.2135159,10.19,0.74,1.33
18:40:39,1442.4,6,RTK_FIXED,31,36.0756952,136.2135159,10.19,0.74,1.33
18:40:40,1443.4,6,RTK_FIXED,31,36.0756952,136.2135159,10.19,0.74,1.33
18:40:42,1444.51,6,RTK_FIXED,31,36.0756952,136.213516,10.2,0.74,1.33
18:40:43,1445.6,6,RTK_FIXED,31,36.0756952,136.2135159,10.19,0.74,1.33
18:40:44,1446.6,6,RTK_FIXED,31,36.0756952,136.213516,10.19,0.74,1.33
18:40:45,1447.6,6,RTK_FIXED,31,36.0756952,136.2135159,10.19,0.74,1.33
18:40:46,1448.7,6,RTK_FIXED,31,36.0756952,136.2135159,10.19,0.74,1.33
18:40:47,1449.8,6,RTK_FIXED,31,36.0756952,136.2135159,10.18,0.74,1.33
18:40:48,1450.9,6,RTK_FIXED,31,36.0756952,136.2135159,10.19,0.74,1.33
18:40:49,1451.9,6,RTK_FIXED,31,36.0756952,136.213516,10.2,0.74,1.33
18:40:50,1453.01,6,RTK_FIXED,31,36.0756952,136.213516,10.19,0.74,1.33
18:40:51,1454.1,6,RTK_FIXED,31,36.0756952,136.213516,10.18,0.74,1.33
18:40:52,1455.2,6,RTK_FIXED,31,36.0756952,136.213516,10.19,0.74,1.33
18:40:53,1456.2,6,RTK_FIXED,31,36.0756952,136.213516,10.18,0.74,1.33
18:40:54,1457.3,6,RTK_FIXED,31,36.0756952,136.213516,10.19,0.74,1.33
18:40:55,1458.3,6,RTK_FIXED,31,36.0756953,136.213516,10.18,0.74,1.33
18:40:56,1459.4,6,RTK_FIXED,31,36.0756952,136.213516,10.18,0.74,1.33
18:40:58,1460.51,6,RTK_FIXED,31,36.0756952,136.213516,10.18,0.74,1.33
18:40:59,1461.51,6,RTK_FIXED,31,36.0756952,136.213516,10.19,0.74,1.33
18:41:00,1462.6,6,RTK_FIXED,31,36.0756952,136.213516,10.2,0.74,1.33
18:41:01,1463.7,6,RTK_FIXED,31,36.0756952,136.213516,10.18,0.74,1.33
18:41:02,1464.7,6,RTK_FIXED,31,36.0756952,136.213516,10.18,0.74,1.33
18:41:03,1465.8,6,RTK_FIXED,31,36.0756952,136.213516,10.19,0.74,1.33
18:41:04,1466.9,6,RTK_FIXED,31,36.0756952,136.213516,10.2,0.74,1.33
18:41:05,1467.9,6,RTK_FIXED,31,36.0756952,136.213516,10.19,0.74,1.33
18:41:06,1468.9,6,RTK_FIXED,31,36.0756952,136.213516,10.2,0.74,1.33
18:41:07,1469.9,6,RTK_FIXED,31,36.0756952,136.213516,10.2,0.74,1.33
18:41:08,1471.01,6,RTK_FIXED,31,36.0756952,136.2135159,10.19,0.74,1.33
18:41:09,1472.01,6,RTK_FIXED,31,36.0756952,136.213516,10.2,0.74,1.32
18:41:10,1473.01,6,RTK_FIXED,31,36.0756952,136.213516,10.2,0.74,1.32
18:41:11,1474.1,6,RTK_FIXED,31,36.0756952,136.213516,10.2,0.74,1.32
18:41:12,1475.2,6,RTK_FIXED,31,36.0756952,136.213516,10.19,0.74,1.32
18:41:13,1476.2,6,RTK_FIXED,31,36.0756952,136.213516,10.2,0.74,1.32
18:41:14,1477.2,6,RTK_FIXED,31,36.0756952,136.213516,10.2,0.74,1.32
18:41:15,1478.2,6,RTK_FIXED,31,36.0756952,136.213516,10.21,0.74,1.32
18:41:16,1479.2,6,RTK_FIXED,31,36.0756952,136.213516,10.2,0.74,1.32
18:41:17,1480.2,6,RTK_FIXED,31,36.0756951,136.213516,10.21,0.74,1.32
18:41:18,1481.21,6,RTK_FIXED,31,36.0756951,136.213516,10.21,0.74,1.32
18:41:19,1482.3,6,RTK_FIXED,31,36.0756951,136.213516,10.2,0.74,1.32
18:41:20,1483.4,6,RTK_FIXED,31,36.0756951,136.213516,10.21,0.74,1.32
18:41:21,1484.41,6,RTK_FIXED,31,36.0756952,136.213516,10.21,0.74,1.32
18:41:23,1485.51,6,RTK_FIXED,31,36.0756952,136.213516,10.21,0.74,1.32
18:41:24,1486.61,6,RTK_FIXED,31,36.0756951,136.213516,10.22,0.74,1.32
18:41:25,1487.7,6,RTK_FIXED,31,36.0756951,136.213516,10.21,0.74,1.32
18:41:26,1488.8,6,RTK_FIXED,31,36.0756951,136.213516,10.21,0.74,1.32
18:41:27,1489.9,6,RTK_FIXED,30,36.0756951,136.213516,10.21,0.74,1.32
18:41:28,1490.91,6,RTK_FIXED,30,36.0756951,136.213516,10.21,0.74,1.32
18:41:29,1492.01,6,RTK_FIXED,30,36.0756951,136.213516,10.21,0.74,1.32
18:41:30,1493.01,6,RTK_FIXED,30,36.0756951,136.2135159,10.19,0.74,1.32
18:41:31,1494.01,6,RTK_FIXED,30,36.0756952,136.213516,10.22,0.74,1.32
18:41:32,1495.1,6,RTK_FIXED,31,36.0756952,136.213516,10.21,0.74,1.32
18:41:33,1496.1,6,RTK_FIXED,31,36.0756951,136.213516,10.21,0.74,1.32
18:41:34,1497.11,6,RTK_FIXED,31,36.0756952,136.213516,10.21,0.74,1.32
18:41:35,1498.2,6,RTK_FIXED,31,36.0756952,136.213516,10.22,0.74,1.32
18:41:36,1499.21,6,RTK_FIXED,31,36.0756952,136.213516,10.21,0.74,1.32
18:41:37,1500.21,6,RTK_FIXED,31,36.0756952,136.213516,10.21,0.74,1.32
18:41:38,1501.31,6,RTK_FIXED,31,36.0756952,136.213516,10.2,0.74,1.32
18:41:39,1502.41,6,RTK_FIXED,31,36.0756952,136.213516,10.2,0.74,1.32
18:41:41,1503.51,6,RTK_FIXED,31,36.0756952,136.213516,10.2,0.74,1.32
18:41:42,1504.51,6,RTK_FIXED,31,36.0756951,136.213516,10.22,0.74,1.32
18:41:43,1505.51,6,RTK_FIXED,31,36.0756952,136.213516,10.21,0.74,1.32
18:41:44,1506.61,6,RTK_FIXED,31,36.0756952,136.213516,10.21,0.74,1.32
18:41:45,1507.71,6,RTK_FIXED,31,36.0756952,136.213516,10.21,0.74,1.32
18:41:46,1508.71,6,RTK_FIXED,31,36.0756952,136.213516,10.21,0.74,1.32
18:41:47,1509.81,6,RTK_FIXED,31,36.0756952,136.213516,10.2,0.74,1.32
18:41:48,1510.81,6,RTK_FIXED,31,36.0756952,136.213516,10.2,0.74,1.32
18:41:49,1511.81,6,RTK_FIXED,31,36.0756952,136.213516,10.2,0.74,1.32
18:41:50,1512.91,6,RTK_FIXED,31,36.0756952,136.213516,10.2,0.74,1.32
18:41:51,1513.91,6,RTK_FIXED,31,36.0756951,136.213516,10.21,0.74,1.32
18:41:52,1515.01,6,RTK_FIXED,31,36.0756952,136.213516,10.19,0.74,1.32
18:41:53,1516.01,6,RTK_FIXED,31,36.0756952,136.213516,10.19,0.74,1.32
18:41:54,1517.01,6,RTK_FIXED,31,36.0756952,136.213516,10.2,0.74,1.32
18:41:55,1518.11,6,RTK_FIXED,31,36.0756952,136.213516,10.21,0.74,1.32
18:41:56,1519.11,6,RTK_FIXED,31,36.0756952,136.213516,10.2,0.74,1.32
18:41:57,1520.11,6,RTK_FIXED,31,36.0756952,136.213516,10.2,0.74,1.32
18:41:58,1521.21,6,RTK_FIXED,31,36.0756952,136.213516,10.22,0.74,1.32
18:41:59,1522.21,6,RTK_FIXED,31,36.0756952,136.213516,10.2,0.74,1.32
18:42:00,1523.31,6,RTK_FIXED,31,36.0756952,136.213516,10.21,0.74,1.32
18:42:01,1524.31,6,RTK_FIXED,31,36.0756952,136.213516,10.2,0.74,1.32
18:42:02,1525.41,6,RTK_FIXED,31,36.0756952,136.213516,10.2,0.74,1.32
18:42:04,1526.51,6,RTK_FIXED,31,36.0756952,136.2135161,10.21,0.74,1.32
18:42:05,1527.51,6,RTK_FIXED,31,36.0756952,136.213516,10.2,0.74,1.32
18:42:06,1528.51,6,RTK_FIXED,31,36.0756952,136.2135161,10.21,0.74,1.32
18:42:07,1529.61,6,RTK_FIXED,31,36.0756952,136.213516,10.2,0.74,1.32
18:42:08,1530.61,6,RTK_FIXED,31,36.0756952,136.213516,10.2,0.74,1.32
18:42:09,1531.61,6,RTK_FIXED,31,36.0756952,136.213516,10.2,0.74,1.32
18:42:10,1532.71,6,RTK_FIXED,31,36.0756952,136.213516,10.19,0.74,1.32
18:42:11,1533.71,6,RTK_FIXED,31,36.0756952,136.213516,10.19,0.74,1.32
18:42:12,1534.81,6,RTK_FIXED,31,36.0756952,136.213516,10.18,0.74,1.32
18:42:13,1535.91,6,RTK_FIXED,31,36.0756952,136.213516,10.2,0.74,1.32
18:42:14,1537.01,6,RTK_FIXED,31,36.0756952,136.213516,10.2,0.74,1.32
18:42:15,1538.11,6,RTK_FIXED,31,36.0756952,136.213516,10.2,0.74,1.32
18:42:16,1539.21,6,RTK_FIXED,31,36.0756952,136.213516,10.2,0.74,1.32
18:42:17,1540.31,6,RTK_FIXED,31,36.0756952,136.213516,10.19,0.74,1.32
18:42:18,1541.31,6,RTK_FIXED,31,36.0756952,136.213516,10.2,0.74,1.32
18:42:19,1542.41,6,RTK_FIXED,31,36.0756952,136.213516,10.19,0.74,1.32
18:42:20,1543.41,6,RTK_FIXED,31,36.0756952,136.213516,10.2,0.74,1.32
18:42:21,1544.41,6,RTK_FIXED,31,36.0756952,136.213516,10.2,0.74,1.32
18:42:22,1545.41,6,RTK_FIXED,31,36.0756952,136.213516,10.2,0.74,1.32
18:42:24,1546.51,6,RTK_FIXED,31,36.0756952,136.213516,10.2,0.74,1.32
18:42:25,1547.51,6,RTK_FIXED,31,36.0756952,136.213516,10.21,0.74,1.32
18:42:26,1548.61,6,RTK_FIXED,31,36.0756952,136.213516,10.2,0.74,1.32
18:42:27,1549.71,6,RTK_FIXED,31,36.0756952,136.2135161,10.2,0.74,1.32
18:42:28,1550.81,6,RTK_FIXED,31,36.0756951,136.2135161,10.21,0.74,1.32
18:42:29,1551.91,6,RTK_FIXED,31,36.0756951,136.2135161,10.21,0.74,1.32
18:42:30,1552.91,6,RTK_FIXED,31,36.0756951,136.2135161,10.22,0.74,1.32
18:42:31,1553.91,6,RTK_FIXED,31,36.0756951,136.2135161,10.21,0.74,1.32
18:42:32,1555.01,6,RTK_FIXED,31,36.0756951,136.2135161,10.21,0.74,1.32
18:42:33,1556.01,6,RTK_FIXED,31,36.0756951,136.2135161,10.21,0.74,1.32
18:42:34,1557.01,6,RTK_FIXED,31,36.0756953,136.2135161,10.19,0.74,1.32
18:42:35,1558.11,6,RTK_FIXED,31,36.0756952,136.213516,10.2,0.74,1.32
18:42:36,1559.21,6,RTK_FIXED,31,36.0756952,136.213516,10.2,0.74,1.32
18:42:37,1560.21,6,RTK_FIXED,31,36.0756952,136.213516,10.2,0.74,1.32
18:42:38,1561.21,6,RTK_FIXED,31,36.0756952,136.213516,10.2,0.74,1.32
18:42:39,1562.31,6,RTK_FIXED,31,36.0756952,136.213516,10.2,0.74,1.32
18:42:40,1563.41,6,RTK_FIXED,31,36.0756952,136.213516,10.2,0.74,1.32
18:42:41,1564.41,6,RTK_FIXED,31,36.0756952,136.213516,10.21,0.74,1.32
18:42:42,1565.41,6,RTK_FIXED,31,36.0756952,136.2135161,10.21,0.74,1.32
18:42:44,1566.51,6,RTK_FIXED,30,36.0756951,136.2135161,10.22,0.74,1.32
18:42:45,1567.61,6,RTK_FIXED,30,36.0756952,136.213516,10.21,0.74,1.32
18:42:46,1568.61,6,RTK_FIXED,31,36.0756951,136.213516,10.21,0.74,1.32
18:42:47,1569.71,6,RTK_FIXED,31,36.0756952,136.213516,10.2,0.74,1.32
18:42:48,1570.71,6,RTK_FIXED,31,36.0756952,136.213516,10.21,0.74,1.32
18:42:49,1571.81,6,RTK_FIXED,32,36.0756952,136.2135161,10.21,0.74,1.32
18:42:50,1572.81,6,RTK_FIXED,32,36.0756952,136.213516,10.2,0.74,1.32
18:42:51,1573.81,6,RTK_FIXED,32,36.0756951,136.213516,10.22,0.74,1.32
18:42:52,1574.91,6,RTK_FIXED,32,36.0756951,136.2135161,10.22,0.74,1.32
18:42:53,1575.91,6,RTK_FIXED,32,36.0756951,136.213516,10.22,0.74,1.32
18:42:54,1577.01,6,RTK_FIXED,32,36.0756951,136.213516,10.22,0.74,1.32
18:42:55,1578.11,6,RTK_FIXED,32,36.0756951,136.213516,10.22,0.74,1.32
18:42:56,1579.21,6,RTK_FIXED,32,36.0756951,136.213516,10.21,0.74,1.32
18:42:57,1580.21,6,RTK_FIXED,32,36.0756951,136.213516,10.22,0.74,1.32
18:42:58,1581.31,6,RTK_FIXED,32,36.0756952,136.213516,10.21,0.74,1.32
18:42:59,1582.31,6,RTK_FIXED,32,36.0756951,136.213516,10.21,0.74,1.32
18:43:00,1583.41,6,RTK_FIXED,32,36.0756951,136.213516,10.21,0.74,1.32
18:43:01,1584.41,6,RTK_FIXED,32,36.0756951,136.2135161,10.22,0.74,1.32
18:43:02,1585.41,6,RTK_FIXED,31,36.0756952,136.213516,10.21,0.74,1.32
18:43:04,1586.51,6,RTK_FIXED,31,36.0756951,136.213516,10.21,0.74,1.32
18:43:05,1587.51,6,RTK_FIXED,31,36.0756951,136.213516,10.22,0.74,1.32
18:43:06,1588.61,6,RTK_FIXED,31,36.0756951,136.213516,10.23,0.74,1.32
18:43:07,1589.61,6,RTK_FIXED,31,36.0756951,136.213516,10.22,0.74,1.32
18:43:08,1590.61,6,RTK_FIXED,31,36.0756951,136.213516,10.22,0.74,1.32
18:43:09,1591.71,6,RTK_FIXED,32,36.0756952,136.2135161,10.21,0.74,1.32
18:43:10,1592.81,6,RTK_FIXED,32,36.0756951,136.213516,10.22,0.74,1.32
18:43:11,1593.81,6,RTK_FIXED,32,36.0756951,136.2135161,10.21,0.74,1.3
18:43:12,1594.91,6,RTK_FIXED,32,36.0756952,136.2135161,10.2,0.74,1.3
18:43:13,1595.91,6,RTK_FIXED,32,36.0756951,136.2135161,10.21,0.74,1.3
18:43:14,1597.01,6,RTK_FIXED,30,36.0756952,136.213516,10.2,0.74,1.3
18:43:15,1598.01,6,RTK_FIXED,31,36.0756951,136.2135161,10.21,0.74,1.3
18:43:16,1599.01,6,RTK_FIXED,32,36.0756951,136.213516,10.2,0.74,1.3
18:43:17,1600.11,6,RTK_FIXED,32,36.0756951,136.2135161,10.21,0.74,1.3
18:43:18,1601.11,6,RTK_FIXED,32,36.0756951,136.213516,10.22,0.74,1.3
18:43:19,1602.21,6,RTK_FIXED,32,36.0756951,136.2135161,10.21,0.74,1.3
18:43:20,1603.21,6,RTK_FIXED,32,36.0756951,136.2135161,10.21,0.74,1.3
18:43:21,1604.31,6,RTK_FIXED,32,36.0756951,136.213516,10.21,0.74,1.3
18:43:22,1605.31,6,RTK_FIXED,32,36.0756951,136.2135161,10.21,0.74,1.3
18:43:23,1606.31,6,RTK_FIXED,32,36.0756951,136.2135161,10.21,0.74,1.3
18:43:24,1607.31,6,RTK_FIXED,32,36.0756952,136.2135161,10.21,0.74,1.3
18:43:25,1608.31,6,RTK_FIXED,32,36.0756952,136.213516,10.2,0.74,1.3
18:43:26,1609.31,6,RTK_FIXED,32,36.0756952,136.2135161,10.2,0.74,1.3
18:43:27,1610.31,6,RTK_FIXED,31,36.0756952,136.2135161,10.2,0.74,1.3
18:43:28,1611.41,6,RTK_FIXED,31,36.0756951,136.213516,10.21,0.74,1.3
18:43:30,1612.51,6,RTK_FIXED,32,36.0756952,136.213516,10.2,0.74,1.3
18:43:31,1613.51,6,RTK_FIXED,32,36.0756951,136.213516,10.21,0.74,1.3
18:43:32,1614.61,6,RTK_FIXED,32,36.0756952,136.213516,10.21,0.74,1.3
18:43:33,1615.71,6,RTK_FIXED,32,36.0756952,136.213516,10.21,0.74,1.3
18:43:34,1616.71,6,RTK_FIXED,32,36.0756952,136.213516,10.19,0.72,1.17
18:43:35,1617.81,6,RTK_FIXED,32,36.0756952,136.213516,10.2,0.72,1.17
18:43:36,1618.91,6,RTK_FIXED,32,36.0756952,136.213516,10.18,0.72,1.17
18:43:37,1619.91,6,RTK_FIXED,32,36.0756952,136.213516,10.19,0.72,1.17
18:43:38,1620.91,6,RTK_FIXED,32,36.0756952,136.213516,10.19,0.72,1.17
18:43:39,1621.91,6,RTK_FIXED,32,36.0756953,136.213516,10.18,0.72,1.17
18:43:40,1622.91,6,RTK_FIXED,32,36.0756953,136.213516,10.18,0.72,1.17
18:43:41,1624.01,6,RTK_FIXED,32,36.0756952,136.213516,10.19,0.72,1.17
18:43:42,1625.01,6,RTK_FIXED,32,36.0756953,136.213516,10.18,0.72,1.17
18:43:43,1626.11,6,RTK_FIXED,32,36.0756953,136.213516,10.18,0.72,1.17
18:43:44,1627.21,6,RTK_FIXED,32,36.0756952,136.213516,10.18,0.72,1.17
18:43:45,1628.21,6,RTK_FIXED,32,36.0756952,136.213516,10.18,0.72,1.17
18:43:46,1629.31,6,RTK_FIXED,32,36.0756952,136.213516,10.18,0.72,1.17
18:43:47,1630.31,6,RTK_FIXED,32,36.0756952,136.213516,10.18,0.72,1.17
18:43:48,1631.41,6,RTK_FIXED,32,36.0756952,136.213516,10.18,0.72,1.17
18:43:49,1632.41,6,RTK_FIXED,32,36.0756952,136.213516,10.17,0.72,1.17
18:43:51,1633.51,6,RTK_FIXED,32,36.0756953,136.213516,10.18,0.72,1.17
18:43:52,1634.61,6,RTK_FIXED,32,36.0756953,136.213516,10.18,0.72,1.17
18:43:53,1635.61,6,RTK_FIXED,32,36.0756953,136.213516,10.17,0.72,1.17
18:43:54,1636.61,6,RTK_FIXED,32,36.0756952,136.213516,10.19,0.72,1.17
18:43:55,1637.71,6,RTK_FIXED,32,36.0756953,136.213516,10.18,0.72,1.17
18:43:56,1638.71,6,RTK_FIXED,32,36.0756953,136.213516,10.17,0.72,1.17
18:43:57,1639.71,6,RTK_FIXED,32,36.0756953,136.213516,10.18,0.72,1.17
18:43:58,1640.71,6,RTK_FIXED,32,36.0756953,136.213516,10.18,0.72,1.17
18:43:59,1641.81,6,RTK_FIXED,32,36.0756952,136.213516,10.19,0.72,1.17
18:44:00,1642.91,6,RTK_FIXED,32,36.0756952,136.213516,10.19,0.72,1.17
18:44:01,1644.02,6,RTK_FIXED,32,36.0756953,136.213516,10.18,0.72,1.17
18:44:02,1645.11,6,RTK_FIXED,32,36.0756952,136.213516,10.19,0.72,1.17
18:44:03,1646.21,6,RTK_FIXED,32,36.0756953,136.213516,10.18,0.72,1.17
18:44:04,1647.21,6,RTK_FIXED,32,36.0756953,136.213516,10.19,0.72,1.17
18:44:05,1648.21,6,RTK_FIXED,32,36.0756953,136.213516,10.19,0.72,1.17
18:44:06,1649.31,6,RTK_FIXED,32,36.0756952,136.213516,10.19,0.72,1.17
18:44:07,1650.31,6,RTK_FIXED,32,36.0756952,136.213516,10.19,0.72,1.17
18:44:08,1651.31,6,RTK_FIXED,32,36.0756952,136.213516,10.18,0.72,1.17
18:44:09,1652.41,6,RTK_FIXED,32,36.0756952,136.213516,10.19,0.72,1.17
18:44:11,1653.51,6,RTK_FIXED,32,36.0756952,136.213516,10.19,0.72,1.17
18:44:12,1654.51,6,RTK_FIXED,32,36.0756952,136.213516,10.19,0.72,1.17
18:44:13,1655.61,6,RTK_FIXED,32,36.0756952,136.213516,10.18,0.72,1.17
18:44:14,1656.61,6,RTK_FIXED,32,36.0756952,136.213516,10.19,0.72,1.17
18:44:15,1657.61,6,RTK_FIXED,31,36.0756952,136.213516,10.18,0.72,1.17
18:44:16,1658.71,6,RTK_FIXED,31,36.0756952,136.213516,10.19,0.72,1.17
18:44:17,1659.71,6,RTK_FIXED,31,36.0756952,136.213516,10.19,0.72,1.17
18:44:18,1660.71,6,RTK_FIXED,31,36.0756952,136.213516,10.2,0.72,1.17
18:44:19,1661.81,6,RTK_FIXED,32,36.0756952,136.213516,10.19,0.72,1.17
18:44:20,1662.81,6,RTK_FIXED,32,36.0756952,136.213516,10.2,0.72,1.17
18:44:21,1663.91,6,RTK_FIXED,32,36.0756953,136.2135159,10.18,0.72,1.17
18:44:22,1665.02,6,RTK_FIXED,32,36.0756952,136.2135159,10.19,0.72,1.17
18:44:23,1666.11,6,RTK_FIXED,32,36.0756952,136.2135159,10.19,0.72,1.17
18:44:24,1667.11,6,RTK_FIXED,32,36.0756952,136.213516,10.2,0.72,1.17
18:44:25,1668.11,6,RTK_FIXED,32,36.0756953,136.2135159,10.16,0.72,1.17
18:44:26,1669.11,6,RTK_FIXED,32,36.0756952,136.213516,10.18,0.72,1.17
18:44:27,1670.21,6,RTK_FIXED,31,36.0756952,136.2135159,10.19,0.72,1.17
18:44:28,1671.31,6,RTK_FIXED,31,36.0756952,136.213516,10.2,0.72,1.17
18:44:29,1672.41,6,RTK_FIXED,31,36.0756952,136.213516,10.2,0.72,1.17
18:44:30,1673.41,6,RTK_FIXED,31,36.0756952,136.213516,10.2,0.72,1.17
18:44:31,1674.41,6,RTK_FIXED,31,36.0756952,136.213516,10.2,0.72,1.17
18:44:33,1675.52,6,RTK_FIXED,32,36.0756952,136.213516,10.2,0.72,1.17
18:44:34,1676.52,6,RTK_FIXED,32,36.0756952,136.213516,10.2,0.72,1.17
18:44:35,1677.61,6,RTK_FIXED,32,36.0756952,136.2135159,10.2,0.72,1.17
18:44:36,1678.61,6,RTK_FIXED,32,36.0756952,136.213516,10.2,0.72,1.17
18:44:37,1679.71,6,RTK_FIXED,32,36.0756952,136.2135159,10.2,0.72,1.17
18:44:38,1680.71,6,RTK_FIXED,32,36.0756952,136.2135159,10.2,0.72,1.17
18:44:39,1681.81,6,RTK_FIXED,32,36.0756952,136.2135159,10.2,0.72,1.17
18:44:40,1682.91,6,RTK_FIXED,32,36.0756952,136.2135159,10.2,0.72,1.17
18:44:41,1683.91,6,RTK_FIXED,32,36.0756951,136.2135159,10.21,0.72,1.17
18:44:42,1684.91,6,RTK_FIXED,32,36.0756952,136.2135159,10.2,0.72,1.17
18:44:43,1685.91,6,RTK_FIXED,32,36.0756952,136.213516,10.2,0.72,1.17
18:44:44,1686.91,6,RTK_FIXED,32,36.0756952,136.213516,10.19,0.72,1.17
18:44:45,1688.02,6,RTK_FIXED,32,36.0756952,136.213516,10.2,0.72,1.17
18:44:46,1689.11,6,RTK_FIXED,32,36.0756952,136.213516,10.2,0.72,1.17
18:44:47,1690.11,6,RTK_FIXED,32,36.0756952,136.2135159,10.19,0.72,1.17
18:44:48,1691.21,6,RTK_FIXED,32,36.0756952,136.213516,10.2,0.72,1.17
18:44:49,1692.31,6,RTK_FIXED,32,36.0756952,136.213516,10.2,0.72,1.17
18:44:50,1693.41,6,RTK_FIXED,32,36.0756952,136.213516,10.2,0.72,1.17
18:44:51,1694.41,6,RTK_FIXED,32,36.0756952,136.2135159,10.2,0.72,1.17
18:44:52,1695.41,6,RTK_FIXED,31,36.0756952,136.2135159,10.2,0.72,1.17
18:44:54,1696.52,6,RTK_FIXED,31,36.0756952,136.2135159,10.2,0.72,1.17
18:44:55,1697.61,6,RTK_FIXED,31,36.0756952,136.213516,10.19,0.72,1.17
18:44:56,1698.71,6,RTK_FIXED,32,36.0756952,136.2135159,10.2,0.72,1.17
18:44:57,1699.81,6,RTK_FIXED,32,36.0756952,136.2135159,10.2,0.72,1.17
18:44:58,1700.81,6,RTK_FIXED,32,36.0756952,136.213516,10.2,0.72,1.17
18:44:59,1701.91,6,RTK_FIXED,32,36.0756952,136.2135159,10.2,0.72,1.17
18:45:00,1703.02,6,RTK_FIXED,32,36.0756952,136.2135159,10.19,0.72,1.17
18:45:01,1704.11,6,RTK_FIXED,32,36.0756952,136.213516,10.19,0.72,1.17
18:45:02,1705.11,6,RTK_FIXED,31,36.0756952,136.2135159,10.2,0.72,1.17
18:45:03,1706.21,6,RTK_FIXED,31,36.0756951,136.213516,10.2,0.72,1.17
18:45:04,1707.21,6,RTK_FIXED,31,36.0756952,136.213516,10.19,0.72,1.17
18:45:05,1708.21,6,RTK_FIXED,31,36.0756951,136.213516,10.21,0.72,1.17
18:45:06,1709.21,6,RTK_FIXED,32,36.0756952,136.213516,10.18,0.72,1.17
18:45:07,1710.31,6,RTK_FIXED,32,36.0756952,136.213516,10.18,0.72,1.17
18:45:08,1711.31,6,RTK_FIXED,32,36.0756952,136.213516,10.18,0.72,1.17
18:45:09,1712.41,6,RTK_FIXED,32,36.0756952,136.213516,10.18,0.72,1.17
18:45:10,1713.41,6,RTK_FIXED,32,36.0756952,136.213516,10.19,0.72,1.17
18:45:11,1714.41,6,RTK_FIXED,32,36.0756952,136.213516,10.18,0.72,1.17
18:45:12,1715.41,6,RTK_FIXED,32,36.0756951,136.213516,10.19,0.72,1.17
18:45:13,1716.41,6,RTK_FIXED,32,36.0756952,136.213516,10.18,0.72,1.17
18:45:14,1717.41,6,RTK_FIXED,32,36.0756952,136.213516,10.18,0.72,1.17
18:45:15,1718.41,6,RTK_FIXED,32,36.0756952,136.213516,10.18,0.72,1.17
18:45:17,1719.52,6,RTK_FIXED,32,36.0756951,136.213516,10.19,0.72,1.17
18:45:18,1720.61,6,RTK_FIXED,32,36.0756952,136.2135159,10.18,0.72,1.17
18:45:19,1721.71,6,RTK_FIXED,32,36.0756952,136.213516,10.18,0.72,1.17
18:45:20,1722.81,6,RTK_FIXED,32,36.0756952,136.213516,10.19,0.72,1.17
18:45:21,1723.81,6,RTK_FIXED,32,36.0756952,136.213516,10.18,0.72,1.17
18:45:22,1724.91,6,RTK_FIXED,32,36.0756952,136.213516,10.18,0.72,1.17
18:45:23,1726.02,6,RTK_FIXED,32,36.0756952,136.213516,10.18,0.72,1.17
18:45:24,1727.02,6,RTK_FIXED,32,36.0756951,136.213516,10.19,0.72,1.17
18:45:25,1728.02,6,RTK_FIXED,31,36.0756951,136.213516,10.18,0.72,1.17
18:45:26,1729.02,6,RTK_FIXED,31,36.0756951,136.213516,10.19,0.72,1.17
18:45:27,1730.11,6,RTK_FIXED,31,36.0756951,136.213516,10.2,0.72,1.17
18:45:28,1731.11,6,RTK_FIXED,31,36.0756951,136.213516,10.19,0.72,1.17
18:45:29,1732.21,6,RTK_FIXED,31,36.0756951,136.213516,10.2,0.72,1.17
18:45:30,1733.31,6,RTK_FIXED,31,36.0756951,136.213516,10.19,0.72,1.17
18:45:31,1734.31,6,RTK_FIXED,31,36.0756951,136.213516,10.19,0.72,1.17
18:45:32,1735.41,6,RTK_FIXED,31,36.0756951,136.213516,10.2,0.72,1.17
18:45:33,1736.41,6,RTK_FIXED,31,36.0756951,136.213516,10.2,0.72,1.17
18:45:35,1737.52,6,RTK_FIXED,31,36.075695,136.213516,10.21,0.72,1.17
18:45:36,1738.52,6,RTK_FIXED,31,36.0756952,136.213516,10.19,0.72,1.17
18:45:37,1739.52,6,RTK_FIXED,31,36.0756952,136.213516,10.19,0.72,1.17
18:45:38,1740.61,6,RTK_FIXED,31,36.0756952,136.213516,10.18,0.72,1.17
18:45:39,1741.71,6,RTK_FIXED,31,36.0756952,136.213516,10.18,0.72,1.17
18:45:40,1742.81,6,RTK_FIXED,32,36.0756952,136.213516,10.19,0.72,1.17
18:45:41,1743.81,6,RTK_FIXED,31,36.0756952,136.213516,10.18,0.72,1.17
18:45:42,1744.91,6,RTK_FIXED,32,36.0756952,136.213516,10.18,0.72,1.17
18:45:43,1746.02,6,RTK_FIXED,31,36.0756952,136.213516,10.18,0.72,1.17
18:45:44,1747.11,6,RTK_FIXED,31,36.0756952,136.213516,10.18,0.72,1.17
18:45:45,1748.21,6,RTK_FIXED,32,36.0756952,136.213516,10.19,0.72,1.17
18:45:46,1749.21,6,RTK_FIXED,32,36.0756952,136.213516,10.19,0.72,1.17
18:45:47,1750.31,6,RTK_FIXED,32,36.0756951,136.213516,10.2,0.72,1.17
18:45:48,1751.31,6,RTK_FIXED,32,36.0756952,136.213516,10.19,0.72,1.17
18:45:49,1752.31,6,RTK_FIXED,32,36.0756952,136.213516,10.17,0.72,1.17
18:45:50,1753.31,6,RTK_FIXED,32,36.0756952,136.213516,10.18,0.72,1.17
18:45:51,1754.31,6,RTK_FIXED,32,36.0756952,136.213516,10.18,0.72,1.17
18:45:52,1755.41,6,RTK_FIXED,32,36.0756952,136.213516,10.18,0.72,1.17
18:45:53,1756.41,6,RTK_FIXED,31,36.0756952,136.213516,10.19,0.72,1.17
18:45:54,1757.41,6,RTK_FIXED,31,36.0756952,136.213516,10.18,0.72,1.17
18:45:56,1758.52,6,RTK_FIXED,31,36.0756952,136.213516,10.19,0.72,1.17
18:45:57,1759.52,6,RTK_FIXED,31,36.0756952,136.213516,10.2,0.72,1.17
18:45:58,1760.61,6,RTK_FIXED,31,36.0756952,136.213516,10.18,0.72,1.17
18:45:59,1761.71,6,RTK_FIXED,31,36.0756952,136.213516,10.18,0.72,1.17
18:46:00,1762.71,6,RTK_FIXED,30,36.0756952,136.213516,10.17,0.72,1.17
18:46:01,1763.81,6,RTK_FIXED,30,36.0756952,136.213516,10.18,0.72,1.17
18:46:02,1764.91,6,RTK_FIXED,30,36.0756952,136.213516,10.19,0.72,1.17
18:46:03,1766.02,6,RTK_FIXED,30,36.0756952,136.213516,10.19,0.72,1.17
18:46:04,1767.02,6,RTK_FIXED,30,36.0756952,136.213516,10.18,0.72,1.17
18:46:05,1768.11,6,RTK_FIXED,30,36.0756952,136.213516,10.18,0.72,1.17
18:46:06,1769.11,6,RTK_FIXED,30,36.0756952,136.213516,10.19,0.72,1.17
18:46:07,1770.21,6,RTK_FIXED,30,36.0756952,136.213516,10.19,0.72,1.17
18:46:08,1771.31,6,RTK_FIXED,30,36.0756951,136.213516,10.2,0.72,1.17
18:46:09,1772.41,6,RTK_FIXED,30,36.0756952,136.213516,10.19,0.72,1.17
18:46:10,1773.41,6,RTK_FIXED,30,36.0756952,136.213516,10.18,0.72,1.17
18:46:12,1774.52,6,RTK_FIXED,30,36.0756952,136.213516,10.19,0.72,1.17
18:46:13,1775.52,6,RTK_FIXED,30,36.0756952,136.213516,10.19,0.72,1.17
18:46:14,1776.61,6,RTK_FIXED,30,36.0756952,136.213516,10.19,0.72,1.17
18:46:15,1777.71,6,RTK_FIXED,30,36.0756952,136.2135159,10.19,0.72,1.17
18:46:16,1778.71,6,RTK_FIXED,30,36.0756952,136.2135159,10.19,0.72,1.17
18:46:17,1779.71,6,RTK_FIXED,30,36.0756952,136.2135159,10.2,0.72,1.17
18:46:18,1780.81,6,RTK_FIXED,31,36.0756952,136.2135159,10.19,0.72,1.17
18:46:19,1781.81,6,RTK_FIXED,31,36.0756952,136.2135159,10.2,0.72,1.17
18:46:20,1782.81,6,RTK_FIXED,31,36.0756952,136.2135159,10.2,0.72,1.17
18:46:21,1783.91,6,RTK_FIXED,31,36.0756952,136.213516,10.2,0.72,1.17
18:46:22,1784.91,6,RTK_FIXED,31,36.0756952,136.213516,10.18,0.72,1.17
18:46:23,1786.02,6,RTK_FIXED,31,36.0756952,136.213516,10.2,0.72,1.17
18:46:24,1787.11,6,RTK_FIXED,31,36.0756952,136.213516,10.2,0.72,1.17
18:46:25,1788.11,6,RTK_FIXED,31,36.0756952,136.213516,10.2,0.72,1.17
18:46:26,1789.11,6,RTK_FIXED,31,36.0756952,136.213516,10.2,0.68,1.16
18:46:27,1790.21,6,RTK_FIXED,31,36.0756952,136.213516,10.19,0.68,1.16
18:46:28,1791.21,6,RTK_FIXED,31,36.0756952,136.213516,10.19,0.68,1.16
18:46:29,1792.31,6,RTK_FIXED,31,36.0756952,136.213516,10.19,0.68,1.16
18:46:30,1793.31,6,RTK_FIXED,31,36.0756951,136.213516,10.2,0.68,1.16
18:46:31,1794.41,6,RTK_FIXED,31,36.0756952,136.213516,10.19,0.68,1.16
18:46:32,1795.41,6,RTK_FIXED,31,36.0756951,136.2135159,10.2,0.68,1.16
18:46:33,1796.41,6,RTK_FIXED,31,36.0756952,136.2135159,10.19,0.68,1.16
18:46:34,1797.41,6,RTK_FIXED,31,36.0756952,136.213516,10.2,0.68,1.16
18:46:35,1798.41,6,RTK_FIXED,31,36.0756952,136.213516,10.2,0.68,1.16
18:46:37,1799.52,6,RTK_FIXED,30,36.0756952,136.213516,10.2,0.68,1.16
18:46:38,1800.61,6,RTK_FIXED,30,36.0756952,136.213516,10.2,0.68,1.16
18:46:39,1801.71,6,RTK_FIXED,30,36.0756951,136.213516,10.21,0.68,1.16
18:46:40,1802.71,6,RTK_FIXED,30,36.0756951,136.213516,10.21,0.68,1.16
18:46:41,1803.71,6,RTK_FIXED,30,36.0756952,136.213516,10.19,0.68,1.16
18:46:42,1804.81,6,RTK_FIXED,30,36.0756952,136.213516,10.19,0.68,1.16
18:46:43,1805.91,6,RTK_FIXED,30,36.0756952,136.213516,10.2,0.68,1.16
18:46:44,1807.02,6,RTK_FIXED,30,36.0756951,136.213516,10.21,0.68,1.16
18:46:45,1808.02,6,RTK_FIXED,30,36.0756952,136.213516,10.19,0.68,1.16
18:46:46,1809.02,6,RTK_FIXED,30,36.0756952,136.2135159,10.19,0.68,1.16
18:46:47,1810.11,6,RTK_FIXED,30,36.0756951,136.213516,10.2,0.68,1.16
18:46:48,1811.11,6,RTK_FIXED,30,36.0756952,136.213516,10.19,0.68,1.16
18:46:49,1812.11,6,RTK_FIXED,30,36.0756952,136.213516,10.19,0.68,1.16
18:46:50,1813.21,6,RTK_FIXED,30,36.0756951,136.213516,10.2,0.68,1.16
18:46:51,1814.31,6,RTK_FIXED,30,36.0756951,136.213516,10.2,0.68,1.16
18:46:52,1815.31,6,RTK_FIXED,30,36.0756952,136.213516,10.19,0.68,1.16
18:46:53,1816.41,6,RTK_FIXED,30,36.0756952,136.2135159,10.18,0.68,1.16
18:46:54,1817.41,6,RTK_FIXED,30,36.0756952,136.213516,10.17,0.68,1.16
18:46:56,1818.52,6,RTK_FIXED,30,36.0756952,136.213516,10.18,0.68,1.16
18:46:57,1819.52,6,RTK_FIXED,30,36.0756952,136.213516,10.18,0.68,1.16
18:46:58,1820.52,6,RTK_FIXED,30,36.0756952,136.213516,10.18,0.68,1.16
18:46:59,1821.61,6,RTK_FIXED,30,36.0756952,136.213516,10.18,0.68,1.16
18:47:00,1822.61,6,RTK_FIXED,31,36.0756952,136.213516,10.18,0.68,1.16
18:47:01,1823.61,6,RTK_FIXED,31,36.0756952,136.213516,10.18,0.68,1.16
18:47:02,1824.61,6,RTK_FIXED,31,36.0756952,136.213516,10.18,0.68,1.16
18:47:03,1825.61,6,RTK_FIXED,31,36.0756952,136.213516,10.18,0.68,1.16
18:47:04,1826.61,6,RTK_FIXED,31,36.0756952,136.213516,10.18,0.68,1.16
18:47:05,1827.61,6,RTK_FIXED,31,36.0756952,136.213516,10.18,0.68,1.16
18:47:06,1828.61,6,RTK_FIXED,31,36.0756952,136.213516,10.18,0.68,1.16
18:47:07,1829.71,6,RTK_FIXED,31,36.0756952,136.213516,10.17,0.68,1.16
18:47:08,1830.81,6,RTK_FIXED,31,36.0756952,136.213516,10.18,0.68,1.16
18:47:09,1831.91,6,RTK_FIXED,31,36.0756952,136.213516,10.19,0.68,1.16
18:47:10,1833.02,6,RTK_FIXED,31,36.0756952,136.213516,10.17,0.68,1.16
18:47:11,1834.11,6,RTK_FIXED,31,36.0756952,136.213516,10.19,0.68,1.16
18:47:12,1835.11,6,RTK_FIXED,31,36.0756952,136.213516,10.18,0.68,1.16
18:47:13,1836.21,6,RTK_FIXED,31,36.0756952,136.213516,10.19,0.68,1.16
18:47:14,1837.21,6,RTK_FIXED,31,36.0756951,136.213516,10.19,0.68,1.16
18:47:15,1838.31,6,RTK_FIXED,31,36.0756952,136.213516,10.18,0.68,1.16
18:47:16,1839.31,6,RTK_FIXED,31,36.0756952,136.213516,10.18,0.68,1.16
18:47:17,1840.31,6,RTK_FIXED,31,36.0756952,136.213516,10.18,0.68,1.16
18:47:18,1841.41,6,RTK_FIXED,31,36.0756952,136.213516,10.19,0.68,1.16
18:47:20,1842.52,6,RTK_FIXED,31,36.0756952,136.213516,10.19,0.68,1.16
18:47:21,1843.52,6,RTK_FIXED,31,36.0756952,136.213516,10.19,0.68,1.16
18:47:22,1844.61,6,RTK_FIXED,30,36.0756952,136.213516,10.19,0.68,1.16
18:47:23,1845.71,6,RTK_FIXED,30,36.0756952,136.213516,10.19,0.68,1.16
18:47:24,1846.81,6,RTK_FIXED,30,36.0756952,136.213516,10.19,0.68,1.16
18:47:25,1847.81,6,RTK_FIXED,30,36.0756952,136.213516,10.19,0.68,1.16
18:47:26,1848.91,6,RTK_FIXED,30,36.0756952,136.213516,10.19,0.68,1.16
18:47:27,1850.02,6,RTK_FIXED,30,36.0756952,136.213516,10.19,0.68,1.16
18:47:28,1851.02,6,RTK_FIXED,30,36.0756952,136.213516,10.2,0.68,1.16
18:47:29,1852.11,6,RTK_FIXED,30,36.0756952,136.213516,10.18,0.68,1.16
18:47:30,1853.21,6,RTK_FIXED,30,36.0756951,136.213516,10.19,0.68,1.16
18:47:31,1854.21,6,RTK_FIXED,30,36.0756951,136.213516,10.19,0.68,1.16
18:47:32,1855.21,6,RTK_FIXED,30,36.0756952,136.213516,10.18,0.68,1.16
18:47:33,1856.21,6,RTK_FIXED,30,36.0756952,136.213516,10.18,0.68,1.16
18:47:34,1857.21,6,RTK_FIXED,30,36.0756952,136.213516,10.19,0.68,1.16
18:47:35,1858.31,6,RTK_FIXED,30,36.0756952,136.213516,10.18,0.68,1.16
18:47:36,1859.41,6,RTK_FIXED,30,36.0756952,136.213516,10.19,0.68,1.16
18:47:37,1860.41,6,RTK_FIXED,31,36.0756952,136.213516,10.21,0.68,1.16
18:47:38,1861.41,6,RTK_FIXED,31,36.0756952,136.213516,10.19,0.68,1.16
18:47:39,1862.41,6,RTK_FIXED,31,36.0756952,136.213516,10.2,0.68,1.16
18:47:40,1863.41,6,RTK_FIXED,31,36.0756952,136.213516,10.19,0.68,1.16
18:47:42,1864.52,6,RTK_FIXED,31,36.0756952,136.213516,10.19,0.68,1.16
18:47:43,1865.61,6,RTK_FIXED,31,36.0756952,136.213516,10.19,0.68,1.16
18:47:44,1866.71,6,RTK_FIXED,31,36.0756952,136.213516,10.2,0.68,1.16
18:47:45,1867.71,6,RTK_FIXED,31,36.0756952,136.213516,10.21,0.68,1.16
18:47:46,1868.81,6,RTK_FIXED,31,36.0756952,136.213516,10.2,0.68,1.16
18:47:47,1869.91,6,RTK_FIXED,31,36.0756952,136.213516,10.2,0.68,1.16
18:47:48,1870.91,6,RTK_FIXED,31,36.0756952,136.213516,10.19,0.68,1.16
18:47:49,1871.91,6,RTK_FIXED,31,36.0756951,136.2135159,10.2,0.68,1.16
18:47:50,1872.91,6,RTK_FIXED,31,36.0756952,136.213516,10.2,0.68,1.16
18:47:51,1874.02,6,RTK_FIXED,31,36.0756951,136.2135159,10.2,0.68,1.16
18:47:52,1875.02,6,RTK_FIXED,31,36.0756952,136.213516,10.2,0.68,1.16
18:47:53,1876.02,6,RTK_FIXED,31,36.0756952,136.213516,10.2,0.68,1.16
18:47:54,1877.11,6,RTK_FIXED,31,36.0756952,136.2135159,10.2,0.68,1.16
18:47:55,1878.21,6,RTK_FIXED,31,36.0756952,136.213516,10.2,0.68,1.16
18:47:56,1879.31,6,RTK_FIXED,31,36.0756952,136.2135159,10.21,0.68,1.16
18:47:57,1880.41,6,RTK_FIXED,31,36.0756952,136.2135159,10.2,0.68,1.16
18:47:59,1881.52,6,RTK_FIXED,31,36.0756952,136.2135159,10.2,0.68,1.16
18:48:00,1882.52,6,RTK_FIXED,31,36.0756952,136.2135159,10.2,0.68,1.16
18:48:01,1883.61,6,RTK_FIXED,31,36.0756952,136.2135159,10.21,0.68,1.16
18:48:02,1884.61,6,RTK_FIXED,31,36.0756952,136.2135159,10.21,0.68,1.16
18:48:03,1885.61,6,RTK_FIXED,31,36.0756952,136.2135159,10.2,0.68,1.16
18:48:04,1886.61,6,RTK_FIXED,31,36.0756952,136.2135159,10.19,0.68,1.16
18:48:05,1887.71,6,RTK_FIXED,31,36.0756952,136.2135159,10.2,0.68,1.16
18:48:06,1888.81,6,RTK_FIXED,31,36.0756952,136.2135159,10.21,0.68,1.16
18:48:07,1889.81,6,RTK_FIXED,31,36.0756952,136.2135159,10.21,0.68,1.16
18:48:08,1890.81,6,RTK_FIXED,31,36.0756952,136.2135159,10.2,0.68,1.16
18:48:09,1891.91,6,RTK_FIXED,31,36.0756952,136.2135159,10.2,0.68,1.16
18:48:10,1892.91,6,RTK_FIXED,30,36.0756952,136.2135159,10.2,0.68,1.16
18:48:11,1893.91,6,RTK_FIXED,30,36.0756951,136.2135159,10.22,0.68,1.16
18:48:12,1894.91,6,RTK_FIXED,30,36.0756952,136.2135159,10.2,0.68,1.16
18:48:13,1895.91,6,RTK_FIXED,30,36.0756952,136.2135159,10.2,0.68,1.16
18:48:14,1897.02,6,RTK_FIXED,30,36.0756952,136.2135159,10.2,0.68,1.16
18:48:15,1898.11,6,RTK_FIXED,30,36.0756952,136.2135159,10.2,0.68,1.16
18:48:16,1899.11,6,RTK_FIXED,30,36.0756952,136.2135159,10.21,0.68,1.16
18:48:17,1900.11,6,RTK_FIXED,30,36.0756952,136.2135159,10.2,0.68,1.16
18:48:18,1901.21,6,RTK_FIXED,30,36.0756952,136.2135159,10.2,0.68,1.16
18:48:19,1902.31,6,RTK_FIXED,30,36.0756952,136.2135159,10.2,0.68,1.16
18:48:20,1903.31,6,RTK_FIXED,30,36.0756951,136.2135159,10.22,0.68,1.16
18:48:21,1904.31,6,RTK_FIXED,30,36.0756952,136.2135159,10.2,0.68,1.16
18:48:22,1905.41,6,RTK_FIXED,30,36.0756951,136.2135159,10.21,0.68,1.16
18:48:23,1906.41,6,RTK_FIXED,30,36.0756952,136.2135159,10.2,0.68,1.16
18:48:25,1907.52,6,RTK_FIXED,29,36.0756951,136.2135159,10.21,0.68,1.16
18:48:26,1908.61,6,RTK_FIXED,29,36.0756952,136.2135159,10.2,0.68,1.16
18:48:27,1909.61,6,RTK_FIXED,29,36.0756952,136.2135159,10.2,0.68,1.16
18:48:28,1910.61,6,RTK_FIXED,30,36.0756952,136.2135159,10.2,0.68,1.16
18:48:29,1911.61,6,RTK_FIXED,30,36.0756952,136.2135159,10.2,0.68,1.16
18:48:30,1912.71,6,RTK_FIXED,30,36.0756952,136.2135159,10.2,0.68,1.16
18:48:31,1913.81,6,RTK_FIXED,30,36.0756952,136.2135159,10.2,0.68,1.16
18:48:32,1914.81,6,RTK_FIXED,30,36.0756951,136.2135159,10.2,0.68,1.16
18:48:33,1915.81,6,RTK_FIXED,29,36.0756952,136.2135159,10.2,0.68,1.16
18:48:34,1916.81,6,RTK_FIXED,29,36.0756951,136.2135159,10.2,0.68,1.16
18:48:35,1917.82,6,RTK_FIXED,29,36.0756952,136.2135159,10.2,0.68,1.16
18:48:36,1918.91,6,RTK_FIXED,29,36.0756951,136.2135159,10.21,0.68,1.16
18:48:37,1920.02,6,RTK_FIXED,29,36.0756951,136.2135159,10.21,0.68,1.16
18:48:38,1921.12,6,RTK_FIXED,29,36.0756952,136.2135159,10.2,0.68,1.16
18:48:39,1922.21,6,RTK_FIXED,29,36.0756952,136.2135159,10.2,0.68,1.16
18:48:40,1923.22,6,RTK_FIXED,29,36.0756951,136.2135159,10.2,0.68,1.16
18:48:41,1924.22,6,RTK_FIXED,29,36.0756951,136.2135159,10.2,0.68,1.16
18:48:42,1925.22,6,RTK_FIXED,29,36.0756952,136.2135159,10.2,0.68,1.16
18:48:43,1926.32,6,RTK_FIXED,29,36.0756952,136.2135159,10.2,0.68,1.16
18:48:44,1927.42,6,RTK_FIXED,29,36.0756952,136.2135159,10.2,0.68,1.16
18:48:45,1928.42,6,RTK_FIXED,29,36.0756952,136.2135159,10.2,0.68,1.16
18:48:47,1929.52,6,RTK_FIXED,29,36.0756952,136.2135159,10.2,0.68,1.16
18:48:48,1930.61,6,RTK_FIXED,29,36.0756952,136.2135159,10.2,0.68,1.16
18:48:49,1931.62,6,RTK_FIXED,29,36.0756952,136.2135159,10.2,0.68,1.16
18:48:50,1932.72,6,RTK_FIXED,29,36.0756952,136.2135159,10.19,0.68,1.16
18:48:51,1933.72,6,RTK_FIXED,29,36.0756951,136.2135159,10.2,0.68,1.16
18:48:52,1934.72,6,RTK_FIXED,29,36.0756951,136.2135159,10.2,0.68,1.16
18:48:53,1935.82,6,RTK_FIXED,29,36.0756951,136.2135159,10.21,0.68,1.16
18:48:54,1936.82,6,RTK_FIXED,30,36.0756951,136.2135159,10.2,0.68,1.16
18:48:55,1937.92,6,RTK_FIXED,30,36.0756951,136.2135159,10.21,0.68,1.16
18:48:56,1938.92,6,RTK_FIXED,30,36.0756951,136.2135159,10.22,0.68,1.16
18:48:57,1939.92,6,RTK_FIXED,30,36.0756951,136.2135159,10.22,0.68,1.16
18:48:58,1941.02,6,RTK_FIXED,30,36.0756951,136.2135159,10.21,0.68,1.16
18:48:59,1942.02,6,RTK_FIXED,30,36.0756951,136.2135159,10.2,0.68,1.16
18:49:00,1943.12,6,RTK_FIXED,30,36.0756951,136.2135159,10.2,0.68,1.16
18:49:01,1944.22,6,RTK_FIXED,31,36.0756951,136.2135159,10.21,0.68,1.16
18:49:02,1945.22,6,RTK_FIXED,31,36.0756951,136.2135159,10.2,0.68,1.16
18:49:03,1946.22,6,RTK_FIXED,31,36.0756951,136.2135159,10.21,0.68,1.16
18:49:04,1947.32,6,RTK_FIXED,31,36.0756951,136.2135159,10.21,0.68,1.16
18:49:05,1948.42,6,RTK_FIXED,31,36.0756951,136.2135159,10.21,0.68,1.16
18:49:07,1949.52,6,RTK_FIXED,31,36.0756951,136.2135159,10.21,0.68,1.16
18:49:08,1950.62,6,RTK_FIXED,31,36.0756951,136.2135159,10.21,0.68,1.16
18:49:09,1951.62,6,RTK_FIXED,31,36.0756952,136.2135159,10.21,0.68,1.16
18:49:10,1952.62,6,RTK_FIXED,31,36.0756951,136.2135159,10.2,0.68,1.16
18:49:11,1953.62,6,RTK_FIXED,31,36.0756951,136.2135159,10.19,0.68,1.16
18:49:12,1954.62,6,RTK_FIXED,31,36.0756951,136.2135159,10.2,0.68,1.16
18:49:13,1955.72,6,RTK_FIXED,31,36.0756951,136.2135159,10.21,0.68,1.16
18:49:14,1956.82,6,RTK_FIXED,31,36.0756952,136.2135159,10.2,0.68,1.16
18:49:15,1957.92,6,RTK_FIXED,31,36.0756952,136.2135159,10.2,0.68,1.16
18:49:16,1958.92,6,RTK_FIXED,31,36.0756951,136.2135159,10.2,0.68,1.16
18:49:17,1960.02,6,RTK_FIXED,31,36.0756951,136.2135159,10.2,0.68,1.16
18:49:18,1961.02,6,RTK_FIXED,31,36.0756952,136.2135159,10.2,0.68,1.16
18:49:19,1962.12,6,RTK_FIXED,31,36.0756951,136.2135159,10.2,0.68,1.16
18:49:20,1963.12,6,RTK_FIXED,31,36.0756952,136.2135159,10.19,0.68,1.16
18:49:21,1964.22,6,RTK_FIXED,31,36.0756951,136.2135159,10.2,0.68,1.16
18:49:22,1965.22,6,RTK_FIXED,31,36.0756951,136.2135159,10.2,0.68,1.16
18:49:23,1966.32,6,RTK_FIXED,31,36.0756951,136.2135159,10.2,0.68,1.16
18:49:24,1967.42,6,RTK_FIXED,31,36.0756951,136.2135159,10.2,0.68,1.16
18:49:26,1968.52,6,RTK_FIXED,31,36.0756951,136.2135159,10.21,0.68,1.16
18:49:27,1969.52,6,RTK_FIXED,31,36.0756951,136.2135159,10.2,0.68,1.16
18:49:28,1970.52,6,RTK_FIXED,31,36.0756951,136.2135159,10.2,0.68,1.16
18:49:29,1971.52,6,RTK_FIXED,31,36.0756951,136.2135159,10.2,0.68,1.16
18:49:30,1972.62,6,RTK_FIXED,31,36.0756951,136.2135159,10.2,0.68,1.16
18:49:31,1973.72,6,RTK_FIXED,31,36.0756951,136.2135159,10.2,0.68,1.16
18:49:32,1974.72,6,RTK_FIXED,31,36.0756951,136.2135159,10.2,0.68,1.16
18:49:33,1975.82,6,RTK_FIXED,31,36.0756951,136.2135159,10.21,0.68,1.16
18:49:34,1976.82,6,RTK_FIXED,31,36.0756951,136.2135159,10.21,0.68,1.16
18:49:35,1977.82,6,RTK_FIXED,31,36.0756951,136.2135159,10.21,0.68,1.16
18:49:36,1978.82,6,RTK_FIXED,31,36.0756951,136.2135159,10.21,0.68,1.16
18:49:37,1979.92,6,RTK_FIXED,31,36.0756951,136.2135159,10.2,0.68,1.16
18:49:38,1980.92,6,RTK_FIXED,31,36.0756951,136.2135159,10.21,0.68,1.16
18:49:39,1981.92,6,RTK_FIXED,31,36.0756952,136.2135159,10.2,0.68,1.16
18:49:40,1982.92,6,RTK_FIXED,31,36.0756952,136.2135159,10.2,0.68,1.16
18:49:41,1984.02,6,RTK_FIXED,31,36.0756951,136.2135159,10.2,0.68,1.16
18:49:42,1985.02,6,RTK_FIXED,31,36.0756952,136.2135159,10.2,0.68,1.16
18:49:43,1986.12,6,RTK_FIXED,31,36.0756951,136.2135159,10.2,0.68,1.16
18:49:44,1987.22,6,RTK_FIXED,31,36.0756951,136.2135159,10.21,0.68,1.16
18:49:45,1988.32,6,RTK_FIXED,31,36.0756951,136.2135159,10.21,0.68,1.16
18:49:46,1989.42,6,RTK_FIXED,31,36.0756951,136.2135159,10.2,0.68,1.16
18:49:47,1990.42,6,RTK_FIXED,31,36.0756951,136.2135159,10.2,0.68,1.16
18:49:48,1991.42,6,RTK_FIXED,31,36.0756951,136.2135159,10.2,0.68,1.16
18:49:49,1992.42,6,RTK_FIXED,31,36.0756951,136.2135159,10.2,0.68,1.16
18:49:50,1993.42,6,RTK_FIXED,31,36.0756951,136.2135159,10.21,0.68,1.16
18:49:52,1994.52,6,RTK_FIXED,31,36.0756951,136.2135159,10.21,0.68,1.16
18:49:53,1995.52,6,RTK_FIXED,31,36.0756951,136.2135159,10.22,0.68,1.16
18:49:54,1996.62,6,RTK_FIXED,31,36.075695,136.2135159,10.22,0.68,1.16
18:49:55,1997.72,6,RTK_FIXED,31,36.075695,136.2135159,10.22,0.68,1.16
18:49:56,1998.72,6,RTK_FIXED,31,36.075695,136.2135159,10.23,0.68,1.16
18:49:57,1999.72,6,RTK_FIXED,31,36.075695,136.2135159,10.23,0.68,1.16
18:49:58,2000.82,6,RTK_FIXED,31,36.0756951,136.2135159,10.21,0.68,1.16
18:49:59,2001.82,6,RTK_FIXED,31,36.0756951,136.2135159,10.22,0.68,1.16
18:50:00,2002.92,6,RTK_FIXED,31,36.0756951,136.2135159,10.2,0.68,1.16
18:50:01,2003.92,6,RTK_FIXED,31,36.0756951,136.2135159,10.2,0.68,1.16
18:50:02,2005.02,6,RTK_FIXED,31,36.0756951,136.2135159,10.2,0.68,1.16
18:50:03,2006.12,6,RTK_FIXED,31,36.0756951,136.2135159,10.2,0.68,1.16
18:50:04,2007.12,6,RTK_FIXED,31,36.0756951,136.2135159,10.21,0.68,1.16
18:50:05,2008.12,6,RTK_FIXED,31,36.0756951,136.2135159,10.21,0.68,1.16
18:50:06,2009.12,6,RTK_FIXED,31,36.0756951,136.2135159,10.21,0.68,1.16
18:50:07,2010.22,6,RTK_FIXED,31,36.0756951,136.2135159,10.21,0.68,1.16
18:50:08,2011.22,6,RTK_FIXED,31,36.0756952,136.2135159,10.19,0.68,1.16
18:50:09,2012.32,6,RTK_FIXED,31,36.0756952,136.2135159,10.19,0.68,1.16
18:50:10,2013.42,6,RTK_FIXED,30,36.0756952,136.2135159,10.19,0.68,1.16
18:50:12,2014.52,6,RTK_FIXED,30,36.0756952,136.2135159,10.19,0.68,1.16
18:50:13,2015.52,6,RTK_FIXED,30,36.0756952,136.2135159,10.2,0.68,1.16
18:50:14,2016.62,6,RTK_FIXED,30,36.0756951,136.2135159,10.2,0.68,1.16
18:50:15,2017.62,6,RTK_FIXED,30,36.0756952,136.2135159,10.21,0.68,1.16
18:50:16,2018.62,6,RTK_FIXED,30,36.0756951,136.2135159,10.21,0.68,1.16
18:50:17,2019.62,6,RTK_FIXED,30,36.0756951,136.2135159,10.21,0.68,1.16
18:50:18,2020.72,6,RTK_FIXED,30,36.0756951,136.2135159,10.21,0.68,1.16
18:50:19,2021.82,6,RTK_FIXED,30,36.0756952,136.2135159,10.19,0.68,1.16
18:50:20,2022.92,6,RTK_FIXED,30,36.0756952,136.2135159,10.2,0.68,1.16
18:50:21,2023.92,6,RTK_FIXED,30,36.0756952,136.2135159,10.2,0.68,1.16
18:50:22,2025.03,6,RTK_FIXED,30,36.0756951,136.2135159,10.19,0.68,1.16
18:50:23,2026.12,6,RTK_FIXED,30,36.0756952,136.2135159,10.2,0.68,1.16
18:50:24,2027.22,6,RTK_FIXED,30,36.0756952,136.2135159,10.2,0.68,1.16
18:50:25,2028.22,6,RTK_FIXED,30,36.0756951,136.2135159,10.2,0.68,1.16
18:50:26,2029.32,6,RTK_FIXED,30,36.0756951,136.2135159,10.2,0.68,1.16
18:50:27,2030.32,6,RTK_FIXED,29,36.0756952,136.2135159,10.2,0.68,1.16
18:50:28,2031.42,6,RTK_FIXED,30,36.0756952,136.2135159,10.2,0.68,1.16
18:50:29,2032.42,6,RTK_FIXED,30,36.0756952,136.2135159,10.21,0.68,1.16
18:50:30,2033.42,6,RTK_FIXED,30,36.0756951,136.2135159,10.21,0.68,1.16
18:50:32,2034.52,6,RTK_FIXED,30,36.0756951,136.2135158,10.22,0.68,1.16
18:50:33,2035.52,6,RTK_FIXED,30,36.0756951,136.2135159,10.22,0.68,1.16
18:50:34,2036.62,6,RTK_FIXED,30,36.0756951,136.2135158,10.22,0.68,1.16
18:50:35,2037.62,6,RTK_FIXED,30,36.0756951,136.2135158,10.22,0.68,1.16
18:50:36,2038.72,6,RTK_FIXED,30,36.0756951,136.2135158,10.22,0.68,1.16
18:50:37,2039.72,6,RTK_FIXED,30,36.0756951,136.2135158,10.22,0.68,1.16
18:50:38,2040.82,6,RTK_FIXED,30,36.0756952,136.2135158,10.2,0.68,1.16
18:50:39,2041.92,6,RTK_FIXED,30,36.0756951,136.2135158,10.21,0.68,1.16
18:50:40,2043.03,6,RTK_FIXED,30,36.0756951,136.2135159,10.21,0.68,1.16
18:50:41,2044.12,6,RTK_FIXED,30,36.0756951,136.2135158,10.21,0.68,1.16
18:50:42,2045.12,6,RTK_FIXED,30,36.0756951,136.2135158,10.21,0.68,1.16
18:50:43,2046.22,6,RTK_FIXED,30,36.0756951,136.2135159,10.2,0.68,1.16
18:50:44,2047.22,6,RTK_FIXED,30,36.0756951,136.2135159,10.2,0.68,1.16
18:50:45,2048.32,6,RTK_FIXED,31,36.0756951,136.2135158,10.21,0.68,1.16
18:50:46,2049.32,6,RTK_FIXED,31,36.0756952,136.2135159,10.2,0.68,1.16
18:50:47,2050.42,6,RTK_FIXED,31,36.0756951,136.2135158,10.21,0.68,1.16
18:50:48,2051.42,6,RTK_FIXED,31,36.0756951,136.2135159,10.21,0.68,1.16
18:50:50,2052.53,6,RTK_FIXED,31,36.0756951,136.2135158,10.21,0.68,1.16
18:50:51,2053.62,6,RTK_FIXED,31,36.0756951,136.2135158,10.21,0.68,1.16
18:50:52,2054.62,6,RTK_FIXED,31,36.0756951,136.2135158,10.21,0.68,1.16
18:50:53,2055.72,6,RTK_FIXED,31,36.0756951,136.2135159,10.2,0.68,1.16
18:50:54,2056.82,6,RTK_FIXED,31,36.0756951,136.2135158,10.21,0.68,1.16
18:50:55,2057.82,6,RTK_FIXED,31,36.0756951,136.2135159,10.2,0.68,1.16
18:50:56,2058.82,6,RTK_FIXED,31,36.0756951,136.2135159,10.2,0.68,1.16
18:50:57,2059.82,6,RTK_FIXED,31,36.0756951,136.2135159,10.2,0.68,1.16
18:50:58,2060.82,6,RTK_FIXED,31,36.0756951,136.2135159,10.2,0.68,1.16
18:50:59,2061.82,6,RTK_FIXED,31,36.0756951,136.2135158,10.2,0.68,1.16
18:51:00,2062.82,6,RTK_FIXED,31,36.0756951,136.2135159,10.2,0.68,1.16
18:51:01,2063.82,6,RTK_FIXED,31,36.0756951,136.2135159,10.2,0.68,1.16
18:51:02,2064.82,6,RTK_FIXED,31,36.0756951,136.2135159,10.21,0.68,1.16
18:51:03,2065.82,6,RTK_FIXED,29,36.0756951,136.2135159,10.2,0.68,1.16
18:51:04,2066.92,6,RTK_FIXED,29,36.0756951,136.2135159,10.2,0.68,1.16
18:51:05,2068.03,6,RTK_FIXED,29,36.0756951,136.2135159,10.2,0.68,1.16
18:51:06,2069.12,6,RTK_FIXED,29,36.0756951,136.2135159,10.2,0.68,1.16
18:51:07,2070.12,6,RTK_FIXED,29,36.075695,136.2135159,10.21,0.68,1.16
18:51:08,2071.12,6,RTK_FIXED,29,36.0756951,136.2135158,10.2,0.68,1.16
18:51:09,2072.12,6,RTK_FIXED,29,36.0756951,136.2135159,10.21,0.68,1.16
18:51:10,2073.22,6,RTK_FIXED,29,36.0756951,136.2135159,10.2,0.68,1.16
18:51:11,2074.32,6,RTK_FIXED,29,36.0756951,136.2135159,10.2,0.68,1.16
18:51:12,2075.32,6,RTK_FIXED,29,36.0756951,136.2135159,10.2,0.68,1.16
18:51:13,2076.32,6,RTK_FIXED,29,36.0756951,136.2135159,10.2,0.68,1.16
18:51:14,2077.32,6,RTK_FIXED,29,36.0756951,136.2135159,10.2,0.68,1.16
18:51:15,2078.42,6,RTK_FIXED,29,36.0756951,136.2135159,10.2,0.68,1.16
18:51:17,2079.52,6,RTK_FIXED,29,36.0756951,136.2135159,10.21,0.68,1.16
18:51:18,2080.52,6,RTK_FIXED,29,36.0756951,136.2135159,10.21,0.68,1.16
18:51:19,2081.53,6,RTK_FIXED,29,36.0756951,136.2135159,10.21,0.68,1.16
18:51:20,2082.62,6,RTK_FIXED,29,36.0756951,136.2135159,10.19,0.68,1.16
18:51:21,2083.62,6,RTK_FIXED,29,36.0756951,136.2135159,10.19,0.68,1.16
18:51:22,2084.72,6,RTK_FIXED,29,36.0756951,136.2135159,10.2,0.68,1.16
18:51:23,2085.82,6,RTK_FIXED,29,36.0756951,136.2135159,10.2,0.68,1.16
18:51:24,2086.82,6,RTK_FIXED,29,36.0756951,136.2135159,10.2,0.68,1.16
18:51:25,2087.92,6,RTK_FIXED,29,36.0756951,136.2135159,10.2,0.68,1.16
18:51:26,2088.92,6,RTK_FIXED,29,36.0756951,136.2135159,10.2,0.68,1.16
18:51:27,2090.02,6,RTK_FIXED,29,36.0756951,136.2135159,10.2,0.68,1.16
18:51:28,2091.02,6,RTK_FIXED,29,36.0756951,136.2135159,10.21,0.68,1.16
18:51:29,2092.03,6,RTK_FIXED,29,36.0756951,136.2135159,10.19,0.68,1.16
18:51:30,2093.12,6,RTK_FIXED,29,36.0756951,136.2135159,10.2,0.68,1.16
18:51:31,2094.22,6,RTK_FIXED,29,36.0756951,136.2135159,10.19,0.68,1.16
18:51:32,2095.32,6,RTK_FIXED,29,36.0756951,136.2135159,10.19,0.68,1.16
18:51:33,2096.42,6,RTK_FIXED,29,36.0756951,136.2135159,10.2,0.68,1.16
18:51:34,2097.42,6,RTK_FIXED,29,36.0756951,136.2135159,10.2,0.68,1.16
18:51:35,2098.42,6,RTK_FIXED,29,36.0756951,136.2135159,10.2,0.68,1.16
18:51:37,2099.53,6,RTK_FIXED,29,36.0756951,136.2135159,10.2,0.68,1.16
18:51:38,2100.53,6,RTK_FIXED,29,36.0756951,136.2135159,10.2,0.68,1.16
18:51:39,2101.53,6,RTK_FIXED,29,36.0756951,136.2135159,10.2,0.68,1.16
18:51:40,2102.62,6,RTK_FIXED,29,36.0756951,136.2135159,10.2,0.68,1.16
18:51:41,2103.62,6,RTK_FIXED,29,36.0756951,136.2135159,10.2,0.68,1.16
18:51:42,2104.72,6,RTK_FIXED,29,36.0756951,136.2135159,10.21,0.68,1.16
18:51:43,2105.72,6,RTK_FIXED,29,36.0756951,136.2135159,10.21,0.68,1.16
18:51:44,2106.82,6,RTK_FIXED,29,36.0756951,136.2135159,10.21,0.68,1.16
18:51:45,2107.92,6,RTK_FIXED,29,36.0756951,136.2135159,10.21,0.68,1.16
18:51:46,2108.92,6,RTK_FIXED,29,36.0756951,136.2135159,10.2,0.68,1.16
18:51:47,2109.92,6,RTK_FIXED,29,36.0756951,136.2135159,10.2,0.68,1.16
18:51:48,2111.03,6,RTK_FIXED,29,36.0756951,136.2135159,10.2,0.68,1.16
18:51:49,2112.12,6,RTK_FIXED,29,36.0756951,136.2135159,10.2,0.68,1.16
18:51:50,2113.12,6,RTK_FIXED,29,36.0756951,136.2135159,10.2,0.68,1.16
18:51:51,2114.12,6,RTK_FIXED,29,36.0756951,136.2135159,10.21,0.68,1.16
18:51:52,2115.22,6,RTK_FIXED,29,36.0756951,136.2135159,10.21,0.68,1.16
18:51:53,2116.32,6,RTK_FIXED,29,36.0756951,136.2135159,10.21,0.68,1.16
18:51:54,2117.32,6,RTK_FIXED,29,36.0756951,136.2135159,10.2,0.68,1.16
18:51:55,2118.42,6,RTK_FIXED,29,36.0756951,136.2135159,10.2,0.68,1.16
18:51:57,2119.53,6,RTK_FIXED,29,36.0756951,136.2135159,10.2,0.68,1.16
18:51:58,2120.53,6,RTK_FIXED,29,36.0756951,136.2135159,10.2,0.68,1.16
18:51:59,2121.62,6,RTK_FIXED,29,36.0756951,136.2135159,10.2,0.68,1.16
18:52:00,2122.62,6,RTK_FIXED,29,36.0756951,136.2135159,10.2,0.68,1.16
18:52:01,2123.72,6,RTK_FIXED,30,36.0756951,136.2135159,10.2,0.68,1.16
18:52:02,2124.72,6,RTK_FIXED,30,36.0756951,136.2135159,10.2,0.68,1.16
18:52:03,2125.82,6,RTK_FIXED,30,36.0756951,136.2135159,10.2,0.68,1.16
18:52:04,2126.82,6,RTK_FIXED,30,36.0756951,136.2135158,10.19,0.68,1.16
18:52:05,2127.82,6,RTK_FIXED,30,36.0756951,136.2135159,10.2,0.68,1.16
18:52:06,2128.82,6,RTK_FIXED,30,36.0756951,136.2135159,10.2,0.68,1.16
18:52:07,2129.92,6,RTK_FIXED,30,36.0756952,136.2135159,10.2,0.68,1.16
18:52:08,2131.03,6,RTK_FIXED,30,36.0756952,136.2135159,10.2,0.68,1.16
18:52:09,2132.12,6,RTK_FIXED,30,36.0756952,136.2135159,10.2,0.68,1.16
18:52:10,2133.12,6,RTK_FIXED,30,36.0756952,136.2135158,10.2,0.68,1.16
18:52:11,2134.12,6,RTK_FIXED,30,36.0756952,136.2135159,10.19,0.68,1.16
18:52:12,2135.22,6,RTK_FIXED,30,36.0756952,136.2135159,10.2,0.68,1.16
18:52:13,2136.32,6,RTK_FIXED,30,36.0756952,136.2135159,10.2,0.68,1.16
18:52:14,2137.32,6,RTK_FIXED,30,36.0756952,136.2135159,10.2,0.68,1.16
18:52:15,2138.42,6,RTK_FIXED,30,36.0756952,136.2135158,10.19,0.68,1.16
18:52:16,2139.42,6,RTK_FIXED,30,36.0756951,136.2135159,10.2,0.68,1.16
18:52:17,2140.42,6,RTK_FIXED,30,36.0756952,136.2135159,10.2,0.68,1.16
18:52:18,2141.42,6,RTK_FIXED,30,36.0756952,136.2135159,10.2,0.68,1.16
18:52:20,2142.53,6,RTK_FIXED,30,36.0756952,136.2135159,10.2,0.68,1.16
18:52:21,2143.62,6,RTK_FIXED,30,36.0756952,136.2135158,10.2,0.68,1.16
18:52:22,2144.72,6,RTK_FIXED,30,36.0756952,136.2135158,10.2,0.68,1.16
18:52:23,2145.82,6,RTK_FIXED,30,36.0756951,136.2135159,10.21,0.68,1.16
18:52:24,2146.82,6,RTK_FIXED,30,36.0756951,136.2135159,10.21,0.68,1.16
18:52:25,2147.82,6,RTK_FIXED,30,36.0756952,136.2135159,10.2,0.68,1.16
18:52:26,2148.92,6,RTK_FIXED,30,36.0756951,136.2135158,10.2,0.68,1.16
18:52:27,2149.92,6,RTK_FIXED,30,36.0756951,136.2135158,10.2,0.68,1.16
18:52:28,2151.03,6,RTK_FIXED,30,36.0756951,136.2135159,10.2,0.68,1.16
18:52:29,2152.12,6,RTK_FIXED,30,36.0756951,136.2135159,10.2,0.68,1.16
18:52:30,2153.12,6,RTK_FIXED,30,36.0756951,136.2135159,10.21,0.68,1.16
18:52:31,2154.22,6,RTK_FIXED,30,36.0756951,136.2135159,10.2,0.68,1.16
18:52:32,2155.22,6,RTK_FIXED,30,36.0756951,136.2135159,10.2,0.68,1.16
18:52:33,2156.32,6,RTK_FIXED,30,36.0756951,136.2135159,10.2,0.68,1.16
18:52:34,2157.32,6,RTK_FIXED,30,36.0756951,136.2135159,10.2,0.68,1.16
18:52:35,2158.32,6,RTK_FIXED,30,36.0756951,136.2135159,10.2,0.68,1.16
18:52:36,2159.42,6,RTK_FIXED,30,36.0756951,136.2135159,10.2,0.68,1.16
18:52:37,2160.42,6,RTK_FIXED,30,36.0756951,136.2135159,10.21,0.68,1.16
18:52:39,2161.53,6,RTK_FIXED,30,36.0756951,136.2135159,10.2,0.68,1.16
18:52:40,2162.62,6,RTK_FIXED,30,36.0756951,136.2135159,10.21,0.68,1.16
18:52:41,2163.72,6,RTK_FIXED,30,36.0756951,136.2135159,10.2,0.68,1.16
18:52:42,2164.82,6,RTK_FIXED,30,36.0756952,136.2135159,10.2,0.68,1.16
18:52:43,2165.82,6,RTK_FIXED,30,36.0756952,136.2135159,10.2,0.68,1.16
18:52:44,2166.82,6,RTK_FIXED,30,36.0756952,136.2135159,10.2,0.68,1.16
18:52:45,2167.92,6,RTK_FIXED,30,36.0756951,136.2135159,10.21,0.68,1.16
18:52:46,2169.03,6,RTK_FIXED,30,36.0756951,136.2135159,10.21,0.68,1.16
18:52:47,2170.03,6,RTK_FIXED,30,36.0756951,136.2135159,10.21,0.68,1.16
18:52:48,2171.12,6,RTK_FIXED,30,36.0756951,136.2135159,10.21,0.68,1.16
18:52:49,2172.12,6,RTK_FIXED,30,36.0756951,136.2135159,10.21,0.68,1.16
18:52:50,2173.12,6,RTK_FIXED,30,36.0756951,136.2135159,10.22,0.68,1.16
18:52:51,2174.12,6,RTK_FIXED,30,36.0756951,136.2135159,10.22,0.68,1.16
18:52:52,2175.22,6,RTK_FIXED,30,36.0756951,136.2135159,10.22,0.68,1.16
18:52:53,2176.22,6,RTK_FIXED,30,36.0756951,136.2135159,10.21,0.68,1.16
18:52:54,2177.22,6,RTK_FIXED,30,36.0756951,136.2135159,10.22,0.68,1.16
18:52:55,2178.32,6,RTK_FIXED,30,36.0756951,136.2135159,10.21,0.68,1.16
18:52:56,2179.32,6,RTK_FIXED,30,36.0756951,136.2135159,10.2,0.68,1.16
18:52:57,2180.32,6,RTK_FIXED,30,36.0756951,136.2135159,10.2,0.68,1.16
18:52:58,2181.42,6,RTK_FIXED,30,36.0756951,136.2135159,10.2,0.68,1.16
18:53:00,2182.53,6,RTK_FIXED,30,36.0756951,136.2135159,10.2,0.68,1.16
18:53:01,2183.53,6,RTK_FIXED,30,36.0756951,136.2135159,10.2,0.68,1.16
18:53:02,2184.62,6,RTK_FIXED,30,36.0756951,136.2135159,10.2,0.68,1.16
18:53:03,2185.72,6,RTK_FIXED,30,36.0756951,136.2135159,10.2,0.68,1.16
18:53:04,2186.72,6,RTK_FIXED,30,36.0756951,136.2135159,10.2,0.68,1.16
18:53:05,2187.72,6,RTK_FIXED,30,36.0756951,136.2135159,10.2,0.68,1.16
18:53:06,2188.72,6,RTK_FIXED,30,36.0756951,136.2135159,10.21,0.68,1.16
18:53:07,2189.82,6,RTK_FIXED,30,36.0756951,136.2135159,10.21,0.68,1.16
18:53:08,2190.92,6,RTK_FIXED,30,36.0756951,136.2135159,10.21,0.68,1.16
18:53:09,2192.03,6,RTK_FIXED,30,36.0756951,136.2135159,10.21,0.68,1.16
18:53:10,2193.03,6,RTK_FIXED,30,36.0756951,136.2135159,10.2,0.68,1.16
18:53:11,2194.03,6,RTK_FIXED,30,36.0756951,136.2135159,10.2,0.68,1.16
18:53:12,2195.12,6,RTK_FIXED,30,36.0756951,136.2135159,10.21,0.68,1.16
18:53:13,2196.12,6,RTK_FIXED,30,36.0756951,136.2135158,10.21,0.68,1.16
18:53:14,2197.12,6,RTK_FIXED,30,36.0756951,136.2135159,10.21,0.68,1.16
18:53:15,2198.22,6,RTK_FIXED,30,36.0756951,136.2135159,10.21,0.68,1.16
18:53:16,2199.22,6,RTK_FIXED,30,36.0756951,136.2135159,10.2,0.68,1.16
18:53:17,2200.32,6,RTK_FIXED,30,36.0756951,136.2135159,10.21,0.68,1.16
18:53:18,2201.32,6,RTK_FIXED,30,36.0756951,136.2135159,10.21,0.68,1.16
18:53:19,2202.42,6,RTK_FIXED,30,36.0756951,136.2135159,10.2,0.68,1.16
18:53:20,2203.42,6,RTK_FIXED,30,36.0756951,136.2135159,10.21,0.68,1.16
18:53:22,2204.53,6,RTK_FIXED,30,36.0756951,136.2135159,10.2,0.68,1.16
18:53:23,2205.53,6,RTK_FIXED,30,36.0756952,136.2135159,10.2,0.68,1.16
18:53:24,2206.62,6,RTK_FIXED,30,36.0756952,136.2135158,10.2,0.68,1.16
18:53:25,2207.62,6,RTK_FIXED,30,36.0756951,136.2135158,10.21,0.68,1.16
18:53:26,2208.62,6,RTK_FIXED,30,36.0756952,136.2135158,10.21,0.68,1.16
18:53:27,2209.62,6,RTK_FIXED,30,36.0756952,136.2135158,10.2,0.68,1.16
18:53:28,2210.72,6,RTK_FIXED,30,36.0756951,136.2135159,10.21,0.68,1.16
18:53:29,2211.82,6,RTK_FIXED,30,36.0756952,136.2135158,10.2,0.68,1.16
18:53:30,2212.92,6,RTK_FIXED,30,36.0756951,136.2135158,10.21,0.68,1.16
18:53:31,2213.92,6,RTK_FIXED,30,36.0756951,136.2135158,10.21,0.68,1.16
18:53:32,2214.92,6,RTK_FIXED,30,36.0756952,136.2135159,10.2,0.68,1.16
18:53:33,2216.03,6,RTK_FIXED,30,36.0756951,136.2135158,10.2,0.68,1.16
18:53:34,2217.03,6,RTK_FIXED,30,36.0756951,136.2135158,10.21,0.68,1.16
18:53:35,2218.03,6,RTK_FIXED,30,36.0756952,136.2135158,10.21,0.68,1.16
18:53:36,2219.12,6,RTK_FIXED,30,36.0756951,136.2135159,10.21,0.68,1.16
18:53:37,2220.22,6,RTK_FIXED,30,36.0756952,136.2135159,10.21,0.68,1.16
18:53:38,2221.22,6,RTK_FIXED,30,36.0756951,136.2135158,10.22,0.68,1.16
18:53:39,2222.22,6,RTK_FIXED,30,36.0756951,136.2135158,10.22,0.68,1.16
18:53:40,2223.32,6,RTK_FIXED,30,36.0756951,136.2135159,10.21,0.68,1.16
18:53:41,2224.32,6,RTK_FIXED,30,36.0756951,136.2135159,10.21,0.68,1.16
18:53:42,2225.32,6,RTK_FIXED,30,36.0756951,136.2135159,10.23,0.68,1.16
18:53:43,2226.42,6,RTK_FIXED,30,36.0756951,136.2135159,10.21,0.68,1.16
18:53:44,2227.42,6,RTK_FIXED,30,36.0756951,136.2135158,10.21,0.68,1.16
18:53:46,2228.53,6,RTK_FIXED,30,36.0756951,136.2135158,10.21,0.68,1.16
18:53:47,2229.62,6,RTK_FIXED,30,36.0756951,136.2135158,10.22,0.68,1.16
18:53:48,2230.62,6,RTK_FIXED,30,36.0756952,136.2135158,10.21,0.68,1.16
18:53:49,2231.62,6,RTK_FIXED,30,36.0756951,136.2135159,10.23,0.68,1.16
18:53:50,2232.62,6,RTK_FIXED,30,36.0756951,136.2135158,10.22,0.68,1.16
18:53:51,2233.62,6,RTK_FIXED,30,36.0756951,136.2135158,10.22,0.68,1.16
18:53:52,2234.72,6,RTK_FIXED,30,36.0756951,136.2135159,10.22,0.68,1.16
18:53:53,2235.72,6,RTK_FIXED,30,36.0756951,136.2135159,10.21,0.68,1.16
18:53:54,2236.82,6,RTK_FIXED,30,36.0756951,136.2135158,10.22,0.68,1.16
18:53:55,2237.82,6,RTK_FIXED,30,36.0756951,136.2135158,10.22,0.68,1.16
18:53:56,2238.82,6,RTK_FIXED,30,36.0756951,136.2135159,10.22,0.68,1.16
18:53:57,2239.82,6,RTK_FIXED,30,36.0756951,136.2135158,10.22,0.68,1.15
18:53:58,2240.92,6,RTK_FIXED,30,36.0756951,136.2135158,10.22,0.68,1.15
18:53:59,2241.92,6,RTK_FIXED,30,36.0756951,136.2135158,10.22,0.68,1.15
18:54:00,2242.92,6,RTK_FIXED,30,36.0756952,136.2135159,10.21,0.68,1.15
18:54:01,2244.03,6,RTK_FIXED,30,36.0756952,136.2135158,10.21,0.68,1.15
18:54:02,2245.03,6,RTK_FIXED,30,36.0756952,136.2135158,10.21,0.68,1.15
18:54:03,2246.12,6,RTK_FIXED,30,36.0756952,136.2135159,10.21,0.68,1.15
18:54:04,2247.22,6,RTK_FIXED,30,36.0756952,136.2135158,10.21,0.68,1.15
18:54:05,2248.22,6,RTK_FIXED,30,36.0756951,136.2135158,10.22,0.68,1.15
18:54:06,2249.22,6,RTK_FIXED,30,36.0756951,136.2135159,10.23,0.68,1.15
18:54:07,2250.32,6,RTK_FIXED,30,36.0756952,136.2135158,10.21,0.68,1.15
18:54:08,2251.42,6,RTK_FIXED,30,36.0756952,136.2135158,10.21,0.68,1.15
18:54:09,2252.42,6,RTK_FIXED,30,36.0756952,136.2135158,10.2,0.68,1.15
18:54:11,2253.53,6,RTK_FIXED,30,36.0756952,136.2135159,10.22,0.68,1.15
18:54:12,2254.53,6,RTK_FIXED,30,36.0756952,136.2135158,10.21,0.68,1.15
18:54:13,2255.62,6,RTK_FIXED,30,36.0756952,136.2135158,10.22,0.68,1.15
18:54:14,2256.62,6,RTK_FIXED,30,36.0756952,136.2135159,10.21,0.68,1.15
18:54:15,2257.62,6,RTK_FIXED,30,36.0756952,136.2135159,10.23,0.68,1.15
18:54:16,2258.62,6,RTK_FIXED,30,36.0756952,136.2135158,10.2,0.68,1.15
18:54:17,2259.72,6,RTK_FIXED,30,36.0756952,136.2135159,10.2,0.68,1.15
18:54:18,2260.72,6,RTK_FIXED,30,36.0756952,136.2135158,10.19,0.68,1.15
18:54:19,2261.82,6,RTK_FIXED,30,36.0756952,136.2135158,10.19,0.68,1.15
18:54:20,2262.82,6,RTK_FIXED,30,36.0756952,136.2135159,10.19,0.68,1.15
18:54:21,2263.82,6,RTK_FIXED,30,36.0756952,136.2135158,10.19,0.68,1.15
18:54:22,2264.82,6,RTK_FIXED,30,36.0756952,136.2135159,10.21,0.68,1.15
18:54:23,2265.92,6,RTK_FIXED,30,36.0756952,136.2135159,10.21,0.68,1.15
18:54:24,2267.03,6,RTK_FIXED,30,36.0756952,136.2135159,10.21,0.68,1.15
18:54:25,2268.12,6,RTK_FIXED,30,36.0756952,136.2135159,10.21,0.68,1.15
18:54:26,2269.22,6,RTK_FIXED,30,36.0756951,136.2135159,10.22,0.68,1.15
18:54:27,2270.32,6,RTK_FIXED,30,36.0756952,136.2135159,10.21,0.68,1.15
18:54:28,2271.32,6,RTK_FIXED,30,36.0756952,136.2135159,10.21,0.68,1.15
18:54:29,2272.42,6,RTK_FIXED,29,36.0756952,136.2135159,10.21,0.68,1.15
18:54:31,2273.53,6,RTK_FIXED,29,36.0756952,136.2135159,10.21,0.68,1.15
18:54:32,2274.62,6,RTK_FIXED,29,36.0756952,136.2135159,10.21,0.68,1.15
18:54:33,2275.72,6,RTK_FIXED,29,36.0756952,136.2135159,10.2,0.68,1.15
18:54:34,2276.72,6,RTK_FIXED,29,36.0756952,136.2135159,10.21,0.68,1.15
18:54:35,2277.82,6,RTK_FIXED,29,36.0756952,136.2135159,10.2,0.68,1.15
18:54:36,2278.82,6,RTK_FIXED,29,36.0756952,136.2135159,10.2,0.68,1.15
18:54:37,2279.92,6,RTK_FIXED,29,36.0756952,136.2135159,10.2,0.68,1.15
18:54:38,2280.92,6,RTK_FIXED,29,36.0756952,136.2135159,10.2,0.68,1.15
18:54:39,2281.92,6,RTK_FIXED,29,36.0756951,136.2135159,10.2,0.68,1.15
18:54:40,2283.03,6,RTK_FIXED,29,36.0756951,136.2135159,10.21,0.68,1.15
18:54:41,2284.03,6,RTK_FIXED,29,36.0756952,136.2135159,10.21,0.68,1.15
18:54:42,2285.12,6,RTK_FIXED,29,36.0756951,136.2135159,10.21,0.68,1.15
18:54:43,2286.22,6,RTK_FIXED,29,36.0756951,136.2135159,10.21,0.68,1.15
18:54:44,2287.22,6,RTK_FIXED,30,36.0756951,136.2135159,10.21,0.68,1.15
18:54:45,2288.32,6,RTK_FIXED,30,36.0756951,136.2135159,10.21,0.68,1.15
18:54:46,2289.42,6,RTK_FIXED,30,36.0756951,136.2135159,10.2,0.68,1.15
18:54:48,2290.53,6,RTK_FIXED,30,36.0756951,136.2135159,10.2,0.68,1.15
18:54:49,2291.53,6,RTK_FIXED,30,36.0756951,136.2135159,10.19,0.68,1.15
18:54:50,2292.62,6,RTK_FIXED,30,36.0756951,136.2135159,10.19,0.68,1.15
18:54:51,2293.62,6,RTK_FIXED,30,36.0756951,136.2135159,10.19,0.68,1.15
18:54:52,2294.62,6,RTK_FIXED,30,36.0756951,136.2135159,10.19,0.68,1.15
18:54:53,2295.62,6,RTK_FIXED,30,36.0756951,136.2135159,10.19,0.7,1.15
18:54:54,2296.72,6,RTK_FIXED,30,36.0756951,136.2135159,10.2,0.7,1.15
18:54:55,2297.82,6,RTK_FIXED,30,36.0756951,136.2135159,10.19,0.7,1.15
18:54:56,2298.82,6,RTK_FIXED,30,36.0756951,136.2135159,10.19,0.7,1.15
18:54:57,2299.92,6,RTK_FIXED,30,36.0756951,136.2135159,10.19,0.7,1.15
18:54:58,2301.03,6,RTK_FIXED,30,36.0756952,136.2135159,10.2,0.7,1.15
18:54:59,2302.03,6,RTK_FIXED,30,36.0756952,136.2135159,10.19,0.7,1.15
18:55:00,2303.12,6,RTK_FIXED,30,36.0756952,136.2135159,10.19,0.7,1.15
18:55:01,2304.13,6,RTK_FIXED,30,36.0756952,136.2135159,10.19,0.7,1.15
18:55:02,2305.22,6,RTK_FIXED,30,36.0756951,136.2135159,10.19,0.7,1.15
18:55:03,2306.22,6,RTK_FIXED,30,36.0756951,136.2135159,10.19,0.7,1.15
18:55:04,2307.22,6,RTK_FIXED,30,36.0756951,136.2135159,10.19,0.7,1.15
18:55:05,2308.32,6,RTK_FIXED,30,36.0756951,136.2135159,10.18,0.7,1.15
18:55:06,2309.32,6,RTK_FIXED,30,36.0756952,136.2135159,10.19,0.7,1.15
18:55:07,2310.32,6,RTK_FIXED,30,36.0756952,136.2135159,10.2,0.7,1.15
18:55:08,2311.42,6,RTK_FIXED,30,36.0756952,136.2135159,10.19,0.7,1.15
18:55:09,2312.42,6,RTK_FIXED,30,36.0756951,136.2135159,10.2,0.7,1.15
18:55:10,2313.43,6,RTK_FIXED,30,36.0756951,136.2135159,10.2,0.7,1.15
18:55:12,2314.53,6,RTK_FIXED,30,36.0756951,136.2135159,10.2,0.7,1.15
18:55:13,2315.53,6,RTK_FIXED,30,36.0756951,136.2135159,10.2,0.7,1.15
18:55:14,2316.62,6,RTK_FIXED,30,36.0756951,136.2135159,10.19,0.7,1.15
18:55:15,2317.62,6,RTK_FIXED,30,36.0756951,136.2135159,10.19,0.7,1.15
18:55:16,2318.62,6,RTK_FIXED,30,36.0756951,136.2135159,10.19,0.7,1.15
18:55:17,2319.62,6,RTK_FIXED,30,36.0756952,136.2135159,10.18,0.7,1.15
18:55:18,2320.72,6,RTK_FIXED,30,36.0756952,136.2135159,10.19,0.7,1.15
18:55:19,2321.72,6,RTK_FIXED,30,36.0756952,136.2135159,10.19,0.7,1.15
18:55:20,2322.73,6,RTK_FIXED,30,36.0756952,136.2135159,10.19,0.7,1.15
18:55:21,2323.82,6,RTK_FIXED,30,36.0756952,136.2135159,10.18,0.7,1.15
18:55:22,2324.92,6,RTK_FIXED,30,36.0756952,136.2135159,10.17,0.7,1.15
18:55:23,2325.93,6,RTK_FIXED,30,36.0756952,136.2135159,10.16,0.7,1.15
18:55:24,2327.03,6,RTK_FIXED,30,36.0756953,136.2135159,10.16,0.7,1.15
18:55:25,2328.13,6,RTK_FIXED,29,36.0756952,136.2135159,10.16,0.7,1.15
18:55:26,2329.23,6,RTK_FIXED,29,36.0756952,136.2135159,10.16,0.7,1.15
18:55:27,2330.23,6,RTK_FIXED,29,36.0756953,136.2135159,10.15,0.7,1.15
18:55:28,2331.23,6,RTK_FIXED,29,36.0756952,136.2135159,10.19,0.7,1.15
18:55:29,2332.23,6,RTK_FIXED,29,36.0756952,136.2135159,10.19,0.7,1.15
18:55:30,2333.33,6,RTK_FIXED,29,36.0756952,136.2135159,10.19,0.7,1.15
18:55:31,2334.33,6,RTK_FIXED,29,36.0756952,136.2135159,10.18,0.7,1.15
18:55:32,2335.43,6,RTK_FIXED,29,36.0756952,136.2135159,10.19,0.7,1.15
18:55:33,2336.43,6,RTK_FIXED,29,36.0756952,136.2135159,10.19,0.7,1.15
18:55:34,2337.43,6,RTK_FIXED,29,36.0756952,136.2135159,10.17,0.7,1.15
18:55:35,2338.43,6,RTK_FIXED,29,36.0756951,136.2135159,10.19,0.7,1.15
18:55:37,2339.53,6,RTK_FIXED,29,36.0756951,136.2135159,10.18,0.7,1.15
18:55:38,2340.63,6,RTK_FIXED,29,36.0756951,136.2135159,10.18,0.7,1.15
18:55:39,2341.73,6,RTK_FIXED,29,36.0756952,136.2135159,10.16,0.7,1.15
18:55:40,2342.73,6,RTK_FIXED,29,36.0756952,136.2135159,10.16,0.7,1.15
18:55:41,2343.83,6,RTK_FIXED,29,36.0756951,136.2135159,10.19,0.7,1.15
18:55:42,2344.83,6,RTK_FIXED,29,36.0756952,136.2135159,10.17,0.7,1.15
18:55:43,2345.93,6,RTK_FIXED,29,36.0756952,136.2135159,10.18,0.7,1.15
18:55:44,2346.93,6,RTK_FIXED,29,36.0756952,136.2135159,10.17,0.7,1.15
18:55:45,2348.03,6,RTK_FIXED,29,36.0756952,136.2135159,10.16,0.7,1.15
18:55:46,2349.03,6,RTK_FIXED,29,36.0756952,136.2135159,10.16,0.7,1.15
18:55:47,2350.03,6,RTK_FIXED,29,36.0756952,136.2135159,10.16,0.7,1.15
18:55:48,2351.13,6,RTK_FIXED,29,36.0756952,136.2135159,10.17,0.7,1.15
18:55:49,2352.23,6,RTK_FIXED,29,36.0756952,136.2135159,10.18,0.7,1.15
18:55:50,2353.23,6,RTK_FIXED,29,36.0756952,136.2135159,10.17,0.7,1.15
18:55:51,2354.33,6,RTK_FIXED,29,36.0756952,136.2135159,10.18,0.7,1.15
18:55:52,2355.43,6,RTK_FIXED,29,36.0756952,136.2135159,10.17,0.7,1.15
18:55:54,2356.53,6,RTK_FIXED,29,36.0756951,136.2135159,10.17,0.7,1.15
18:55:55,2357.63,6,RTK_FIXED,30,36.0756951,136.213516,10.17,0.7,1.15
18:55:56,2358.63,6,RTK_FIXED,30,36.0756952,136.2135159,10.14,0.7,1.15
18:55:57,2359.73,6,RTK_FIXED,30,36.0756952,136.2135159,10.14,0.7,1.15
18:55:58,2360.73,6,RTK_FIXED,31,36.0756951,136.213516,10.16,0.7,1.15
18:55:59,2361.83,6,RTK_FIXED,31,36.0756952,136.213516,10.13,0.7,1.15
18:56:00,2362.83,6,RTK_FIXED,31,36.0756952,136.2135159,10.18,0.7,1.15
18:56:01,2363.93,6,RTK_FIXED,31,36.0756952,136.2135159,10.18,0.7,1.15
18:56:02,2364.93,6,RTK_FIXED,31,36.0756952,136.2135159,10.16,0.7,1.15
18:56:03,2365.93,6,RTK_FIXED,31,36.0756952,136.2135159,10.18,0.7,1.15
18:56:04,2367.03,6,RTK_FIXED,31,36.0756952,136.2135159,10.17,0.7,1.15
18:56:05,2368.03,6,RTK_FIXED,31,36.0756951,136.2135159,10.16,0.7,1.15
18:56:06,2369.13,6,RTK_FIXED,31,36.0756952,136.2135159,10.14,0.7,1.15
18:56:07,2370.13,6,RTK_FIXED,31,36.0756952,136.2135159,10.15,0.7,1.15
18:56:08,2371.13,6,RTK_FIXED,31,36.0756951,136.2135159,10.15,0.7,1.15
18:56:09,2372.13,6,RTK_FIXED,31,36.0756951,136.2135159,10.15,0.7,1.15
18:56:10,2373.23,6,RTK_FIXED,31,36.0756952,136.2135159,10.18,0.7,1.15
18:56:11,2374.23,6,RTK_FIXED,31,36.0756951,136.2135159,10.18,0.7,1.15
18:56:12,2375.33,6,RTK_FIXED,31,36.0756952,136.2135159,10.18,0.7,1.15
18:56:13,2376.43,6,RTK_FIXED,31,36.0756952,136.2135159,10.18,0.7,1.15
18:56:14,2377.43,6,RTK_FIXED,31,36.0756951,136.2135159,10.17,0.7,1.15
18:56:16,2378.53,6,RTK_FIXED,31,36.0756952,136.2135159,10.17,0.7,1.15
18:56:17,2379.63,6,RTK_FIXED,30,36.0756951,136.2135159,10.17,0.7,1.15
18:56:18,2380.63,6,RTK_FIXED,30,36.0756951,136.2135159,10.16,0.7,1.15
18:56:19,2381.63,6,RTK_FIXED,30,36.0756951,136.2135159,10.16,0.7,1.15
18:56:20,2382.63,6,RTK_FIXED,30,36.0756951,136.2135159,10.15,0.7,1.15
18:56:21,2383.73,6,RTK_FIXED,30,36.0756951,136.2135159,10.18,0.7,1.15
18:56:22,2384.73,6,RTK_FIXED,30,36.0756952,136.2135159,10.17,0.7,1.15
18:56:23,2385.83,6,RTK_FIXED,30,36.0756951,136.2135159,10.17,0.7,1.15
18:56:24,2386.83,6,RTK_FIXED,30,36.0756951,136.2135159,10.17,0.7,1.15
18:56:25,2387.93,6,RTK_FIXED,30,36.0756951,136.213516,10.18,0.7,1.15
18:56:26,2388.93,6,RTK_FIXED,30,36.0756951,136.2135159,10.17,0.7,1.15
18:56:27,2389.93,6,RTK_FIXED,30,36.0756951,136.213516,10.16,0.7,1.15
18:56:28,2390.93,6,RTK_FIXED,30,36.0756951,136.2135159,10.16,0.7,1.15
18:56:29,2391.93,6,RTK_FIXED,30,36.0756951,136.2135159,10.16,0.7,1.15
18:56:30,2392.93,6,RTK_FIXED,30,36.0756952,136.2135159,10.15,0.7,1.15
18:56:31,2393.93,6,RTK_FIXED,30,36.0756951,136.2135159,10.15,0.7,1.15
18:56:32,2394.93,6,RTK_FIXED,30,36.0756952,136.2135159,10.16,0.7,1.15
18:56:33,2396.03,6,RTK_FIXED,30,36.0756951,136.2135159,10.15,0.7,1.15
18:56:34,2397.03,6,RTK_FIXED,30,36.0756951,136.2135159,10.17,0.7,1.15
18:56:35,2398.13,6,RTK_FIXED,30,36.0756951,136.2135158,10.18,0.7,1.15
18:56:36,2399.23,6,RTK_FIXED,30,36.0756951,136.2135159,10.17,0.7,1.15
18:56:37,2400.33,6,RTK_FIXED,30,36.0756951,136.2135158,10.18,0.7,1.15
18:56:38,2401.33,6,RTK_FIXED,30,36.0756951,136.2135158,10.17,0.7,1.15
18:56:39,2402.43,6,RTK_FIXED,30,36.0756951,136.2135158,10.17,0.7,1.15
18:56:40,2403.43,6,RTK_FIXED,30,36.0756951,136.2135159,10.17,0.7,1.15
18:56:41,2404.43,6,RTK_FIXED,30,36.0756951,136.2135159,10.17,0.7,1.15
18:56:42,2405.43,6,RTK_FIXED,31,36.0756951,136.2135159,10.17,0.7,1.15
18:56:44,2406.53,6,RTK_FIXED,31,36.0756951,136.2135159,10.17,0.7,1.15
18:56:45,2407.63,6,RTK_FIXED,31,36.0756951,136.2135159,10.19,0.7,1.15
18:56:46,2408.73,6,RTK_FIXED,31,36.0756951,136.2135159,10.19,0.7,1.15
18:56:47,2409.73,6,RTK_FIXED,31,36.0756951,136.2135159,10.18,0.7,1.15
18:56:48,2410.73,6,RTK_FIXED,31,36.0756951,136.2135159,10.19,0.7,1.15
18:56:49,2411.83,6,RTK_FIXED,31,36.0756951,136.2135159,10.17,0.7,1.15
18:56:50,2412.93,6,RTK_FIXED,31,36.0756951,136.2135159,10.18,0.7,1.15
18:56:51,2413.93,6,RTK_FIXED,31,36.0756951,136.2135159,10.17,0.7,1.15
18:56:52,2414.93,6,RTK_FIXED,31,36.0756951,136.2135159,10.17,0.7,1.15
18:56:53,2416.03,6,RTK_FIXED,31,36.0756951,136.2135159,10.17,0.7,1.15
18:56:54,2417.03,6,RTK_FIXED,31,36.0756951,136.2135159,10.16,0.7,1.15
18:56:55,2418.13,6,RTK_FIXED,31,36.0756951,136.2135159,10.18,0.7,1.15
18:56:56,2419.13,6,RTK_FIXED,31,36.0756951,136.2135159,10.18,0.7,1.15
18:56:57,2420.23,6,RTK_FIXED,31,36.0756951,136.2135159,10.18,0.7,1.15
18:56:58,2421.33,6,RTK_FIXED,31,36.0756951,136.2135159,10.18,0.7,1.15
18:56:59,2422.33,6,RTK_FIXED,31,36.0756951,136.2135159,10.18,0.7,1.15
18:57:00,2423.33,6,RTK_FIXED,31,36.0756951,136.2135159,10.18,0.7,1.15
18:57:01,2424.33,6,RTK_FIXED,31,36.0756951,136.2135159,10.18,0.7,1.15
18:57:02,2425.43,6,RTK_FIXED,31,36.0756951,136.2135159,10.18,0.7,1.15
18:57:04,2426.53,6,RTK_FIXED,31,36.0756951,136.2135159,10.18,0.7,1.15
18:57:05,2427.53,6,RTK_FIXED,31,36.0756951,136.2135159,10.18,0.7,1.15
18:57:06,2428.53,6,RTK_FIXED,31,36.0756951,136.2135159,10.18,0.7,1.15
18:57:07,2429.53,6,RTK_FIXED,31,36.0756951,136.2135159,10.19,0.7,1.15
18:57:08,2430.53,6,RTK_FIXED,31,36.0756951,136.2135159,10.18,0.7,1.15
18:57:09,2431.63,6,RTK_FIXED,31,36.0756952,136.2135159,10.17,0.7,1.15
18:57:10,2432.63,6,RTK_FIXED,31,36.0756951,136.2135159,10.18,0.7,1.15
18:57:11,2433.63,6,RTK_FIXED,30,36.0756951,136.2135159,10.18,0.7,1.15
18:57:12,2434.63,6,RTK_FIXED,30,36.0756951,136.2135159,10.18,0.7,1.15
18:57:13,2435.73,6,RTK_FIXED,30,36.0756951,136.2135159,10.18,0.7,1.15
18:57:14,2436.83,6,RTK_FIXED,30,36.0756951,136.2135159,10.18,0.7,1.15
18:57:15,2437.83,6,RTK_FIXED,30,36.0756951,136.2135159,10.18,0.7,1.15
18:57:16,2438.93,6,RTK_FIXED,30,36.0756951,136.2135159,10.17,0.7,1.15
18:57:17,2439.93,6,RTK_FIXED,30,36.0756951,136.2135159,10.18,0.7,1.15
18:57:18,2441.03,6,RTK_FIXED,30,36.0756951,136.2135159,10.18,0.7,1.15
18:57:19,2442.03,6,RTK_FIXED,30,36.0756951,136.2135159,10.18,0.7,1.15
18:57:20,2443.13,6,RTK_FIXED,30,36.0756951,136.2135159,10.18,0.7,1.15
18:57:21,2444.23,6,RTK_FIXED,30,36.0756952,136.2135159,10.18,0.7,1.15
18:57:22,2445.23,6,RTK_FIXED,30,36.0756952,136.2135159,10.18,0.7,1.15
18:57:23,2446.33,6,RTK_FIXED,30,36.0756951,136.2135159,10.18,0.7,1.15
18:57:24,2447.33,6,RTK_FIXED,30,36.0756951,136.2135159,10.19,0.7,1.15
18:57:25,2448.33,6,RTK_FIXED,30,36.0756951,136.2135159,10.19,0.7,1.15
18:57:26,2449.43,6,RTK_FIXED,30,36.0756952,136.2135159,10.18,0.7,1.15
18:57:27,2450.43,6,RTK_FIXED,30,36.0756952,136.2135159,10.18,0.7,1.15
18:57:29,2451.53,6,RTK_FIXED,30,36.0756952,136.2135159,10.18,0.7,1.15
18:57:30,2452.53,6,RTK_FIXED,30,36.0756952,136.2135159,10.17,0.7,1.15
18:57:31,2453.63,6,RTK_FIXED,30,36.0756952,136.2135159,10.17,0.7,1.15
18:57:32,2454.63,6,RTK_FIXED,30,36.0756952,136.2135159,10.17,0.7,1.15
18:57:33,2455.73,6,RTK_FIXED,30,36.0756952,136.2135159,10.17,0.7,1.15
18:57:34,2456.83,6,RTK_FIXED,30,36.0756951,136.2135159,10.19,0.7,1.15
18:57:35,2457.83,6,RTK_FIXED,30,36.0756951,136.2135159,10.19,0.7,1.15
18:57:36,2458.93,6,RTK_FIXED,30,36.0756952,136.2135159,10.19,0.7,1.15
18:57:37,2459.93,6,RTK_FIXED,30,36.0756951,136.2135159,10.18,0.7,1.15
18:57:38,2461.03,6,RTK_FIXED,30,36.0756952,136.2135159,10.16,0.7,1.15
18:57:39,2462.04,6,RTK_FIXED,30,36.0756952,136.2135159,10.16,0.7,1.15
18:57:40,2463.13,6,RTK_FIXED,30,36.0756952,136.2135159,10.16,0.7,1.15
18:57:41,2464.23,6,RTK_FIXED,30,36.0756952,136.2135159,10.15,0.7,1.15
18:57:42,2465.33,6,RTK_FIXED,30,36.0756952,136.2135159,10.15,0.7,1.15
18:57:43,2466.43,6,RTK_FIXED,30,36.0756951,136.2135159,10.18,0.7,1.15
18:57:44,2467.43,6,RTK_FIXED,29,36.0756951,136.2135159,10.17,0.7,1.15
18:57:45,2468.43,6,RTK_FIXED,29,36.0756952,136.2135159,10.17,0.7,1.15
18:57:47,2469.53,6,RTK_FIXED,29,36.0756951,136.2135159,10.17,0.7,1.15
18:57:48,2470.63,6,RTK_FIXED,29,36.0756952,136.2135159,10.17,0.7,1.13
18:57:49,2471.73,6,RTK_FIXED,29,36.0756952,136.2135159,10.18,0.7,1.13
18:57:50,2472.73,6,RTK_FIXED,29,36.0756952,136.2135159,10.18,0.7,1.13
18:57:51,2473.83,6,RTK_FIXED,29,36.0756952,136.2135159,10.17,0.7,1.13
18:57:52,2474.83,6,RTK_FIXED,29,36.0756952,136.2135159,10.18,0.7,1.13
18:57:53,2475.83,6,RTK_FIXED,30,36.0756952,136.2135159,10.17,0.7,1.13
18:57:54,2476.83,6,RTK_FIXED,30,36.0756952,136.2135159,10.17,0.7,1.13
18:57:55,2477.93,6,RTK_FIXED,30,36.0756952,136.2135159,10.17,0.7,1.13
18:57:56,2479.04,6,RTK_FIXED,30,36.0756952,136.2135159,10.16,0.7,1.13
18:57:57,2480.13,6,RTK_FIXED,30,36.0756952,136.2135159,10.16,0.7,1.13
18:57:58,2481.13,6,RTK_FIXED,30,36.0756952,136.2135159,10.16,0.7,1.13
18:57:59,2482.23,6,RTK_FIXED,30,36.0756952,136.2135159,10.15,0.7,1.13
18:58:00,2483.23,6,RTK_FIXED,30,36.0756952,136.2135159,10.14,0.7,1.13
18:58:01,2484.23,6,RTK_FIXED,30,36.0756952,136.2135159,10.15,0.7,1.13
18:58:02,2485.23,6,RTK_FIXED,30,36.0756952,136.2135159,10.15,0.7,1.13
18:58:03,2486.33,6,RTK_FIXED,30,36.0756952,136.2135159,10.14,0.7,1.13
18:58:04,2487.33,6,RTK_FIXED,30,36.0756952,136.2135159,10.16,0.7,1.13
18:58:05,2488.33,6,RTK_FIXED,30,36.0756952,136.2135159,10.15,0.7,1.13
18:58:06,2489.43,6,RTK_FIXED,30,36.0756952,136.2135159,10.17,0.7,1.13
18:58:08,2490.53,6,RTK_FIXED,30,36.0756952,136.2135159,10.17,0.7,1.13
18:58:09,2491.63,6,RTK_FIXED,30,36.0756952,136.2135159,10.17,0.7,1.13
18:58:10,2492.73,6,RTK_FIXED,30,36.0756952,136.2135159,10.17,0.7,1.13
18:58:11,2493.83,6,RTK_FIXED,30,36.0756952,136.2135159,10.17,0.7,1.13
18:58:12,2494.83,6,RTK_FIXED,30,36.0756952,136.2135159,10.16,0.7,1.13
18:58:13,2495.83,6,RTK_FIXED,30,36.0756952,136.2135159,10.17,0.7,1.13
18:58:14,2496.83,6,RTK_FIXED,30,36.0756952,136.2135159,10.17,0.7,1.13
18:58:15,2497.93,6,RTK_FIXED,30,36.0756952,136.2135159,10.17,0.7,1.13
18:58:16,2498.93,6,RTK_FIXED,30,36.0756952,136.2135159,10.18,0.7,1.13
18:58:17,2500.03,6,RTK_FIXED,30,36.0756952,136.2135159,10.17,0.7,1.13
18:58:18,2501.04,6,RTK_FIXED,30,36.0756952,136.2135159,10.17,0.7,1.13
18:58:19,2502.04,6,RTK_FIXED,30,36.0756951,136.2135159,10.17,0.7,1.13
18:58:20,2503.04,6,RTK_FIXED,30,36.0756952,136.2135159,10.18,0.7,1.13
18:58:21,2504.13,6,RTK_FIXED,30,36.0756952,136.2135159,10.17,0.7,1.13
18:58:22,2505.13,6,RTK_FIXED,30,36.0756952,136.2135159,10.17,0.7,1.13
18:58:23,2506.23,6,RTK_FIXED,30,36.0756951,136.2135159,10.16,0.7,1.13
18:58:24,2507.33,6,RTK_FIXED,30,36.0756951,136.2135159,10.16,0.7,1.13
18:58:25,2508.33,6,RTK_FIXED,30,36.0756951,136.2135159,10.16,0.7,1.13
18:58:26,2509.33,6,RTK_FIXED,30,36.0756951,136.2135159,10.16,0.7,1.13
18:58:27,2510.43,6,RTK_FIXED,30,36.0756951,136.2135159,10.16,0.7,1.13
18:58:29,2511.53,6,RTK_FIXED,30,36.0756951,136.2135159,10.15,0.7,1.13
18:58:30,2512.54,6,RTK_FIXED,30,36.0756951,136.2135159,10.15,0.7,1.13
18:58:31,2513.63,6,RTK_FIXED,30,36.0756951,136.2135159,10.15,0.7,1.13
18:58:32,2514.73,6,RTK_FIXED,30,36.0756951,136.2135159,10.14,0.7,1.13
18:58:33,2515.73,6,RTK_FIXED,30,36.0756951,136.2135159,10.13,0.7,1.13
18:58:34,2516.83,6,RTK_FIXED,30,36.0756951,136.2135159,10.13,0.7,1.13
18:58:35,2517.83,6,RTK_FIXED,30,36.0756951,136.2135159,10.13,0.7,1.13
18:58:36,2518.93,6,RTK_FIXED,30,36.0756951,136.213516,10.14,0.7,1.13
18:58:37,2519.93,6,RTK_FIXED,30,36.0756952,136.2135159,10.16,0.7,1.13
18:58:38,2520.93,6,RTK_FIXED,30,36.0756952,136.2135159,10.16,0.7,1.13
18:58:39,2522.04,6,RTK_FIXED,30,36.0756952,136.2135159,10.16,0.7,1.13
18:58:40,2523.13,6,RTK_FIXED,30,36.0756952,136.2135159,10.16,0.7,1.13
18:58:41,2524.23,6,RTK_FIXED,30,36.0756952,136.2135159,10.17,0.7,1.13
18:58:42,2525.33,6,RTK_FIXED,30,36.0756952,136.2135159,10.17,0.7,1.13
18:58:43,2526.33,6,RTK_FIXED,30,36.0756952,136.2135159,10.17,0.7,1.13
18:58:44,2527.33,6,RTK_FIXED,30,36.0756952,136.2135159,10.17,0.7,1.13
18:58:45,2528.33,6,RTK_FIXED,31,36.0756952,136.213516,10.17,0.7,1.13
18:58:46,2529.43,6,RTK_FIXED,31,36.0756951,136.213516,10.17,0.7,1.13
18:58:47,2530.43,6,RTK_FIXED,31,36.0756951,136.213516,10.17,0.7,1.13
18:58:49,2531.54,6,RTK_FIXED,31,36.0756951,136.213516,10.16,0.7,1.13
18:58:50,2532.54,6,RTK_FIXED,31,36.0756951,136.213516,10.16,0.7,1.13
18:58:51,2533.63,6,RTK_FIXED,31,36.0756951,136.213516,10.15,0.7,1.13
18:58:52,2534.73,6,RTK_FIXED,31,36.0756951,136.213516,10.16,0.7,1.13
18:58:53,2535.83,6,RTK_FIXED,31,36.0756952,136.2135159,10.17,0.7,1.13
18:58:54,2536.83,6,RTK_FIXED,31,36.0756952,136.2135159,10.17,0.7,1.13
18:58:55,2537.93,6,RTK_FIXED,31,36.0756951,136.2135159,10.18,0.7,1.13
18:58:56,2538.93,6,RTK_FIXED,31,36.0756952,136.213516,10.18,0.7,1.13
18:58:57,2539.93,6,RTK_FIXED,31,36.0756952,136.213516,10.17,0.7,1.13
18:58:58,2540.93,6,RTK_FIXED,31,36.0756952,136.213516,10.17,0.7,1.13
18:58:59,2542.04,6,RTK_FIXED,31,36.0756952,136.213516,10.17,0.7,1.13
18:59:00,2543.04,6,RTK_FIXED,31,36.0756952,136.213516,10.16,0.7,1.13
18:59:01,2544.13,6,RTK_FIXED,31,36.0756952,136.213516,10.16,0.7,1.13
18:59:02,2545.13,6,RTK_FIXED,31,36.0756952,136.213516,10.16,0.7,1.13
18:59:03,2546.23,6,RTK_FIXED,31,36.0756951,136.213516,10.19,0.7,1.13
18:59:04,2547.23,6,RTK_FIXED,31,36.0756951,136.213516,10.19,0.7,1.13
18:59:05,2548.33,6,RTK_FIXED,31,36.0756952,136.213516,10.18,0.7,1.13
18:59:06,2549.43,6,RTK_FIXED,31,36.0756952,136.213516,10.18,0.7,1.13
18:59:07,2550.43,6,RTK_FIXED,31,36.0756951,136.213516,10.18,0.7,1.13
18:59:09,2551.54,6,RTK_FIXED,31,36.0756951,136.213516,10.18,0.7,1.13
18:59:10,2552.54,6,RTK_FIXED,31,36.0756951,136.213516,10.18,0.7,1.13
18:59:11,2553.63,6,RTK_FIXED,31,36.0756951,136.213516,10.17,0.7,1.13
18:59:12,2554.63,6,RTK_FIXED,31,36.0756951,136.213516,10.17,0.7,1.13
18:59:13,2555.63,6,RTK_FIXED,31,36.0756951,136.213516,10.16,0.7,1.13
18:59:14,2556.73,6,RTK_FIXED,31,36.0756951,136.213516,10.19,0.7,1.13
18:59:15,2557.83,6,RTK_FIXED,31,36.0756951,136.213516,10.19,0.7,1.13
18:59:16,2558.83,6,RTK_FIXED,31,36.0756952,136.213516,10.19,0.7,1.13
18:59:17,2559.93,6,RTK_FIXED,32,36.0756952,136.213516,10.18,0.7,1.13
18:59:18,2560.93,6,RTK_FIXED,32,36.0756952,136.213516,10.18,0.7,1.13
18:59:19,2562.04,6,RTK_FIXED,32,36.0756952,136.213516,10.17,0.7,1.13
18:59:20,2563.13,6,RTK_FIXED,32,36.0756952,136.213516,10.17,0.7,1.13
18:59:21,2564.23,6,RTK_FIXED,32,36.0756952,136.213516,10.17,0.7,1.13
18:59:22,2565.23,6,RTK_FIXED,32,36.0756952,136.213516,10.17,0.7,1.13
18:59:23,2566.23,6,RTK_FIXED,32,36.0756952,136.213516,10.16,0.7,1.13
18:59:24,2567.23,6,RTK_FIXED,32,36.0756951,136.213516,10.19,0.7,1.13
18:59:25,2568.23,6,RTK_FIXED,32,36.0756951,136.213516,10.18,0.7,1.13
18:59:26,2569.23,6,RTK_FIXED,32,36.0756951,136.213516,10.19,0.7,1.13
18:59:27,2570.33,6,RTK_FIXED,32,36.0756952,136.213516,10.18,0.7,1.13
18:59:28,2571.43,6,RTK_FIXED,32,36.0756951,136.213516,10.18,0.7,1.13
18:59:29,2572.43,6,RTK_FIXED,32,36.0756951,136.213516,10.19,0.7,1.13
18:59:31,2573.54,6,RTK_FIXED,32,36.0756952,136.213516,10.18,0.7,1.13
18:59:32,2574.54,6,RTK_FIXED,32,36.0756952,136.213516,10.17,0.7,1.13
18:59:33,2575.63,6,RTK_FIXED,32,36.0756952,136.213516,10.17,0.7,1.13
18:59:34,2576.73,6,RTK_FIXED,32,36.0756952,136.213516,10.16,0.7,1.13
18:59:35,2577.83,6,RTK_FIXED,32,36.0756952,136.213516,10.16,0.7,1.13
18:59:36,2578.83,6,RTK_FIXED,32,36.0756952,136.2135159,10.18,0.7,1.13
18:59:37,2579.93,6,RTK_FIXED,32,36.0756952,136.2135159,10.18,0.7,1.13
18:59:38,2581.04,6,RTK_FIXED,32,36.0756952,136.2135159,10.17,0.7,1.13
18:59:39,2582.13,6,RTK_FIXED,32,36.0756952,136.2135159,10.16,0.7,1.13
18:59:40,2583.23,6,RTK_FIXED,32,36.0756952,136.2135159,10.16,0.7,1.13
18:59:41,2584.23,6,RTK_FIXED,32,36.0756952,136.2135159,10.17,0.7,1.13
18:59:42,2585.33,6,RTK_FIXED,31,36.0756951,136.213516,10.17,0.7,1.13
18:59:43,2586.33,6,RTK_FIXED,31,36.0756951,136.213516,10.17,0.7,1.13
18:59:44,2587.33,6,RTK_FIXED,32,36.0756951,136.213516,10.16,0.7,1.13
18:59:45,2588.33,6,RTK_FIXED,32,36.0756952,136.2135159,10.17,0.7,1.13
18:59:46,2589.43,6,RTK_FIXED,31,36.0756952,136.213516,10.17,0.7,1.13
18:59:48,2590.54,6,RTK_FIXED,32,36.0756952,136.213516,10.16,0.7,1.13
18:59:49,2591.54,6,RTK_FIXED,32,36.0756952,136.2135159,10.16,0.7,1.13
18:59:50,2592.63,6,RTK_FIXED,32,36.0756952,136.2135159,10.17,0.7,1.13
18:59:51,2593.63,6,RTK_FIXED,32,36.0756952,136.2135159,10.17,0.7,1.13
18:59:52,2594.63,6,RTK_FIXED,32,36.0756952,136.213516,10.16,0.7,1.13
18:59:53,2595.73,6,RTK_FIXED,32,36.0756952,136.213516,10.15,0.7,1.13
18:59:54,2596.73,6,RTK_FIXED,32,36.0756952,136.213516,10.15,0.7,1.13
18:59:55,2597.73,6,RTK_FIXED,32,36.0756952,136.213516,10.15,0.7,1.13
18:59:56,2598.73,6,RTK_FIXED,32,36.0756951,136.213516,10.14,0.7,1.13
18:59:57,2599.73,6,RTK_FIXED,32,36.0756951,136.2135159,10.14,0.7,1.13
18:59:58,2600.73,6,RTK_FIXED,32,36.0756951,136.213516,10.14,0.7,1.13
18:59:59,2601.83,6,RTK_FIXED,32,36.0756952,136.213516,10.16,0.7,1.13
19:00:00,2602.93,6,RTK_FIXED,32,36.0756952,136.2135159,10.16,0.7,1.13
19:00:01,2604.04,6,RTK_FIXED,32,36.0756952,136.2135159,10.16,0.7,1.13
19:00:02,2605.04,6,RTK_FIXED,32,36.0756952,136.2135159,10.16,0.7,1.13
19:00:03,2606.13,6,RTK_FIXED,32,36.0756952,136.213516,10.16,0.7,1.13
19:00:04,2607.13,6,RTK_FIXED,32,36.0756952,136.213516,10.16,0.7,1.13
19:00:05,2608.23,6,RTK_FIXED,32,36.0756952,136.213516,10.15,0.7,1.13
19:00:06,2609.23,6,RTK_FIXED,32,36.0756952,136.213516,10.15,0.7,1.13
19:00:07,2610.33,6,RTK_FIXED,32,36.0756951,136.213516,10.15,0.7,1.13
19:00:08,2611.33,6,RTK_FIXED,32,36.0756951,136.213516,10.15,0.7,1.13
19:00:09,2612.43,6,RTK_FIXED,32,36.0756951,136.213516,10.14,0.7,1.13
19:00:10,2613.43,6,RTK_FIXED,32,36.0756951,136.213516,10.14,0.7,1.13
19:00:11,2614.43,6,RTK_FIXED,32,36.0756951,136.213516,10.13,0.7,1.13
19:00:13,2615.54,6,RTK_FIXED,32,36.0756952,136.213516,10.16,0.7,1.13
19:00:14,2616.54,6,RTK_FIXED,32,36.0756952,136.213516,10.16,0.7,1.13
19:00:15,2617.54,6,RTK_FIXED,32,36.0756952,136.213516,10.15,0.7,1.13
19:00:16,2618.63,6,RTK_FIXED,32,36.0756952,136.213516,10.15,0.7,1.13
19:00:17,2619.63,6,RTK_FIXED,32,36.0756952,136.213516,10.15,0.7,1.13
19:00:18,2620.73,6,RTK_FIXED,32,36.0756951,136.213516,10.15,0.7,1.13
19:00:19,2621.83,6,RTK_FIXED,32,36.0756952,136.213516,10.14,0.7,1.13
19:00:20,2622.93,6,RTK_FIXED,32,36.0756951,136.213516,10.14,0.7,1.13
19:00:21,2624.04,6,RTK_FIXED,32,36.0756951,136.213516,10.14,0.7,1.13
19:00:22,2625.13,6,RTK_FIXED,31,36.0756951,136.213516,10.13,0.7,1.13
19:00:23,2626.23,6,RTK_FIXED,32,36.0756952,136.213516,10.17,0.7,1.13
19:00:24,2627.23,6,RTK_FIXED,32,36.0756952,136.213516,10.17,0.7,1.13
19:00:25,2628.23,6,RTK_FIXED,32,36.0756952,136.213516,10.17,0.7,1.13
19:00:26,2629.33,6,RTK_FIXED,32,36.0756952,136.213516,10.16,0.7,1.13
19:00:27,2630.33,6,RTK_FIXED,32,36.0756952,136.213516,10.16,0.7,1.13
19:00:28,2631.33,6,RTK_FIXED,32,36.0756951,136.213516,10.16,0.7,1.13
19:00:29,2632.43,6,RTK_FIXED,32,36.0756952,136.213516,10.15,0.7,1.13
19:00:30,2633.43,6,RTK_FIXED,32,36.0756952,136.213516,10.16,0.7,1.13
19:00:32,2634.54,6,RTK_FIXED,32,36.0756952,136.2135161,10.15,0.7,1.13
19:00:33,2635.63,6,RTK_FIXED,32,36.0756952,136.213516,10.15,0.7,1.13
19:00:34,2636.63,6,RTK_FIXED,32,36.0756951,136.213516,10.18,0.7,1.13
19:00:35,2637.73,6,RTK_FIXED,32,36.0756951,136.213516,10.18,0.7,1.13
19:00:36,2638.73,6,RTK_FIXED,32,36.0756951,136.213516,10.18,0.7,1.13
19:00:37,2639.73,6,RTK_FIXED,32,36.0756952,136.213516,10.17,0.7,1.13
19:00:38,2640.73,6,RTK_FIXED,32,36.0756951,136.213516,10.18,0.7,1.13
19:00:39,2641.83,6,RTK_FIXED,32,36.0756952,136.213516,10.17,0.7,1.13
19:00:40,2642.93,6,RTK_FIXED,32,36.0756951,136.213516,10.18,0.7,1.13
19:00:41,2643.93,6,RTK_FIXED,32,36.0756951,136.213516,10.17,0.7,1.13
19:00:42,2644.93,6,RTK_FIXED,32,36.0756951,136.213516,10.18,0.7,1.13
19:00:43,2646.04,6,RTK_FIXED,32,36.0756951,136.213516,10.18,0.7,1.13
19:00:44,2647.13,6,RTK_FIXED,32,36.0756951,136.213516,10.19,0.7,1.13
19:00:45,2648.13,6,RTK_FIXED,32,36.0756951,136.213516,10.18,0.7,1.13
19:00:46,2649.13,6,RTK_FIXED,32,36.0756951,136.213516,10.18,0.7,1.13
19:00:47,2650.23,6,RTK_FIXED,32,36.0756951,136.213516,10.18,0.7,1.13
19:00:48,2651.23,6,RTK_FIXED,32,36.0756952,136.213516,10.18,0.7,1.13
19:00:49,2652.33,6,RTK_FIXED,32,36.0756951,136.213516,10.18,0.7,1.13
19:00:50,2653.43,6,RTK_FIXED,31,36.0756951,136.213516,10.18,0.7,1.13
19:00:51,2654.43,6,RTK_FIXED,32,36.0756952,136.213516,10.18,0.7,1.13
19:00:53,2655.54,6,RTK_FIXED,32,36.0756952,136.213516,10.17,0.7,1.13
19:00:54,2656.54,6,RTK_FIXED,32,36.0756951,136.213516,10.17,0.7,1.13
19:00:55,2657.54,6,RTK_FIXED,32,36.0756951,136.213516,10.17,0.7,1.13
19:00:56,2658.54,6,RTK_FIXED,32,36.0756952,136.213516,10.16,0.7,1.12
19:00:57,2659.54,6,RTK_FIXED,32,36.0756951,136.213516,10.16,0.7,1.12
19:00:58,2660.63,6,RTK_FIXED,32,36.0756951,136.213516,10.15,0.7,1.12
19:00:59,2661.73,6,RTK_FIXED,32,36.0756951,136.213516,10.15,0.7,1.12
19:01:00,2662.73,6,RTK_FIXED,32,36.0756951,136.213516,10.14,0.7,1.12
19:01:01,2663.73,6,RTK_FIXED,32,36.0756952,136.213516,10.18,0.7,1.12
19:01:02,2664.73,6,RTK_FIXED,32,36.0756952,136.213516,10.18,0.7,1.12
19:01:03,2665.73,6,RTK_FIXED,32,36.0756952,136.2135159,10.18,0.7,1.12
19:01:04,2666.83,6,RTK_FIXED,32,36.0756952,136.213516,10.17,0.7,1.12
19:01:05,2667.93,6,RTK_FIXED,32,36.0756952,136.213516,10.16,0.7,1.12
19:01:06,2668.93,6,RTK_FIXED,32,36.0756952,136.213516,10.16,0.7,1.12
19:01:07,2669.93,6,RTK_FIXED,32,36.0756952,136.213516,10.15,0.7,1.12
19:01:08,2671.04,6,RTK_FIXED,32,36.0756952,136.213516,10.15,0.7,1.12
19:01:09,2672.13,6,RTK_FIXED,32,36.0756952,136.2135159,10.14,0.7,1.12
19:01:10,2673.13,6,RTK_FIXED,32,36.0756952,136.2135159,10.13,0.7,1.12
19:01:11,2674.23,6,RTK_FIXED,32,36.0756952,136.2135159,10.19,0.7,1.12
19:01:12,2675.23,6,RTK_FIXED,32,36.0756952,136.213516,10.18,0.7,1.12
19:01:13,2676.23,6,RTK_FIXED,32,36.0756952,136.213516,10.19,0.7,1.12
19:01:14,2677.33,6,RTK_FIXED,32,36.0756952,136.213516,10.19,0.7,1.12
19:01:15,2678.33,6,RTK_FIXED,32,36.0756952,136.213516,10.18,0.7,1.12
19:01:16,2679.33,6,RTK_FIXED,32,36.0756952,136.213516,10.17,0.7,1.12
19:01:17,2680.43,6,RTK_FIXED,32,36.0756952,136.213516,10.17,0.7,1.12
19:01:18,2681.43,6,RTK_FIXED,32,36.0756952,136.213516,10.17,0.7,1.12
19:01:19,2682.43,6,RTK_FIXED,32,36.0756952,136.213516,10.15,0.7,1.12
19:01:20,2683.43,6,RTK_FIXED,32,36.0756952,136.213516,10.15,0.7,1.12
19:01:21,2684.43,6,RTK_FIXED,32,36.0756952,136.213516,10.19,0.7,1.12
19:01:22,2685.43,6,RTK_FIXED,32,36.0756952,136.213516,10.19,0.7,1.12
19:01:24,2686.54,6,RTK_FIXED,32,36.0756952,136.213516,10.19,0.7,1.12
19:01:25,2687.63,6,RTK_FIXED,32,36.0756951,136.213516,10.19,0.7,1.12
19:01:26,2688.63,6,RTK_FIXED,32,36.0756952,136.213516,10.19,0.7,1.12
19:01:27,2689.63,6,RTK_FIXED,32,36.0756951,136.213516,10.19,0.7,1.12
19:01:28,2690.73,6,RTK_FIXED,32,36.0756952,136.213516,10.17,0.7,1.12
19:01:29,2691.83,6,RTK_FIXED,32,36.0756952,136.213516,10.16,0.7,1.12
19:01:30,2692.83,6,RTK_FIXED,32,36.0756952,136.2135159,10.16,0.7,1.12
19:01:31,2693.83,6,RTK_FIXED,32,36.0756951,136.2135159,10.16,0.7,1.12
19:01:32,2694.84,6,RTK_FIXED,32,36.0756951,136.2135159,10.15,0.7,1.12
19:01:33,2695.93,6,RTK_FIXED,32,36.0756951,136.213516,10.14,0.7,1.12
19:01:34,2696.93,6,RTK_FIXED,32,36.0756952,136.213516,10.18,0.7,1.12
19:01:35,2698.04,6,RTK_FIXED,32,36.0756952,136.213516,10.18,0.7,1.12
19:01:36,2699.13,6,RTK_FIXED,32,36.0756951,136.213516,10.19,0.7,1.12
19:01:37,2700.13,6,RTK_FIXED,32,36.0756951,136.213516,10.17,0.7,1.12
19:01:38,2701.14,6,RTK_FIXED,32,36.0756951,136.213516,10.17,0.7,1.12
19:01:39,2702.24,6,RTK_FIXED,32,36.0756951,136.213516,10.17,0.7,1.12
19:01:40,2703.24,6,RTK_FIXED,32,36.0756951,136.213516,10.17,0.7,1.12
19:01:41,2704.24,6,RTK_FIXED,32,36.0756951,136.213516,10.16,0.7,1.12
19:01:42,2705.33,6,RTK_FIXED,32,36.075695,136.213516,10.16,0.7,1.12
19:01:43,2706.43,6,RTK_FIXED,31,36.075695,136.213516,10.15,0.7,1.12
19:01:44,2707.44,6,RTK_FIXED,32,36.0756951,136.213516,10.18,0.7,1.12
19:01:46,2708.54,6,RTK_FIXED,32,36.0756951,136.213516,10.18,0.7,1.12
19:01:47,2709.63,6,RTK_FIXED,32,36.0756951,136.213516,10.18,0.7,1.12
19:01:48,2710.73,6,RTK_FIXED,32,36.0756951,136.213516,10.17,0.7,1.12
19:01:49,2711.74,6,RTK_FIXED,32,36.0756951,136.213516,10.17,0.7,1.12
19:01:50,2712.84,6,RTK_FIXED,32,36.0756951,136.213516,10.18,0.7,1.12
19:01:51,2713.94,6,RTK_FIXED,32,36.0756951,136.213516,10.18,0.7,1.12
19:01:52,2715.04,6,RTK_FIXED,32,36.0756951,136.213516,10.17,0.7,1.12
19:01:53,2716.13,6,RTK_FIXED,32,36.0756951,136.213516,10.17,0.7,1.12
19:01:54,2717.14,6,RTK_FIXED,32,36.0756952,136.213516,10.16,0.7,1.12
19:01:55,2718.14,6,RTK_FIXED,32,36.0756952,136.213516,10.17,0.7,1.12
19:01:56,2719.14,6,RTK_FIXED,32,36.0756951,136.213516,10.17,0.7,1.12
19:01:57,2720.14,6,RTK_FIXED,32,36.0756952,136.213516,10.16,0.7,1.12
19:01:58,2721.14,6,RTK_FIXED,32,36.0756951,136.213516,10.16,0.7,1.12
19:01:59,2722.14,6,RTK_FIXED,32,36.0756951,136.213516,10.15,0.7,1.12
19:02:00,2723.14,6,RTK_FIXED,32,36.0756951,136.213516,10.14,0.7,1.12
19:02:01,2724.24,6,RTK_FIXED,32,36.0756951,136.213516,10.13,0.7,1.12
19:02:02,2725.24,6,RTK_FIXED,32,36.0756951,136.213516,10.12,0.7,1.12
19:02:03,2726.24,6,RTK_FIXED,32,36.0756951,136.213516,10.11,0.7,1.12
19:02:04,2727.24,6,RTK_FIXED,32,36.0756951,136.213516,10.18,0.7,1.12
19:02:05,2728.34,6,RTK_FIXED,32,36.0756951,136.213516,10.17,0.7,1.12
19:02:06,2729.44,6,RTK_FIXED,32,36.0756951,136.213516,10.17,0.7,1.12
19:02:07,2730.44,6,RTK_FIXED,32,36.0756951,136.213516,10.17,0.7,1.12
19:02:08,2731.44,6,RTK_FIXED,32,36.0756951,136.213516,10.16,0.7,1.12
19:02:10,2732.54,6,RTK_FIXED,32,36.0756951,136.213516,10.15,0.7,1.12
19:02:11,2733.54,6,RTK_FIXED,32,36.0756951,136.213516,10.15,0.7,1.12
19:02:12,2734.64,6,RTK_FIXED,32,36.0756951,136.213516,10.14,0.7,1.12
19:02:13,2735.64,6,RTK_FIXED,32,36.0756951,136.213516,10.14,0.7,1.12
19:02:14,2736.74,6,RTK_FIXED,32,36.0756951,136.213516,10.13,0.7,1.12
19:02:15,2737.84,6,RTK_FIXED,32,36.0756951,136.2135159,10.18,0.7,1.12
19:02:16,2738.84,6,RTK_FIXED,32,36.0756951,136.213516,10.18,0.7,1.12
19:02:17,2739.84,6,RTK_FIXED,32,36.0756951,136.213516,10.18,0.7,1.12
19:02:18,2740.94,6,RTK_FIXED,32,36.0756952,136.2135159,10.18,0.7,1.12
19:02:19,2742.04,6,RTK_FIXED,32,36.0756951,136.213516,10.18,0.7,1.12
19:02:20,2743.14,6,RTK_FIXED,32,36.0756951,136.213516,10.18,0.7,1.12
19:02:21,2744.14,6,RTK_FIXED,32,36.0756952,136.2135159,10.17,0.7,1.12
19:02:22,2745.24,6,RTK_FIXED,32,36.0756951,136.213516,10.17,0.7,1.12
19:02:23,2746.24,6,RTK_FIXED,32,36.0756951,136.213516,10.16,0.7,1.12
19:02:24,2747.24,6,RTK_FIXED,32,36.0756952,136.213516,10.15,0.7,1.12
19:02:25,2748.24,6,RTK_FIXED,32,36.0756951,136.213516,10.14,0.7,1.12
19:02:26,2749.34,6,RTK_FIXED,32,36.0756951,136.213516,10.13,0.7,1.12
19:02:27,2750.34,6,RTK_FIXED,32,36.0756952,136.2135159,10.12,0.7,1.12
19:02:28,2751.44,6,RTK_FIXED,31,36.0756951,136.213516,10.18,0.72,1.2
19:02:30,2752.54,6,RTK_FIXED,31,36.0756952,136.213516,10.18,0.72,1.2
19:02:31,2753.64,6,RTK_FIXED,31,36.0756952,136.213516,10.18,0.72,1.2
19:02:32,2754.74,6,RTK_FIXED,31,36.0756952,136.213516,10.18,0.72,1.2
19:02:33,2755.74,6,RTK_FIXED,31,36.0756952,136.213516,10.18,0.72,1.2
19:02:34,2756.74,6,RTK_FIXED,31,36.0756952,136.213516,10.18,0.72,1.2
19:02:35,2757.74,6,RTK_FIXED,31,36.0756952,136.213516,10.17,0.66,1.15
19:02:36,2758.74,6,RTK_FIXED,31,36.0756952,136.213516,10.17,0.66,1.15
19:02:37,2759.74,6,RTK_FIXED,31,36.0756952,136.213516,10.18,0.66,1.15
19:02:38,2760.74,6,RTK_FIXED,30,36.0756952,136.213516,10.18,0.66,1.15
19:02:39,2761.74,6,RTK_FIXED,30,36.0756952,136.213516,10.18,0.66,1.15
19:02:40,2762.84,6,RTK_FIXED,29,36.0756952,136.213516,10.17,0.66,1.15
19:02:41,2763.84,6,RTK_FIXED,29,36.0756952,136.213516,10.17,0.66,1.15
19:02:42,2764.84,6,RTK_FIXED,29,36.0756951,136.213516,10.18,0.66,1.15
19:02:43,2765.94,6,RTK_FIXED,29,36.0756951,136.213516,10.19,0.66,1.15
19:02:44,2766.94,6,RTK_FIXED,29,36.0756951,136.213516,10.18,0.66,1.15
19:02:45,2767.94,6,RTK_FIXED,29,36.0756952,136.213516,10.18,0.66,1.15
19:02:46,2769.04,6,RTK_FIXED,29,36.0756952,136.213516,10.18,0.66,1.15
19:02:47,2770.14,6,RTK_FIXED,29,36.0756952,136.213516,10.18,0.66,1.15
19:02:48,2771.14,6,RTK_FIXED,29,36.0756952,136.213516,10.18,0.66,1.15
19:02:49,2772.24,6,RTK_FIXED,29,36.0756952,136.213516,10.18,0.66,1.15
19:02:50,2773.24,6,RTK_FIXED,29,36.0756952,136.213516,10.19,0.66,1.15
19:02:51,2774.34,6,RTK_FIXED,29,36.0756952,136.213516,10.18,0.66,1.15
19:02:52,2775.34,6,RTK_FIXED,29,36.0756951,136.213516,10.18,0.66,1.15
19:02:53,2776.44,6,RTK_FIXED,29,36.0756951,136.213516,10.18,0.66,1.15
19:02:54,2777.44,6,RTK_FIXED,29,36.0756951,136.213516,10.18,0.66,1.15
19:02:56,2778.54,6,RTK_FIXED,29,36.0756951,136.213516,10.18,0.66,1.15
19:02:57,2779.54,6,RTK_FIXED,29,36.0756951,136.2135159,10.18,0.66,1.15
19:02:58,2780.54,6,RTK_FIXED,29,36.0756951,136.2135159,10.18,0.66,1.15
19:02:59,2781.54,6,RTK_FIXED,29,36.0756951,136.2135159,10.18,0.66,1.15
19:03:00,2782.64,6,RTK_FIXED,29,36.0756951,136.2135159,10.18,0.66,1.15
19:03:01,2783.64,6,RTK_FIXED,29,36.0756951,136.2135159,10.18,0.66,1.15
19:03:02,2784.74,6,RTK_FIXED,29,36.0756951,136.2135159,10.19,0.66,1.15
19:03:03,2785.74,6,RTK_FIXED,29,36.0756951,136.2135159,10.18,0.66,1.15
19:03:04,2786.84,6,RTK_FIXED,29,36.0756951,136.2135159,10.19,0.66,1.15
19:03:05,2787.94,6,RTK_FIXED,29,36.0756951,136.2135159,10.18,0.66,1.15
19:03:06,2788.94,6,RTK_FIXED,29,36.0756951,136.2135159,10.18,0.66,1.15
19:03:07,2789.94,6,RTK_FIXED,29,36.0756951,136.2135159,10.18,0.66,1.15
19:03:08,2791.04,6,RTK_FIXED,29,36.0756951,136.2135159,10.18,0.66,1.15
19:03:09,2792.14,6,RTK_FIXED,29,36.0756952,136.2135159,10.17,0.66,1.15
19:03:10,2793.14,6,RTK_FIXED,29,36.0756952,136.2135159,10.17,0.66,1.15
19:03:11,2794.14,6,RTK_FIXED,29,36.0756952,136.2135159,10.18,0.66,1.15
19:03:12,2795.24,6,RTK_FIXED,29,36.0756951,136.2135159,10.18,0.66,1.15
19:03:13,2796.34,6,RTK_FIXED,29,36.0756951,136.2135159,10.18,0.66,1.15
19:03:14,2797.34,6,RTK_FIXED,29,36.0756951,136.2135159,10.19,0.66,1.15
19:03:15,2798.34,6,RTK_FIXED,29,36.0756951,136.2135159,10.18,0.66,1.15
19:03:16,2799.44,6,RTK_FIXED,29,36.0756951,136.2135159,10.19,0.66,1.15
19:03:18,2800.54,6,RTK_FIXED,30,36.0756951,136.2135159,10.2,0.66,1.15
19:03:19,2801.54,6,RTK_FIXED,30,36.0756951,136.2135159,10.19,0.66,1.15
19:03:20,2802.64,6,RTK_FIXED,30,36.0756951,136.2135159,10.2,0.66,1.15
19:03:21,2803.74,6,RTK_FIXED,30,36.0756952,136.2135159,10.19,0.66,1.15
19:03:22,2804.84,6,RTK_FIXED,30,36.0756952,136.2135159,10.19,0.66,1.15
19:03:23,2805.84,6,RTK_FIXED,30,36.0756952,136.2135159,10.19,0.66,1.15
19:03:24,2806.94,6,RTK_FIXED,30,36.0756952,136.2135159,10.2,0.66,1.15
19:03:25,2807.94,6,RTK_FIXED,30,36.0756952,136.2135159,10.19,0.66,1.15
19:03:26,2809.04,6,RTK_FIXED,30,36.0756952,136.2135159,10.2,0.66,1.15
19:03:27,2810.04,6,RTK_FIXED,30,36.0756952,136.2135159,10.19,0.66,1.15
19:03:28,2811.14,6,RTK_FIXED,30,36.0756951,136.2135159,10.2,0.66,1.15
19:03:29,2812.14,6,RTK_FIXED,30,36.0756951,136.213516,10.2,0.66,1.15
19:03:30,2813.24,6,RTK_FIXED,30,36.0756952,136.213516,10.2,0.66,1.15
19:03:31,2814.34,6,RTK_FIXED,30,36.0756952,136.2135159,10.19,0.66,1.15
19:03:32,2815.34,6,RTK_FIXED,30,36.0756952,136.2135159,10.19,0.66,1.15
19:03:33,2816.34,6,RTK_FIXED,30,36.0756952,136.2135159,10.18,0.66,1.15
19:03:34,2817.34,6,RTK_FIXED,30,36.0756952,136.2135159,10.19,0.66,1.15
19:03:35,2818.34,6,RTK_FIXED,30,36.0756952,136.2135159,10.19,0.66,1.15
19:03:36,2819.44,6,RTK_FIXED,30,36.0756952,136.213516,10.19,0.66,1.15
19:03:37,2820.44,6,RTK_FIXED,30,36.0756952,136.213516,10.18,0.66,1.15
19:03:39,2821.54,6,RTK_FIXED,30,36.0756952,136.213516,10.19,0.66,1.15
19:03:40,2822.64,6,RTK_FIXED,30,36.0756952,136.213516,10.18,0.66,1.15
19:03:41,2823.64,6,RTK_FIXED,30,36.0756952,136.213516,10.18,0.66,1.15
19:03:42,2824.64,6,RTK_FIXED,30,36.0756952,136.2135159,10.19,0.66,1.15
19:03:43,2825.74,6,RTK_FIXED,30,36.0756952,136.2135159,10.18,0.66,1.15
19:03:44,2826.74,6,RTK_FIXED,30,36.0756952,136.2135159,10.19,0.66,1.15
19:03:45,2827.74,6,RTK_FIXED,30,36.0756952,136.2135159,10.19,0.66,1.15
19:03:46,2828.74,6,RTK_FIXED,30,36.0756952,136.2135159,10.19,0.66,1.15
19:03:47,2829.84,6,RTK_FIXED,30,36.0756952,136.2135159,10.19,0.66,1.15
19:03:48,2830.84,6,RTK_FIXED,30,36.0756952,136.2135159,10.2,0.66,1.15
19:03:49,2831.84,6,RTK_FIXED,30,36.0756952,136.2135159,10.19,0.66,1.15
19:03:50,2832.84,6,RTK_FIXED,30,36.0756952,136.2135159,10.2,0.66,1.15
19:03:51,2833.94,6,RTK_FIXED,30,36.0756952,136.2135159,10.19,0.66,1.15
19:03:52,2835.05,6,RTK_FIXED,30,36.0756952,136.2135159,10.19,0.66,1.15
19:03:53,2836.14,6,RTK_FIXED,30,36.0756952,136.2135159,10.19,0.66,1.15
19:03:54,2837.14,6,RTK_FIXED,30,36.0756952,136.2135159,10.18,0.66,1.15
19:03:55,2838.14,6,RTK_FIXED,30,36.0756952,136.2135159,10.18,0.66,1.15
19:03:56,2839.24,6,RTK_FIXED,30,36.0756953,136.2135159,10.18,0.66,1.15
19:03:57,2840.34,6,RTK_FIXED,30,36.0756953,136.2135159,10.17,0.66,1.15
19:03:58,2841.34,6,RTK_FIXED,30,36.0756953,136.213516,10.17,0.66,1.15
19:03:59,2842.34,6,RTK_FIXED,30,36.0756953,136.213516,10.17,0.66,1.15
19:04:00,2843.34,6,RTK_FIXED,30,36.0756953,136.213516,10.17,0.66,1.15
19:04:01,2844.34,6,RTK_FIXED,30,36.0756952,136.213516,10.19,0.66,1.15
19:04:02,2845.34,6,RTK_FIXED,30,36.0756952,136.2135159,10.18,0.66,1.15
19:04:03,2846.44,6,RTK_FIXED,30,36.0756952,136.213516,10.19,0.66,1.15
19:04:05,2847.54,6,RTK_FIXED,30,36.0756952,136.213516,10.18,0.66,1.15
19:04:06,2848.55,6,RTK_FIXED,30,36.0756952,136.213516,10.18,0.66,1.15
19:04:07,2849.64,6,RTK_FIXED,30,36.0756952,136.213516,10.18,0.66,1.15
19:04:08,2850.74,6,RTK_FIXED,30,36.0756953,136.2135159,10.17,0.66,1.15
19:04:09,2851.84,6,RTK_FIXED,30,36.0756953,136.213516,10.18,0.66,1.15
19:04:10,2852.84,6,RTK_FIXED,30,36.0756953,136.213516,10.18,0.66,1.15
19:04:11,2853.84,6,RTK_FIXED,30,36.0756953,136.2135159,10.17,0.66,1.15
19:04:12,2854.94,6,RTK_FIXED,30,36.0756953,136.213516,10.18,0.66,1.15
19:04:13,2855.94,6,RTK_FIXED,30,36.0756953,136.213516,10.17,0.66,1.15
19:04:14,2856.94,6,RTK_FIXED,30,36.0756953,136.213516,10.18,0.66,1.15
19:04:15,2857.94,6,RTK_FIXED,30,36.0756953,136.213516,10.18,0.66,1.15
19:04:16,2859.05,6,RTK_FIXED,30,36.0756952,136.2135159,10.18,0.66,1.15
19:04:17,2860.05,6,RTK_FIXED,30,36.0756952,136.2135159,10.19,0.66,1.15
19:04:18,2861.14,6,RTK_FIXED,30,36.0756952,136.2135159,10.2,0.66,1.15
19:04:19,2862.24,6,RTK_FIXED,30,36.0756952,136.2135159,10.19,0.66,1.15
19:04:20,2863.24,6,RTK_FIXED,30,36.0756952,136.2135159,10.19,0.66,1.15
19:04:21,2864.24,6,RTK_FIXED,30,36.0756952,136.2135159,10.19,0.66,1.15
19:04:22,2865.34,6,RTK_FIXED,30,36.0756952,136.2135159,10.19,0.66,1.15
19:04:23,2866.34,6,RTK_FIXED,30,36.0756953,136.2135159,10.19,0.66,1.15
19:04:24,2867.44,6,RTK_FIXED,30,36.0756952,136.2135159,10.18,0.66,1.15
19:04:25,2868.44,6,RTK_FIXED,30,36.0756953,136.2135159,10.18,0.66,1.15
19:04:27,2869.54,6,RTK_FIXED,30,36.0756952,136.2135159,10.18,0.66,1.15
19:04:28,2870.64,6,RTK_FIXED,30,36.0756953,136.2135159,10.17,0.66,1.15
19:04:29,2871.64,6,RTK_FIXED,30,36.0756953,136.2135159,10.17,0.66,1.15
19:04:30,2872.74,6,RTK_FIXED,30,36.0756953,136.2135159,10.18,0.66,1.15
19:04:31,2873.74,6,RTK_FIXED,30,36.0756952,136.2135159,10.18,0.66,1.15
19:04:32,2874.84,6,RTK_FIXED,30,36.0756952,136.2135159,10.18,0.66,1.15
19:04:33,2875.94,6,RTK_FIXED,30,36.0756952,136.2135159,10.19,0.66,1.15
19:04:34,2876.94,6,RTK_FIXED,30,36.0756952,136.2135159,10.18,0.68,1.15
19:04:35,2877.94,6,RTK_FIXED,30,36.0756952,136.2135159,10.19,0.68,1.15
19:04:36,2879.05,6,RTK_FIXED,30,36.0756952,136.2135159,10.19,0.68,1.15
19:04:37,2880.14,6,RTK_FIXED,30,36.0756952,136.2135159,10.19,0.68,1.15
19:04:38,2881.14,6,RTK_FIXED,30,36.0756952,136.2135159,10.19,0.68,1.15
19:04:39,2882.14,6,RTK_FIXED,30,36.0756952,136.2135159,10.18,0.68,1.15
19:04:40,2883.24,6,RTK_FIXED,30,36.0756952,136.2135159,10.19,0.68,1.15
19:04:41,2884.34,6,RTK_FIXED,30,36.0756952,136.2135159,10.18,0.68,1.15
19:04:42,2885.34,6,RTK_FIXED,30,36.0756952,136.2135159,10.18,0.68,1.15
19:04:43,2886.44,6,RTK_FIXED,30,36.0756952,136.2135159,10.18,0.68,1.15
19:04:44,2887.44,6,RTK_FIXED,30,36.0756952,136.2135159,10.19,0.68,1.15
19:04:46,2888.55,6,RTK_FIXED,30,36.0756952,136.2135159,10.19,0.68,1.15
19:04:47,2889.55,6,RTK_FIXED,30,36.0756952,136.2135159,10.19,0.68,1.15
19:04:48,2890.55,6,RTK_FIXED,30,36.0756952,136.2135159,10.19,0.68,1.15
19:04:49,2891.64,6,RTK_FIXED,30,36.0756953,136.2135159,10.18,0.68,1.15
19:04:50,2892.74,6,RTK_FIXED,30,36.0756953,136.2135159,10.19,0.68,1.15
19:04:51,2893.74,6,RTK_FIXED,30,36.0756953,136.2135159,10.18,0.68,1.15
19:04:52,2894.84,6,RTK_FIXED,30,36.0756953,136.2135159,10.18,0.68,1.15
19:04:53,2895.84,6,RTK_FIXED,30,36.0756953,136.2135159,10.18,0.68,1.15
19:04:54,2896.84,6,RTK_FIXED,30,36.0756953,136.2135159,10.17,0.68,1.15
19:04:55,2897.84,6,RTK_FIXED,30,36.0756953,136.2135159,10.18,0.68,1.15
19:04:56,2898.94,6,RTK_FIXED,30,36.0756952,136.2135159,10.21,0.68,1.15
19:04:57,2899.94,6,RTK_FIXED,30,36.0756952,136.2135159,10.2,0.68,1.15
19:04:58,2901.05,6,RTK_FIXED,30,36.0756952,136.2135159,10.2,0.68,1.15
19:04:59,2902.05,6,RTK_FIXED,30,36.0756952,136.2135159,10.21,0.68,1.15
19:05:00,2903.14,6,RTK_FIXED,30,36.0756952,136.2135159,10.21,0.68,1.15
19:05:01,2904.24,6,RTK_FIXED,30,36.0756952,136.2135159,10.21,0.68,1.15
19:05:02,2905.34,6,RTK_FIXED,30,36.0756952,136.213516,10.23,0.68,1.15
19:05:03,2906.34,6,RTK_FIXED,30,36.0756952,136.213516,10.23,0.68,1.15
19:05:04,2907.34,6,RTK_FIXED,30,36.0756951,136.213516,10.24,0.68,1.15
19:05:05,2908.44,6,RTK_FIXED,30,36.0756952,136.213516,10.21,0.68,1.15
19:05:07,2909.55,6,RTK_FIXED,30,36.0756952,136.213516,10.21,0.68,1.15
19:05:08,2910.64,6,RTK_FIXED,30,36.0756952,136.213516,10.21,0.68,1.15
19:05:09,2911.64,6,RTK_FIXED,30,36.0756952,136.213516,10.21,0.68,1.15
19:05:10,2912.64,6,RTK_FIXED,30,36.0756952,136.213516,10.21,0.68,1.13
19:05:11,2913.64,6,RTK_FIXED,30,36.0756952,136.2135159,10.2,0.68,1.13
19:05:12,2914.74,6,RTK_FIXED,29,36.0756952,136.213516,10.22,0.68,1.13
19:05:13,2915.74,6,RTK_FIXED,29,36.0756952,136.2135159,10.23,0.68,1.13
19:05:14,2916.74,6,RTK_FIXED,29,36.0756952,136.2135159,10.22,0.68,1.13
19:05:15,2917.84,6,RTK_FIXED,29,36.0756952,136.213516,10.23,0.68,1.13
19:05:16,2918.94,6,RTK_FIXED,29,36.0756952,136.213516,10.23,0.68,1.13
19:05:17,2919.94,6,RTK_FIXED,29,36.0756952,136.213516,10.23,0.68,1.13
19:05:18,2921.05,6,RTK_FIXED,30,36.0756952,136.213516,10.23,0.68,1.13
19:05:19,2922.14,6,RTK_FIXED,30,36.0756952,136.2135159,10.22,0.68,1.13
19:05:20,2923.24,6,RTK_FIXED,30,36.0756952,136.213516,10.22,0.68,1.13
19:05:21,2924.24,6,RTK_FIXED,30,36.0756952,136.2135159,10.22,0.68,1.13
19:05:22,2925.24,6,RTK_FIXED,30,36.0756952,136.213516,10.23,0.68,1.13
19:05:23,2926.24,6,RTK_FIXED,30,36.0756952,136.213516,10.23,0.68,1.13
19:05:24,2927.24,6,RTK_FIXED,30,36.0756951,136.213516,10.23,0.68,1.13
19:05:25,2928.24,6,RTK_FIXED,30,36.0756951,136.2135159,10.24,0.68,1.13
19:05:26,2929.34,6,RTK_FIXED,30,36.0756951,136.213516,10.24,0.68,1.13
19:05:27,2930.34,6,RTK_FIXED,29,36.0756951,136.213516,10.27,0.68,1.13
19:05:28,2931.44,6,RTK_FIXED,29,36.0756951,136.213516,10.24,0.68,1.13
19:05:29,2932.44,6,RTK_FIXED,30,36.0756951,136.213516,10.24,0.68,1.13
19:05:31,2933.55,6,RTK_FIXED,30,36.0756952,136.213516,10.22,0.68,1.13
19:05:32,2934.55,6,RTK_FIXED,30,36.0756952,136.213516,10.22,0.68,1.13
19:05:33,2935.55,6,RTK_FIXED,30,36.0756952,136.213516,10.22,0.68,1.13
19:05:34,2936.55,6,RTK_FIXED,30,36.0756952,136.213516,10.22,0.68,1.13
19:05:35,2937.64,6,RTK_FIXED,30,36.0756952,136.2135159,10.22,0.68,1.13
19:05:36,2938.74,6,RTK_FIXED,30,36.0756952,136.213516,10.22,0.68,1.13
19:05:37,2939.74,6,RTK_FIXED,30,36.0756952,136.213516,10.22,0.68,1.13
19:05:38,2940.84,6,RTK_FIXED,30,36.0756952,136.2135159,10.21,0.68,1.13
19:05:39,2941.84,6,RTK_FIXED,30,36.0756952,136.2135159,10.22,0.68,1.13
19:05:40,2942.94,6,RTK_FIXED,31,36.0756952,136.213516,10.21,0.68,1.13
19:05:41,2943.94,6,RTK_FIXED,31,36.0756952,136.2135159,10.2,0.68,1.13
19:05:42,2944.94,6,RTK_FIXED,31,36.0756952,136.213516,10.21,0.68,1.13
19:05:43,2945.94,6,RTK_FIXED,30,36.0756952,136.213516,10.21,0.68,1.13
19:05:44,2947.05,6,RTK_FIXED,30,36.0756952,136.2135159,10.21,0.68,1.13
19:05:45,2948.14,6,RTK_FIXED,30,36.0756952,136.213516,10.22,0.68,1.13
19:05:46,2949.14,6,RTK_FIXED,31,36.0756952,136.213516,10.22,0.68,1.13
19:05:47,2950.14,6,RTK_FIXED,31,36.0756952,136.213516,10.23,0.68,1.13
19:05:48,2951.14,6,RTK_FIXED,31,36.0756951,136.213516,10.24,0.68,1.13
19:05:49,2952.24,6,RTK_FIXED,31,36.0756952,136.213516,10.23,0.68,1.13
19:05:50,2953.24,6,RTK_FIXED,31,36.0756952,136.213516,10.22,0.68,1.13
19:05:51,2954.34,6,RTK_FIXED,31,36.0756952,136.213516,10.2,0.68,1.13
19:05:52,2955.34,6,RTK_FIXED,31,36.0756952,136.213516,10.2,0.68,1.13
19:05:53,2956.44,6,RTK_FIXED,31,36.0756952,136.2135159,10.2,0.68,1.13
19:05:54,2957.44,6,RTK_FIXED,31,36.0756952,136.2135159,10.21,0.68,1.13
19:05:55,2958.44,6,RTK_FIXED,31,36.0756952,136.2135159,10.2,0.68,1.13
19:05:56,2959.44,6,RTK_FIXED,31,36.0756952,136.213516,10.21,0.68,1.13
19:05:58,2960.55,6,RTK_FIXED,31,36.0756952,136.213516,10.21,0.68,1.13
19:05:59,2961.55,6,RTK_FIXED,31,36.0756952,136.2135159,10.2,0.68,1.13
19:06:00,2962.64,6,RTK_FIXED,30,36.0756952,136.2135159,10.2,0.68,1.13
19:06:01,2963.64,6,RTK_FIXED,30,36.0756952,136.2135159,10.2,0.68,1.13
19:06:02,2964.74,6,RTK_FIXED,31,36.0756952,136.2135159,10.21,0.68,1.13
19:06:03,2965.74,6,RTK_FIXED,31,36.0756952,136.2135159,10.21,0.68,1.13
19:06:04,2966.74,6,RTK_FIXED,31,36.0756952,136.213516,10.21,0.68,1.13
19:06:05,2967.74,6,RTK_FIXED,30,36.0756952,136.213516,10.22,0.68,1.13
19:06:06,2968.84,6,RTK_FIXED,30,36.0756952,136.213516,10.22,0.68,1.13
19:06:07,2969.94,6,RTK_FIXED,30,36.0756952,136.213516,10.23,0.68,1.13
19:06:08,2971.05,6,RTK_FIXED,30,36.0756952,136.2135159,10.22,0.68,1.13
19:06:09,2972.14,6,RTK_FIXED,30,36.0756952,136.2135159,10.23,0.68,1.13
19:06:10,2973.14,6,RTK_FIXED,30,36.0756952,136.2135159,10.23,0.68,1.13
19:06:11,2974.14,6,RTK_FIXED,30,36.0756952,136.213516,10.21,0.68,1.13
19:06:12,2975.24,6,RTK_FIXED,30,36.0756952,136.213516,10.22,0.68,1.13
19:06:13,2976.34,6,RTK_FIXED,30,36.0756952,136.2135159,10.21,0.68,1.13
19:06:14,2977.44,6,RTK_FIXED,30,36.0756952,136.2135159,10.22,0.68,1.13
19:06:15,2978.44,6,RTK_FIXED,30,36.0756952,136.2135159,10.22,0.68,1.13
19:06:17,2979.55,6,RTK_FIXED,30,36.0756952,136.2135159,10.21,0.68,1.13
19:06:18,2980.55,6,RTK_FIXED,30,36.0756952,136.2135159,10.22,0.68,1.13
19:06:19,2981.55,6,RTK_FIXED,30,36.0756953,136.2135159,10.21,0.68,1.13
19:06:20,2982.64,6,RTK_FIXED,30,36.0756953,136.2135159,10.2,0.68,1.13
19:06:21,2983.64,6,RTK_FIXED,30,36.0756953,136.2135159,10.2,0.68,1.13
19:06:22,2984.74,6,RTK_FIXED,30,36.0756953,136.2135159,10.2,0.68,1.13
19:06:23,2985.74,6,RTK_FIXED,30,36.0756952,136.2135159,10.2,0.68,1.13
19:06:24,2986.74,6,RTK_FIXED,30,36.0756952,136.2135159,10.21,0.68,1.13
19:06:25,2987.74,6,RTK_FIXED,30,36.0756952,136.2135159,10.21,0.68,1.13
19:06:26,2988.74,6,RTK_FIXED,30,36.0756952,136.2135159,10.21,0.68,1.13
19:06:27,2989.74,6,RTK_FIXED,30,36.0756952,136.2135159,10.21,0.68,1.13
19:06:28,2990.84,6,RTK_FIXED,30,36.0756952,136.2135159,10.21,0.68,1.13
19:06:29,2991.84,6,RTK_FIXED,30,36.0756952,136.2135159,10.21,0.68,1.13
19:06:30,2992.84,6,RTK_FIXED,30,36.0756952,136.2135159,10.21,0.68,1.13
19:06:31,2993.94,6,RTK_FIXED,30,36.0756952,136.2135159,10.21,0.68,1.13
19:06:32,2994.94,6,RTK_FIXED,30,36.0756952,136.2135159,10.22,0.68,1.13
19:06:33,2995.94,6,RTK_FIXED,30,36.0756952,136.2135159,10.22,0.68,1.13
19:06:34,2997.05,6,RTK_FIXED,30,36.0756952,136.2135159,10.22,0.68,1.13
19:06:35,2998.05,6,RTK_FIXED,30,36.0756952,136.2135159,10.23,0.68,1.13
19:06:36,2999.14,6,RTK_FIXED,30,36.0756952,136.2135159,10.23,0.68,1.13
19:06:37,3000.24,6,RTK_FIXED,30,36.0756952,136.2135159,10.24,0.68,1.13
19:06:38,3001.24,6,RTK_FIXED,30,36.0756952,136.2135159,10.24,0.68,1.13
19:06:39,3002.34,6,RTK_FIXED,30,36.0756952,136.2135158,10.25,0.68,1.13
19:06:40,3003.34,6,RTK_FIXED,30,36.0756952,136.2135159,10.22,0.68,1.13
19:06:41,3004.34,6,RTK_FIXED,30,36.0756952,136.2135159,10.22,0.68,1.13
19:06:42,3005.44,6,RTK_FIXED,30,36.0756952,136.2135159,10.21,0.68,1.13
19:06:43,3006.44,6,RTK_FIXED,30,36.0756952,136.2135159,10.21,0.68,1.13
19:06:44,3007.44,6,RTK_FIXED,30,36.0756952,136.2135159,10.22,0.68,1.13
19:06:45,3008.44,6,RTK_FIXED,30,36.0756952,136.2135159,10.22,0.68,1.13
19:06:46,3009.44,6,RTK_FIXED,30,36.0756952,136.2135159,10.22,0.68,1.13
19:06:48,3010.55,6,RTK_FIXED,30,36.0756952,136.2135159,10.22,0.68,1.13
19:06:49,3011.55,6,RTK_FIXED,30,36.0756952,136.2135159,10.22,0.68,1.13
19:06:50,3012.64,6,RTK_FIXED,30,36.0756952,136.2135159,10.21,0.68,1.13
19:06:51,3013.64,6,RTK_FIXED,30,36.0756951,136.213516,10.2,0.68,1.13
19:06:52,3014.74,6,RTK_FIXED,30,36.0756952,136.213516,10.21,0.68,1.13
19:06:53,3015.74,6,RTK_FIXED,30,36.0756952,136.213516,10.2,0.68,1.13
19:06:54,3016.84,6,RTK_FIXED,30,36.0756952,136.213516,10.2,0.68,1.13
19:06:55,3017.94,6,RTK_FIXED,30,36.0756952,136.213516,10.2,0.68,1.13
19:06:56,3018.94,6,RTK_FIXED,30,36.0756952,136.213516,10.19,0.68,1.13
19:06:57,3020.05,6,RTK_FIXED,30,36.0756952,136.213516,10.21,0.68,1.13
19:06:58,3021.05,6,RTK_FIXED,30,36.0756952,136.213516,10.21,0.68,1.13
19:06:59,3022.14,6,RTK_FIXED,30,36.0756952,136.213516,10.21,0.68,1.13
19:07:00,3023.14,6,RTK_FIXED,30,36.0756952,136.2135159,10.21,0.68,1.13
19:07:01,3024.14,6,RTK_FIXED,30,36.0756952,136.2135159,10.2,0.68,1.13
19:07:02,3025.24,6,RTK_FIXED,30,36.0756952,136.213516,10.21,0.68,1.13
19:07:03,3026.24,6,RTK_FIXED,30,36.0756952,136.2135159,10.2,0.68,1.13
19:07:04,3027.24,6,RTK_FIXED,30,36.0756952,136.2135159,10.2,0.68,1.13
19:07:05,3028.34,6,RTK_FIXED,30,36.0756951,136.213516,10.18,0.68,1.13
19:07:06,3029.44,6,RTK_FIXED,30,36.0756952,136.2135159,10.18,0.7,1.17
19:07:08,3030.55,6,RTK_FIXED,30,36.0756952,136.213516,10.18,0.7,1.17
19:07:09,3031.55,6,RTK_FIXED,30,36.0756952,136.213516,10.18,0.68,1.13
19:07:10,3032.64,6,RTK_FIXED,31,36.0756952,136.213516,10.18,0.68,1.13
19:07:11,3033.74,6,RTK_FIXED,31,36.0756952,136.213516,10.19,0.68,1.13
19:07:12,3034.74,6,RTK_FIXED,31,36.0756952,136.213516,10.2,0.68,1.13
19:07:13,3035.84,6,RTK_FIXED,31,36.0756952,136.213516,10.2,0.68,1.13
19:07:14,3036.84,6,RTK_FIXED,31,36.0756951,136.213516,10.21,0.68,1.13
19:07:15,3037.84,6,RTK_FIXED,31,36.0756951,136.213516,10.21,0.68,1.13
19:07:16,3038.84,6,RTK_FIXED,31,36.0756952,136.213516,10.19,0.68,1.13
19:07:17,3039.94,6,RTK_FIXED,31,36.0756952,136.213516,10.19,0.68,1.13
19:07:18,3040.94,6,RTK_FIXED,31,36.0756952,136.2135159,10.19,0.68,1.13
19:07:19,3042.05,6,RTK_FIXED,31,36.0756952,136.2135159,10.19,0.68,1.13
19:07:20,3043.05,6,RTK_FIXED,31,36.0756952,136.2135159,10.19,0.68,1.13
19:07:21,3044.14,6,RTK_FIXED,31,36.0756952,136.2135159,10.19,0.68,1.13
19:07:22,3045.24,6,RTK_FIXED,31,36.0756952,136.2135159,10.19,0.68,1.13
19:07:23,3046.24,6,RTK_FIXED,31,36.0756952,136.213516,10.2,0.68,1.13
19:07:24,3047.34,6,RTK_FIXED,31,36.0756952,136.213516,10.19,0.68,1.13
19:07:25,3048.44,6,RTK_FIXED,31,36.0756952,136.213516,10.2,0.68,1.13
19:07:27,3049.55,6,RTK_FIXED,31,36.0756951,136.2135159,10.2,0.68,1.13
19:07:28,3050.64,6,RTK_FIXED,31,36.0756952,136.213516,10.19,0.68,1.13
19:07:29,3051.74,6,RTK_FIXED,31,36.0756952,136.213516,10.19,0.68,1.13
19:07:30,3052.74,6,RTK_FIXED,31,36.0756952,136.213516,10.18,0.68,1.13
19:07:31,3053.84,6,RTK_FIXED,31,36.0756952,136.2135159,10.18,0.68,1.13
19:07:32,3054.94,6,RTK_FIXED,31,36.0756952,136.2135159,10.19,0.68,1.13
19:07:33,3055.94,6,RTK_FIXED,31,36.0756952,136.2135159,10.19,0.68,1.13
19:07:34,3057.05,6,RTK_FIXED,31,36.0756952,136.213516,10.2,0.68,1.13
19:07:35,3058.05,6,RTK_FIXED,31,36.0756952,136.2135159,10.2,0.68,1.13
19:07:36,3059.14,6,RTK_FIXED,31,36.0756952,136.2135159,10.2,0.68,1.13
19:07:37,3060.14,6,RTK_FIXED,31,36.0756952,136.2135159,10.2,0.68,1.13
19:07:38,3061.14,6,RTK_FIXED,31,36.0756952,136.2135159,10.2,0.68,1.13
19:07:39,3062.24,6,RTK_FIXED,31,36.0756952,136.2135159,10.2,0.68,1.13
19:07:40,3063.24,6,RTK_FIXED,31,36.0756952,136.2135159,10.2,0.68,1.13
19:07:41,3064.24,6,RTK_FIXED,31,36.0756951,136.2135159,10.21,0.68,1.13
19:07:42,3065.34,6,RTK_FIXED,31,36.0756952,136.2135159,10.19,0.68,1.13
19:07:43,3066.44,6,RTK_FIXED,31,36.0756952,136.2135159,10.19,0.68,1.13
19:07:44,3067.44,6,RTK_FIXED,31,36.0756952,136.2135159,10.19,0.68,1.13
19:07:46,3068.55,6,RTK_FIXED,31,36.0756952,136.2135159,10.2,0.68,1.13
19:07:47,3069.55,6,RTK_FIXED,31,36.0756952,136.2135159,10.21,0.68,1.13
19:07:48,3070.55,6,RTK_FIXED,31,36.0756952,136.2135159,10.2,0.68,1.13
19:07:49,3071.55,6,RTK_FIXED,31,36.0756952,136.2135159,10.2,0.68,1.13
19:07:50,3072.64,6,RTK_FIXED,31,36.0756952,136.2135159,10.21,0.68,1.13
19:07:51,3073.74,6,RTK_FIXED,31,36.0756951,136.213516,10.2,0.68,1.13
19:07:52,3074.74,6,RTK_FIXED,31,36.0756951,136.2135159,10.2,0.68,1.13
19:07:53,3075.74,6,RTK_FIXED,31,36.0756951,136.2135159,10.2,0.68,1.13
19:07:54,3076.74,6,RTK_FIXED,31,36.0756952,136.2135159,10.19,0.68,1.13
19:07:55,3077.84,6,RTK_FIXED,31,36.0756951,136.213516,10.21,0.68,1.13
19:07:56,3078.84,6,RTK_FIXED,31,36.0756952,136.2135159,10.19,0.68,1.13
19:07:57,3079.94,6,RTK_FIXED,31,36.0756952,136.2135159,10.19,0.68,1.13
19:07:58,3080.94,6,RTK_FIXED,31,36.0756952,136.2135159,10.2,0.68,1.13
19:07:59,3081.95,6,RTK_FIXED,31,36.0756952,136.2135159,10.18,0.68,1.12
19:08:00,3083.05,6,RTK_FIXED,30,36.0756952,136.2135159,10.18,0.68,1.12
19:08:01,3084.05,6,RTK_FIXED,30,36.0756952,136.2135159,10.19,0.68,1.12
19:08:02,3085.14,6,RTK_FIXED,30,36.0756952,136.2135159,10.18,0.68,1.12
19:08:03,3086.24,6,RTK_FIXED,30,36.0756952,136.2135159,10.18,0.68,1.12
19:08:04,3087.34,6,RTK_FIXED,30,36.0756952,136.2135159,10.18,0.68,1.12
19:08:05,3088.34,6,RTK_FIXED,30,36.0756952,136.2135159,10.18,0.68,1.12
19:08:06,3089.35,6,RTK_FIXED,30,36.0756952,136.2135159,10.19,0.68,1.12
19:08:07,3090.44,6,RTK_FIXED,30,36.0756953,136.2135159,10.17,0.68,1.12
19:08:08,3091.45,6,RTK_FIXED,30,36.0756952,136.2135159,10.18,0.68,1.12
19:08:10,3092.55,6,RTK_FIXED,30,36.0756952,136.2135159,10.18,0.68,1.12
19:08:11,3093.55,6,RTK_FIXED,30,36.0756952,136.2135159,10.18,0.68,1.12
19:08:12,3094.64,6,RTK_FIXED,30,36.0756952,136.2135159,10.17,0.68,1.12
19:08:13,3095.65,6,RTK_FIXED,30,36.0756952,136.213516,10.19,0.68,1.12
19:08:14,3096.65,6,RTK_FIXED,30,36.0756952,136.2135159,10.17,0.68,1.12
19:08:15,3097.65,6,RTK_FIXED,30,36.0756953,136.2135159,10.17,0.68,1.12
19:08:16,3098.65,6,RTK_FIXED,30,36.0756953,136.2135159,10.16,0.68,1.12
19:08:17,3099.65,6,RTK_FIXED,30,36.0756953,136.2135159,10.16,0.68,1.12
19:08:18,3100.75,6,RTK_FIXED,30,36.0756953,136.2135159,10.16,0.68,1.12
19:08:19,3101.85,6,RTK_FIXED,30,36.0756952,136.2135159,10.18,0.68,1.12
19:08:20,3102.95,6,RTK_FIXED,30,36.0756952,136.2135159,10.18,0.68,1.12
19:08:21,3103.95,6,RTK_FIXED,30,36.0756952,136.2135159,10.19,0.68,1.12
19:08:22,3104.95,6,RTK_FIXED,30,36.0756952,136.213516,10.19,0.68,1.12
19:08:23,3105.95,6,RTK_FIXED,30,36.0756952,136.2135159,10.19,0.68,1.12
19:08:24,3107.05,6,RTK_FIXED,30,36.0756952,136.2135159,10.19,0.68,1.12
19:08:25,3108.05,6,RTK_FIXED,30,36.0756952,136.2135159,10.18,0.68,1.12
19:08:26,3109.05,6,RTK_FIXED,30,36.0756952,136.2135159,10.18,0.68,1.12
19:08:27,3110.15,6,RTK_FIXED,30,36.0756953,136.2135159,10.18,0.68,1.12
19:08:28,3111.25,6,RTK_FIXED,30,36.0756953,136.2135159,10.17,0.68,1.12
19:08:29,3112.25,6,RTK_FIXED,30,36.0756952,136.213516,10.18,0.68,1.12
19:08:30,3113.25,6,RTK_FIXED,30,36.0756952,136.213516,10.18,0.68,1.12
19:08:31,3114.25,6,RTK_FIXED,30,36.0756952,136.213516,10.18,0.68,1.12
19:08:32,3115.35,6,RTK_FIXED,30,36.0756952,136.213516,10.19,0.68,1.12
19:08:33,3116.35,6,RTK_FIXED,30,36.0756952,136.213516,10.18,0.68,1.12
19:08:34,3117.35,6,RTK_FIXED,30,36.0756952,136.213516,10.18,0.68,1.12
19:08:35,3118.45,6,RTK_FIXED,30,36.0756952,136.213516,10.19,0.68,1.12
19:08:37,3119.55,6,RTK_FIXED,30,36.0756952,136.213516,10.19,0.68,1.12
19:08:38,3120.65,6,RTK_FIXED,30,36.0756952,136.2135159,10.19,0.68,1.12
19:08:39,3121.65,6,RTK_FIXED,30,36.0756952,136.2135159,10.18,0.68,1.12
19:08:40,3122.65,6,RTK_FIXED,30,36.0756952,136.2135159,10.18,0.68,1.12
19:08:41,3123.75,6,RTK_FIXED,30,36.0756952,136.213516,10.19,0.68,1.12
19:08:42,3124.75,6,RTK_FIXED,30,36.0756952,136.213516,10.18,0.68,1.12
19:08:43,3125.75,6,RTK_FIXED,30,36.0756952,136.2135159,10.18,0.68,1.12
19:08:44,3126.75,6,RTK_FIXED,30,36.0756952,136.213516,10.18,0.68,1.12
19:08:45,3127.75,6,RTK_FIXED,30,36.0756952,136.213516,10.18,0.68,1.12
19:08:46,3128.75,6,RTK_FIXED,30,36.0756952,136.2135159,10.19,0.68,1.12
19:08:47,3129.85,6,RTK_FIXED,30,36.0756952,136.2135159,10.19,0.68,1.12
19:08:48,3130.85,6,RTK_FIXED,30,36.0756952,136.213516,10.2,0.68,1.12
19:08:49,3131.85,6,RTK_FIXED,30,36.0756952,136.2135159,10.2,0.68,1.12
19:08:50,3132.95,6,RTK_FIXED,30,36.0756952,136.2135159,10.19,0.68,1.12
19:08:51,3134.05,6,RTK_FIXED,30,36.0756952,136.2135159,10.19,0.68,1.12
19:08:52,3135.05,6,RTK_FIXED,30,36.0756952,136.2135159,10.19,0.68,1.12
19:08:53,3136.15,6,RTK_FIXED,30,36.0756952,136.2135159,10.19,0.68,1.12
19:08:54,3137.25,6,RTK_FIXED,30,36.0756952,136.2135159,10.2,0.68,1.12
19:08:55,3138.35,6,RTK_FIXED,30,36.0756952,136.2135159,10.2,0.68,1.12
19:08:56,3139.35,6,RTK_FIXED,30,36.0756952,136.2135159,10.21,0.68,1.12
19:08:57,3140.35,6,RTK_FIXED,30,36.0756952,136.2135159,10.21,0.68,1.12
19:08:58,3141.45,6,RTK_FIXED,30,36.0756952,136.2135159,10.22,0.68,1.12
19:08:59,3142.45,6,RTK_FIXED,30,36.0756952,136.2135159,10.21,0.68,1.12
19:09:00,3143.45,6,RTK_FIXED,30,36.0756952,136.2135159,10.2,0.68,1.12
19:09:01,3144.45,6,RTK_FIXED,30,36.0756952,136.2135159,10.21,0.68,1.12
19:09:02,3145.45,6,RTK_FIXED,30,36.0756952,136.2135159,10.21,0.68,1.12
19:09:03,3146.45,6,RTK_FIXED,30,36.0756952,136.2135159,10.21,0.68,1.12
19:09:05,3147.55,6,RTK_FIXED,30,36.0756952,136.2135159,10.21,0.68,1.12
19:09:06,3148.65,6,RTK_FIXED,30,36.0756952,136.2135159,10.21,0.68,1.12
19:09:07,3149.75,6,RTK_FIXED,30,36.0756952,136.2135159,10.21,0.68,1.12
19:09:08,3150.85,6,RTK_FIXED,30,36.0756952,136.2135159,10.2,0.68,1.12
19:09:09,3151.95,6,RTK_FIXED,30,36.0756952,136.2135159,10.21,0.68,1.12
19:09:10,3152.95,6,RTK_FIXED,30,36.0756952,136.2135159,10.2,0.68,1.12
19:09:11,3153.95,6,RTK_FIXED,30,36.0756952,136.2135159,10.2,0.68,1.12
19:09:12,3155.05,6,RTK_FIXED,30,36.0756952,136.2135159,10.21,0.68,1.12
19:09:13,3156.05,6,RTK_FIXED,30,36.0756952,136.2135159,10.22,0.68,1.12
19:09:14,3157.15,6,RTK_FIXED,30,36.0756952,136.2135159,10.21,0.68,1.12
19:09:15,3158.25,6,RTK_FIXED,30,36.0756951,136.2135159,10.22,0.68,1.12
19:09:16,3159.25,6,RTK_FIXED,30,36.0756952,136.2135159,10.21,0.68,1.12
19:09:17,3160.35,6,RTK_FIXED,30,36.0756952,136.2135159,10.21,0.68,1.12
19:09:18,3161.35,6,RTK_FIXED,30,36.0756952,136.2135159,10.21,0.68,1.12
19:09:19,3162.35,6,RTK_FIXED,30,36.0756952,136.2135159,10.21,0.68,1.12
19:09:20,3163.45,6,RTK_FIXED,30,36.0756952,136.2135159,10.21,0.68,1.12
19:09:22,3164.55,6,RTK_FIXED,30,36.0756951,136.2135159,10.19,0.68,1.12
19:09:23,3165.55,6,RTK_FIXED,30,36.0756951,136.2135159,10.19,0.68,1.12
19:09:24,3166.65,6,RTK_FIXED,30,36.0756951,136.2135159,10.2,0.68,1.12
19:09:25,3167.65,6,RTK_FIXED,30,36.0756951,136.2135159,10.2,0.68,1.12
19:09:26,3168.65,6,RTK_FIXED,30,36.0756951,136.2135159,10.2,0.68,1.12
19:09:27,3169.75,6,RTK_FIXED,30,36.0756951,136.213516,10.2,0.68,1.12
19:09:28,3170.85,6,RTK_FIXED,30,36.0756951,136.2135159,10.2,0.68,1.12
19:09:29,3171.95,6,RTK_FIXED,30,36.0756951,136.213516,10.2,0.68,1.12
19:09:30,3172.95,6,RTK_FIXED,30,36.0756952,136.2135159,10.2,0.68,1.12
19:09:31,3173.95,6,RTK_FIXED,30,36.0756952,136.2135159,10.19,0.68,1.12
19:09:32,3175.05,6,RTK_FIXED,30,36.0756952,136.213516,10.19,0.68,1.12
19:09:33,3176.05,6,RTK_FIXED,30,36.0756952,136.213516,10.19,0.68,1.12
19:09:34,3177.15,6,RTK_FIXED,30,36.0756952,136.213516,10.19,0.68,1.12
19:09:35,3178.15,6,RTK_FIXED,30,36.0756952,136.2135159,10.2,0.68,1.12
19:09:36,3179.15,6,RTK_FIXED,30,36.0756952,136.2135159,10.21,0.68,1.12
19:09:37,3180.25,6,RTK_FIXED,30,36.0756952,136.2135159,10.21,0.68,1.12
19:09:38,3181.35,6,RTK_FIXED,30,36.0756952,136.2135159,10.21,0.68,1.12
19:09:39,3182.35,6,RTK_FIXED,30,36.0756952,136.2135159,10.21,0.68,1.12
19:09:40,3183.45,6,RTK_FIXED,30,36.0756952,136.2135159,10.21,0.68,1.12
19:09:41,3184.45,6,RTK_FIXED,30,36.0756952,136.2135159,10.21,0.68,1.12
19:09:42,3185.45,6,RTK_FIXED,30,36.0756952,136.2135159,10.21,0.68,1.12
19:09:44,3186.55,6,RTK_FIXED,30,36.0756952,136.2135159,10.21,0.68,1.12
19:09:45,3187.55,6,RTK_FIXED,29,36.0756952,136.2135159,10.21,0.68,1.12
19:09:46,3188.65,6,RTK_FIXED,29,36.0756952,136.2135159,10.2,0.68,1.12
19:09:47,3189.65,6,RTK_FIXED,30,36.0756952,136.2135159,10.21,0.68,1.12
19:09:48,3190.75,6,RTK_FIXED,30,36.0756952,136.2135159,10.21,0.68,1.12
19:09:49,3191.75,6,RTK_FIXED,30,36.0756951,136.2135159,10.22,0.68,1.12
19:09:50,3192.85,6,RTK_FIXED,30,36.0756952,136.2135159,10.21,0.68,1.12
19:09:51,3193.85,6,RTK_FIXED,30,36.0756952,136.2135159,10.21,0.68,1.12
19:09:52,3194.85,6,RTK_FIXED,30,36.0756952,136.2135159,10.21,0.68,1.12
19:09:53,3195.85,6,RTK_FIXED,30,36.0756952,136.2135159,10.2,0.68,1.12
19:09:54,3196.85,6,RTK_FIXED,30,36.0756952,136.2135159,10.21,0.68,1.12
19:09:55,3197.85,6,RTK_FIXED,30,36.0756952,136.2135159,10.21,0.68,1.12
19:09:56,3198.95,6,RTK_FIXED,30,36.0756952,136.2135159,10.21,0.68,1.12
19:09:57,3199.95,6,RTK_FIXED,30,36.0756952,136.2135159,10.21,0.68,1.12
19:09:58,3200.95,6,RTK_FIXED,30,36.0756953,136.2135159,10.21,0.68,1.12
19:09:59,3201.95,6,RTK_FIXED,30,36.0756953,136.2135159,10.21,0.68,1.12
19:10:00,3202.95,6,RTK_FIXED,30,36.0756953,136.2135159,10.21,0.68,1.12
19:10:01,3204.06,6,RTK_FIXED,30,36.0756953,136.2135158,10.21,0.68,1.12
19:10:02,3205.15,6,RTK_FIXED,30,36.0756953,136.2135159,10.2,0.68,1.12
19:10:03,3206.15,6,RTK_FIXED,30,36.0756953,136.2135158,10.2,0.68,1.12
19:10:04,3207.25,6,RTK_FIXED,30,36.0756953,136.2135159,10.2,0.68,1.12
19:10:05,3208.25,6,RTK_FIXED,30,36.0756953,136.2135158,10.2,0.68,1.12
19:10:06,3209.35,6,RTK_FIXED,30,36.0756953,136.2135159,10.2,0.68,1.12
19:10:07,3210.45,6,RTK_FIXED,30,36.0756953,136.2135159,10.2,0.68,1.12
19:10:08,3211.45,6,RTK_FIXED,30,36.0756952,136.2135159,10.2,0.68,1.12
19:10:10,3212.55,6,RTK_FIXED,30,36.0756952,136.2135159,10.21,0.68,1.12
19:10:11,3213.55,6,RTK_FIXED,30,36.0756952,136.2135159,10.2,0.68,1.12
19:10:12,3214.56,6,RTK_FIXED,30,36.0756952,136.2135159,10.2,0.68,1.12
19:10:13,3215.65,6,RTK_FIXED,30,36.0756952,136.2135159,10.2,0.68,1.12
19:10:14,3216.65,6,RTK_FIXED,30,36.0756953,136.2135159,10.2,0.68,1.12
19:10:15,3217.65,6,RTK_FIXED,30,36.0756953,136.2135158,10.21,0.68,1.12
19:10:16,3218.75,6,RTK_FIXED,30,36.0756953,136.2135158,10.2,0.68,1.12
19:10:17,3219.85,6,RTK_FIXED,30,36.0756953,136.2135158,10.2,0.68,1.12
19:10:18,3220.85,6,RTK_FIXED,30,36.0756953,136.2135158,10.2,0.68,1.12
19:10:19,3221.85,6,RTK_FIXED,30,36.0756952,136.2135159,10.21,0.68,1.12
19:10:20,3222.85,6,RTK_FIXED,30,36.0756952,136.2135159,10.21,0.68,1.12
19:10:21,3223.85,6,RTK_FIXED,30,36.0756952,136.2135158,10.21,0.68,1.12
19:10:22,3224.85,6,RTK_FIXED,30,36.0756952,136.2135159,10.21,0.68,1.12
19:10:23,3225.95,6,RTK_FIXED,30,36.0756952,136.2135159,10.21,0.68,1.12
19:10:24,3227.05,6,RTK_FIXED,30,36.0756952,136.2135159,10.21,0.68,1.12
19:10:25,3228.06,6,RTK_FIXED,30,36.0756952,136.2135159,10.21,0.68,1.12
19:10:26,3229.15,6,RTK_FIXED,30,36.0756952,136.2135159,10.22,0.68,1.12
19:10:27,3230.15,6,RTK_FIXED,30,36.0756952,136.2135159,10.23,0.68,1.12
19:10:28,3231.15,6,RTK_FIXED,30,36.0756952,136.2135159,10.22,0.68,1.12
19:10:29,3232.15,6,RTK_FIXED,30,36.0756953,136.2135159,10.22,0.68,1.12
19:10:30,3233.25,6,RTK_FIXED,30,36.0756953,136.2135159,10.22,0.68,1.12
19:10:31,3234.25,6,RTK_FIXED,30,36.0756952,136.2135159,10.21,0.68,1.12
19:10:32,3235.35,6,RTK_FIXED,30,36.0756952,136.2135159,10.22,0.68,1.12
19:10:33,3236.35,6,RTK_FIXED,30,36.0756952,136.2135159,10.22,0.68,1.12
19:10:34,3237.35,6,RTK_FIXED,30,36.0756952,136.2135159,10.23,0.68,1.12
19:10:35,3238.45,6,RTK_FIXED,30,36.0756952,136.2135159,10.23,0.68,1.12
19:10:37,3239.56,6,RTK_FIXED,30,36.0756952,136.2135159,10.23,0.68,1.12
19:10:38,3240.65,6,RTK_FIXED,30,36.0756952,136.2135158,10.23,0.68,1.12
19:10:39,3241.65,6,RTK_FIXED,30,36.0756952,136.2135159,10.23,0.68,1.12
19:10:40,3242.65,6,RTK_FIXED,30,36.0756953,136.2135158,10.23,0.68,1.12
19:10:41,3243.65,6,RTK_FIXED,30,36.0756952,136.2135159,10.21,0.68,1.12
19:10:42,3244.65,6,RTK_FIXED,30,36.0756952,136.2135159,10.21,0.68,1.12
19:10:43,3245.75,6,RTK_FIXED,30,36.0756952,136.2135159,10.22,0.68,1.12
19:10:44,3246.85,6,RTK_FIXED,30,36.0756952,136.2135158,10.22,0.68,1.12
19:10:45,3247.85,6,RTK_FIXED,30,36.0756952,136.2135159,10.22,0.68,1.12
19:10:46,3248.95,6,RTK_FIXED,29,36.0756952,136.2135159,10.19,0.68,1.12
19:10:47,3249.95,6,RTK_FIXED,29,36.0756952,136.2135159,10.19,0.68,1.12
19:10:48,3250.95,6,RTK_FIXED,29,36.0756952,136.2135159,10.18,0.68,1.12
19:10:49,3251.95,6,RTK_FIXED,29,36.0756952,136.2135159,10.17,0.68,1.12
19:10:50,3252.95,6,RTK_FIXED,29,36.0756952,136.2135159,10.17,0.68,1.12
19:10:51,3254.06,6,RTK_FIXED,29,36.0756952,136.2135159,10.16,0.68,1.12
19:10:52,3255.06,6,RTK_FIXED,29,36.0756952,136.2135159,10.16,0.68,1.12
19:10:53,3256.06,6,RTK_FIXED,29,36.0756952,136.2135159,10.2,0.68,1.12
19:10:54,3257.15,6,RTK_FIXED,30,36.0756951,136.2135159,10.2,0.68,1.12
19:10:55,3258.15,6,RTK_FIXED,30,36.0756951,136.2135159,10.2,0.68,1.12
19:10:56,3259.25,6,RTK_FIXED,30,36.0756951,136.2135159,10.2,0.68,1.12
19:10:57,3260.35,6,RTK_FIXED,30,36.0756951,136.2135159,10.19,0.68,1.12
19:10:58,3261.35,6,RTK_FIXED,30,36.0756951,136.2135159,10.19,0.68,1.12
19:10:59,3262.35,6,RTK_FIXED,30,36.0756951,136.213516,10.2,0.68,1.12
19:11:00,3263.35,6,RTK_FIXED,30,36.0756952,136.2135159,10.19,0.68,1.12
19:11:01,3264.45,6,RTK_FIXED,30,36.0756951,136.2135159,10.19,0.68,1.12
19:11:03,3265.56,6,RTK_FIXED,30,36.0756951,136.2135159,10.19,0.68,1.12
19:11:04,3266.65,6,RTK_FIXED,30,36.0756951,136.2135159,10.19,0.68,1.12
19:11:05,3267.75,6,RTK_FIXED,30,36.0756951,136.2135159,10.18,0.68,1.12
19:11:06,3268.75,6,RTK_FIXED,30,36.0756952,136.2135159,10.19,0.68,1.12
19:11:07,3269.85,6,RTK_FIXED,30,36.0756952,136.2135159,10.18,0.68,1.12
19:11:08,3270.95,6,RTK_FIXED,30,36.0756952,136.2135159,10.18,0.68,1.12
19:11:09,3272.06,6,RTK_FIXED,30,36.0756951,136.2135159,10.19,0.68,1.12
19:11:10,3273.06,6,RTK_FIXED,30,36.0756951,136.2135159,10.2,0.68,1.12
19:11:11,3274.06,6,RTK_FIXED,30,36.0756951,136.2135159,10.2,0.68,1.12
19:11:12,3275.06,6,RTK_FIXED,30,36.0756951,136.2135159,10.19,0.68,1.12
19:11:13,3276.15,6,RTK_FIXED,30,36.0756951,136.2135159,10.19,0.68,1.12
19:11:14,3277.15,6,RTK_FIXED,30,36.0756951,136.2135159,10.19,0.68,1.12
19:11:15,3278.25,6,RTK_FIXED,30,36.0756951,136.2135159,10.19,0.68,1.12
19:11:16,3279.25,6,RTK_FIXED,30,36.0756951,136.2135159,10.18,0.68,1.12
19:11:17,3280.25,6,RTK_FIXED,30,36.0756951,136.213516,10.19,0.68,1.12
19:11:18,3281.35,6,RTK_FIXED,30,36.0756951,136.2135159,10.18,0.68,1.12
19:11:19,3282.35,6,RTK_FIXED,30,36.0756951,136.213516,10.18,0.68,1.12
19:11:20,3283.35,6,RTK_FIXED,30,36.0756951,136.2135159,10.18,0.68,1.12
19:11:21,3284.35,6,RTK_FIXED,30,36.0756951,136.2135159,10.18,0.68,1.12
19:11:22,3285.45,6,RTK_FIXED,30,36.0756951,136.213516,10.18,0.68,1.12
19:11:23,3286.45,6,RTK_FIXED,30,36.0756951,136.213516,10.19,0.68,1.12
19:11:25,3287.56,6,RTK_FIXED,30,36.0756951,136.213516,10.19,0.68,1.12
19:11:26,3288.56,6,RTK_FIXED,30,36.0756951,136.213516,10.19,0.68,1.12
19:11:27,3289.65,6,RTK_FIXED,30,36.0756951,136.213516,10.19,0.68,1.12
19:11:28,3290.65,6,RTK_FIXED,30,36.0756951,136.213516,10.2,0.68,1.12
19:11:29,3291.65,6,RTK_FIXED,30,36.0756951,136.213516,10.19,0.68,1.12
19:11:30,3292.65,6,RTK_FIXED,30,36.0756951,136.213516,10.19,0.68,1.12
19:11:31,3293.75,6,RTK_FIXED,30,36.0756951,136.213516,10.19,0.68,1.12
19:11:32,3294.85,6,RTK_FIXED,30,36.0756951,136.2135159,10.19,0.68,1.12
19:11:33,3295.95,6,RTK_FIXED,30,36.0756951,136.213516,10.19,0.68,1.12
19:11:34,3296.95,6,RTK_FIXED,30,36.0756951,136.2135159,10.18,0.68,1.12
19:11:35,3297.95,6,RTK_FIXED,30,36.0756951,136.213516,10.19,0.68,1.12
19:11:36,3298.95,6,RTK_FIXED,30,36.0756951,136.213516,10.19,0.68,1.12
19:11:37,3299.95,6,RTK_FIXED,30,36.0756951,136.213516,10.19,0.68,1.12
19:11:38,3301.06,6,RTK_FIXED,30,36.0756951,136.213516,10.19,0.68,1.12
19:11:39,3302.06,6,RTK_FIXED,30,36.0756951,136.213516,10.2,0.68,1.12
19:11:40,3303.06,6,RTK_FIXED,30,36.0756951,136.213516,10.2,0.68,1.12
19:11:41,3304.15,6,RTK_FIXED,30,36.0756951,136.213516,10.19,0.68,1.12
19:11:42,3305.15,6,RTK_FIXED,30,36.0756951,136.213516,10.2,0.68,1.12
19:11:43,3306.25,6,RTK_FIXED,30,36.0756951,136.213516,10.19,0.68,1.12
19:11:44,3307.25,6,RTK_FIXED,30,36.0756951,136.213516,10.2,0.68,1.12
19:11:45,3308.25,6,RTK_FIXED,30,36.0756951,136.213516,10.19,0.68,1.12
19:11:46,3309.25,6,RTK_FIXED,30,36.0756951,136.213516,10.19,0.68,1.12
19:11:47,3310.35,6,RTK_FIXED,30,36.0756951,136.213516,10.19,0.68,1.12
19:11:48,3311.45,6,RTK_FIXED,30,36.0756951,136.213516,10.19,0.68,1.12
19:11:50,3312.56,6,RTK_FIXED,30,36.0756951,136.213516,10.19,0.68,1.12
19:11:51,3313.65,6,RTK_FIXED,30,36.0756952,136.2135159,10.18,0.68,1.12
19:11:52,3314.65,6,RTK_FIXED,30,36.0756952,136.213516,10.18,0.68,1.12
19:11:53,3315.75,6,RTK_FIXED,30,36.0756952,136.2135159,10.18,0.68,1.12
19:11:54,3316.75,6,RTK_FIXED,30,36.0756952,136.2135159,10.18,0.68,1.12
19:11:55,3317.85,6,RTK_FIXED,30,36.0756952,136.2135159,10.19,0.68,1.12
19:11:56,3318.95,6,RTK_FIXED,30,36.0756951,136.2135159,10.19,0.68,1.12
19:11:57,3320.06,6,RTK_FIXED,30,36.0756951,136.2135159,10.19,0.68,1.12
19:11:58,3321.15,6,RTK_FIXED,30,36.0756951,136.2135159,10.19,0.68,1.12
19:11:59,3322.15,6,RTK_FIXED,30,36.0756951,136.2135159,10.19,0.68,1.12
19:12:00,3323.25,6,RTK_FIXED,30,36.0756951,136.213516,10.2,0.68,1.12
19:12:01,3324.25,6,RTK_FIXED,30,36.0756951,136.213516,10.2,0.68,1.12
19:12:02,3325.35,6,RTK_FIXED,30,36.0756951,136.2135159,10.2,0.68,1.12
19:12:03,3326.35,6,RTK_FIXED,30,36.0756951,136.213516,10.2,0.68,1.12
19:12:04,3327.35,6,RTK_FIXED,30,36.0756951,136.213516,10.21,0.68,1.12
19:12:05,3328.45,6,RTK_FIXED,30,36.0756951,136.213516,10.2,0.68,1.12
19:12:07,3329.56,6,RTK_FIXED,30,36.0756951,136.2135159,10.2,0.68,1.12
19:12:08,3330.56,6,RTK_FIXED,30,36.0756951,136.2135159,10.2,0.68,1.12
19:12:09,3331.65,6,RTK_FIXED,30,36.0756951,136.213516,10.21,0.68,1.12
19:12:10,3332.75,6,RTK_FIXED,30,36.0756951,136.2135159,10.2,0.68,1.12
19:12:11,3333.85,6,RTK_FIXED,30,36.0756951,136.2135159,10.2,0.68,1.12
19:12:12,3334.85,6,RTK_FIXED,30,36.0756951,136.2135159,10.2,0.68,1.12
19:12:13,3335.95,6,RTK_FIXED,30,36.0756951,136.2135159,10.2,0.68,1.12
19:12:14,3337.06,6,RTK_FIXED,30,36.0756951,136.213516,10.21,0.68,1.12
19:12:15,3338.06,6,RTK_FIXED,30,36.0756951,136.2135159,10.21,0.68,1.12
19:12:16,3339.06,6,RTK_FIXED,30,36.0756951,136.213516,10.2,0.68,1.12
19:12:17,3340.15,6,RTK_FIXED,30,36.0756951,136.213516,10.2,0.68,1.12
19:12:18,3341.25,6,RTK_FIXED,30,36.0756951,136.213516,10.21,0.68,1.12
19:12:19,3342.25,6,RTK_FIXED,30,36.0756951,136.2135159,10.21,0.68,1.12
19:12:20,3343.25,6,RTK_FIXED,30,36.0756951,136.213516,10.21,0.68,1.12
19:12:21,3344.25,6,RTK_FIXED,30,36.0756951,136.2135159,10.2,0.68,1.12
19:12:22,3345.35,6,RTK_FIXED,30,36.0756951,136.213516,10.21,0.68,1.12
19:12:23,3346.45,6,RTK_FIXED,30,36.0756951,136.213516,10.2,0.68,1.12
19:12:24,3347.45,6,RTK_FIXED,30,36.0756951,136.213516,10.2,0.68,1.12
19:12:26,3348.56,6,RTK_FIXED,30,36.0756951,136.213516,10.21,0.68,1.12
19:12:27,3349.56,6,RTK_FIXED,30,36.0756951,136.213516,10.2,0.68,1.12
19:12:28,3350.65,6,RTK_FIXED,30,36.0756951,136.213516,10.2,0.68,1.12
19:12:29,3351.65,6,RTK_FIXED,30,36.0756951,136.213516,10.2,0.68,1.12
19:12:30,3352.75,6,RTK_FIXED,30,36.0756951,136.213516,10.2,0.68,1.12
19:12:31,3353.75,6,RTK_FIXED,30,36.0756951,136.2135159,10.19,0.7,1.26
19:12:32,3354.85,6,RTK_FIXED,30,36.0756951,136.2135159,10.2,0.7,1.26
19:12:33,3355.85,6,RTK_FIXED,30,36.0756951,136.213516,10.19,0.7,1.26
19:12:34,3356.95,6,RTK_FIXED,30,36.0756951,136.2135159,10.2,0.7,1.26
19:12:35,3357.95,6,RTK_FIXED,30,36.0756951,136.2135159,10.2,0.7,1.26
19:12:36,3358.95,6,RTK_FIXED,30,36.0756951,136.2135159,10.19,0.7,1.26
19:12:37,3359.95,6,RTK_FIXED,30,36.0756951,136.213516,10.19,0.7,1.26
19:12:38,3360.95,6,RTK_FIXED,30,36.0756951,136.213516,10.18,0.7,1.26
19:12:39,3361.95,6,RTK_FIXED,30,36.0756951,136.213516,10.19,0.7,1.26
19:12:40,3363.06,6,RTK_FIXED,30,36.0756951,136.213516,10.19,0.7,1.26
19:12:41,3364.06,6,RTK_FIXED,30,36.0756951,136.213516,10.19,0.7,1.26
19:12:42,3365.06,6,RTK_FIXED,29,36.0756951,136.213516,10.19,0.7,1.26
19:12:43,3366.06,6,RTK_FIXED,29,36.0756951,136.213516,10.19,0.7,1.26
19:12:44,3367.06,6,RTK_FIXED,29,36.0756951,136.213516,10.19,0.7,1.26
19:12:45,3368.15,6,RTK_FIXED,29,36.0756951,136.213516,10.2,0.7,1.26
19:12:46,3369.15,6,RTK_FIXED,30,36.0756951,136.2135159,10.19,0.7,1.26
19:12:47,3370.25,6,RTK_FIXED,30,36.0756951,136.213516,10.19,0.7,1.26
19:12:48,3371.25,6,RTK_FIXED,30,36.0756951,136.213516,10.19,0.7,1.26
19:12:49,3372.25,6,RTK_FIXED,31,36.0756951,136.213516,10.18,0.7,1.26
19:12:50,3373.35,6,RTK_FIXED,31,36.0756951,136.213516,10.18,0.7,1.26
19:12:51,3374.35,6,RTK_FIXED,31,36.0756951,136.213516,10.18,0.7,1.26
19:12:52,3375.45,6,RTK_FIXED,31,36.0756951,136.213516,10.17,0.7,1.26
19:12:53,3376.45,6,RTK_FIXED,31,36.0756951,136.213516,10.17,0.7,1.26
19:12:54,3377.45,6,RTK_FIXED,31,36.0756951,136.213516,10.19,0.7,1.26
19:12:56,3378.56,6,RTK_FIXED,31,36.0756951,136.213516,10.19,0.7,1.26
19:12:57,3379.65,6,RTK_FIXED,31,36.0756951,136.213516,10.19,0.7,1.26
19:12:58,3380.65,6,RTK_FIXED,31,36.0756951,136.213516,10.19,0.7,1.26
19:12:59,3381.65,6,RTK_FIXED,31,36.0756951,136.213516,10.19,0.7,1.26
19:13:00,3382.75,6,RTK_FIXED,31,36.0756951,136.213516,10.19,0.7,1.26
19:13:01,3383.75,6,RTK_FIXED,31,36.0756951,136.213516,10.19,0.7,1.26
19:13:02,3384.75,6,RTK_FIXED,31,36.0756951,136.213516,10.18,0.7,1.26
19:13:03,3385.75,6,RTK_FIXED,31,36.0756951,136.213516,10.18,0.7,1.26
19:13:04,3386.75,6,RTK_FIXED,30,36.0756951,136.213516,10.19,0.7,1.26
19:13:05,3387.85,6,RTK_FIXED,30,36.0756951,136.213516,10.19,0.7,1.26
19:13:06,3388.85,6,RTK_FIXED,30,36.0756951,136.213516,10.19,0.7,1.26
19:13:07,3389.95,6,RTK_FIXED,30,36.0756951,136.213516,10.19,0.7,1.26
19:13:08,3390.95,6,RTK_FIXED,30,36.0756951,136.213516,10.19,0.7,1.26
19:13:09,3391.95,6,RTK_FIXED,30,36.0756951,136.213516,10.19,0.7,1.26
19:13:10,3393.06,6,RTK_FIXED,30,36.0756951,136.213516,10.19,0.7,1.26
19:13:11,3394.15,6,RTK_FIXED,30,36.0756951,136.213516,10.19,0.7,1.25
19:13:12,3395.15,6,RTK_FIXED,30,36.0756951,136.213516,10.19,0.7,1.25
19:13:13,3396.15,6,RTK_FIXED,30,36.0756951,136.213516,10.19,0.7,1.25
19:13:14,3397.15,6,RTK_FIXED,30,36.0756951,136.213516,10.19,0.7,1.25
19:13:15,3398.25,6,RTK_FIXED,30,36.0756951,136.213516,10.19,0.7,1.25
19:13:16,3399.25,6,RTK_FIXED,30,36.0756951,136.213516,10.19,0.7,1.25
19:13:17,3400.35,6,RTK_FIXED,30,36.0756951,136.213516,10.19,0.7,1.25
19:13:18,3401.45,6,RTK_FIXED,30,36.0756951,136.213516,10.2,0.7,1.25
19:13:19,3402.45,6,RTK_FIXED,30,36.0756951,136.213516,10.19,0.7,1.25
19:13:20,3403.45,6,RTK_FIXED,30,36.0756951,136.213516,10.19,0.7,1.25
19:13:21,3404.45,6,RTK_FIXED,30,36.0756951,136.213516,10.19,0.7,1.25
19:13:23,3405.56,6,RTK_FIXED,30,36.0756951,136.213516,10.19,0.7,1.25
19:13:24,3406.56,6,RTK_FIXED,30,36.0756951,136.213516,10.18,0.7,1.25
19:13:25,3407.56,6,RTK_FIXED,30,36.0756951,136.213516,10.19,0.7,1.25
19:13:26,3408.56,6,RTK_FIXED,30,36.0756951,136.213516,10.19,0.7,1.25
19:13:27,3409.65,6,RTK_FIXED,30,36.0756951,136.213516,10.2,0.7,1.25
19:13:28,3410.75,6,RTK_FIXED,30,36.0756951,136.213516,10.19,0.7,1.25
19:13:29,3411.85,6,RTK_FIXED,30,36.0756951,136.213516,10.19,0.7,1.25
19:13:30,3412.95,6,RTK_FIXED,29,36.0756951,136.213516,10.19,0.7,1.25
19:13:31,3414.06,6,RTK_FIXED,29,36.0756951,136.2135159,10.2,0.7,1.25
19:13:32,3415.15,6,RTK_FIXED,29,36.0756951,136.2135159,10.19,0.7,1.25
19:13:33,3416.15,6,RTK_FIXED,29,36.0756951,136.2135159,10.18,0.7,1.25
19:13:34,3417.15,6,RTK_FIXED,29,36.0756951,136.2135159,10.18,0.7,1.25
19:13:35,3418.25,6,RTK_FIXED,29,36.0756951,136.2135159,10.18,0.7,1.25
19:13:36,3419.25,6,RTK_FIXED,28,36.0756952,136.2135159,10.18,0.7,1.25
19:13:37,3420.25,6,RTK_FIXED,28,36.0756951,136.213516,10.18,0.7,1.25
19:13:38,3421.25,6,RTK_FIXED,28,36.0756951,136.213516,10.18,0.7,1.25
19:13:39,3422.25,6,RTK_FIXED,28,36.0756951,136.213516,10.19,0.7,1.25
19:13:40,3423.25,6,RTK_FIXED,28,36.0756951,136.213516,10.19,0.7,1.25
19:13:41,3424.35,6,RTK_FIXED,28,36.0756951,136.2135159,10.18,0.7,1.25
19:13:42,3425.35,6,RTK_FIXED,28,36.0756951,136.2135159,10.19,0.7,1.25
19:13:43,3426.35,6,RTK_FIXED,28,36.0756951,136.2135159,10.19,0.7,1.25
19:13:44,3427.45,6,RTK_FIXED,28,36.0756951,136.2135159,10.19,0.7,1.25
19:13:45,3428.45,6,RTK_FIXED,28,36.0756951,136.2135159,10.19,0.7,1.25
19:13:46,3429.45,6,RTK_FIXED,29,36.0756952,136.2135159,10.19,0.7,1.25
19:13:48,3430.56,6,RTK_FIXED,29,36.0756952,136.2135159,10.19,0.7,1.25
19:13:49,3431.56,6,RTK_FIXED,29,36.0756952,136.2135159,10.19,0.7,1.25
19:13:50,3432.65,6,RTK_FIXED,29,36.0756952,136.2135159,10.18,0.7,1.25
19:13:51,3433.65,6,RTK_FIXED,29,36.0756952,136.2135159,10.18,0.7,1.25
19:13:52,3434.65,6,RTK_FIXED,29,36.0756952,136.2135159,10.18,0.7,1.25
19:13:53,3435.75,6,RTK_FIXED,29,36.0756952,136.2135159,10.18,0.7,1.25
19:13:54,3436.85,6,RTK_FIXED,29,36.0756952,136.2135159,10.19,0.7,1.25
19:13:55,3437.85,6,RTK_FIXED,29,36.0756952,136.2135159,10.18,0.7,1.25
19:13:56,3438.95,6,RTK_FIXED,29,36.0756952,136.2135159,10.18,0.7,1.25
19:13:57,3440.06,6,RTK_FIXED,29,36.0756952,136.2135159,10.18,0.7,1.25
19:13:58,3441.06,6,RTK_FIXED,29,36.0756951,136.2135159,10.18,0.7,1.25
19:13:59,3442.15,6,RTK_FIXED,29,36.0756952,136.2135159,10.17,0.7,1.25
19:14:00,3443.25,6,RTK_FIXED,29,36.0756952,136.2135159,10.17,0.7,1.25
19:14:01,3444.25,6,RTK_FIXED,29,36.0756952,136.2135159,10.17,0.7,1.25
19:14:02,3445.25,6,RTK_FIXED,29,36.0756952,136.2135159,10.17,0.7,1.25
19:14:03,3446.35,6,RTK_FIXED,29,36.0756952,136.2135159,10.17,0.7,1.25
19:14:04,3447.45,6,RTK_FIXED,29,36.0756952,136.2135159,10.18,0.7,1.25
19:14:05,3448.45,6,RTK_FIXED,29,36.0756951,136.2135159,10.18,0.7,1.25
19:14:07,3449.56,6,RTK_FIXED,29,36.0756952,136.2135159,10.18,0.7,1.25
19:14:08,3450.65,6,RTK_FIXED,29,36.0756952,136.2135159,10.18,0.7,1.25
19:14:09,3451.65,6,RTK_FIXED,29,36.0756951,136.2135159,10.19,0.7,1.25
19:14:10,3452.75,6,RTK_FIXED,29,36.0756951,136.2135159,10.19,0.7,1.25
19:14:11,3453.85,6,RTK_FIXED,29,36.0756951,136.2135159,10.19,0.7,1.25
19:14:12,3454.95,6,RTK_FIXED,29,36.0756952,136.2135159,10.18,0.7,1.25
19:14:13,3455.95,6,RTK_FIXED,29,36.0756952,136.2135159,10.18,0.7,1.25
19:14:14,3456.95,6,RTK_FIXED,29,36.0756951,136.2135159,10.18,0.7,1.25
19:14:15,3458.06,6,RTK_FIXED,29,36.0756952,136.2135159,10.19,0.7,1.25
19:14:16,3459.15,6,RTK_FIXED,29,36.0756952,136.2135159,10.19,0.7,1.25
19:14:17,3460.15,6,RTK_FIXED,30,36.0756952,136.2135159,10.18,0.7,1.25
19:14:18,3461.25,6,RTK_FIXED,30,36.0756952,136.213516,10.18,0.7,1.25
19:14:19,3462.26,6,RTK_FIXED,30,36.0756952,136.213516,10.18,0.7,1.25
19:14:20,3463.35,6,RTK_FIXED,30,36.0756952,136.213516,10.18,0.7,1.25
19:14:21,3464.35,6,RTK_FIXED,30,36.0756952,136.213516,10.17,0.7,1.25
19:14:22,3465.35,6,RTK_FIXED,30,36.0756952,136.213516,10.17,0.7,1.25
19:14:23,3466.45,6,RTK_FIXED,30,36.0756951,136.213516,10.19,0.7,1.25
19:14:24,3467.46,6,RTK_FIXED,30,36.0756951,136.213516,10.18,0.7,1.25
19:14:25,3468.46,6,RTK_FIXED,30,36.0756951,136.213516,10.18,0.7,1.25
19:14:27,3469.56,6,RTK_FIXED,30,36.0756951,136.213516,10.19,0.7,1.25
19:14:28,3470.56,6,RTK_FIXED,30,36.0756951,136.213516,10.19,0.7,1.25
19:14:29,3471.56,6,RTK_FIXED,29,36.0756952,136.213516,10.18,0.7,1.25
19:14:30,3472.65,6,RTK_FIXED,30,36.0756952,136.213516,10.18,0.7,1.25
19:14:31,3473.75,6,RTK_FIXED,30,36.0756951,136.213516,10.18,0.7,1.25
19:14:32,3474.85,6,RTK_FIXED,30,36.0756951,136.213516,10.19,0.7,1.25
19:14:33,3475.86,6,RTK_FIXED,30,36.0756952,136.213516,10.19,0.7,1.25
19:14:34,3476.96,6,RTK_FIXED,30,36.0756951,136.213516,10.19,0.7,1.25
19:14:35,3478.06,6,RTK_FIXED,30,36.0756951,136.213516,10.19,0.7,1.25
19:14:36,3479.16,6,RTK_FIXED,28,36.0756951,136.213516,10.18,0.7,1.25
19:14:37,3480.26,6,RTK_FIXED,28,36.0756951,136.213516,10.18,0.7,1.25
19:14:38,3481.26,6,RTK_FIXED,28,36.0756951,136.213516,10.18,0.7,1.25
19:14:39,3482.26,6,RTK_FIXED,28,36.0756951,136.213516,10.18,0.7,1.25
19:14:40,3483.26,6,RTK_FIXED,29,36.0756951,136.213516,10.18,0.7,1.25
19:14:41,3484.26,6,RTK_FIXED,29,36.0756952,136.2135159,10.17,0.7,1.25
19:14:42,3485.36,6,RTK_FIXED,29,36.0756952,136.2135159,10.17,0.7,1.25
19:14:43,3486.36,6,RTK_FIXED,29,36.0756952,136.213516,10.18,0.7,1.25
19:14:44,3487.46,6,RTK_FIXED,29,36.0756952,136.2135159,10.17,0.7,1.25
19:14:46,3488.56,6,RTK_FIXED,29,36.0756951,136.213516,10.17,0.7,1.25
19:14:47,3489.56,6,RTK_FIXED,29,36.0756952,136.2135159,10.17,0.7,1.25
19:14:48,3490.66,6,RTK_FIXED,29,36.0756951,136.213516,10.19,0.7,1.25
19:14:49,3491.76,6,RTK_FIXED,29,36.0756951,136.213516,10.19,0.7,1.25
19:14:50,3492.76,6,RTK_FIXED,29,36.0756951,136.213516,10.19,0.7,1.25
19:14:51,3493.86,6,RTK_FIXED,29,36.0756951,136.213516,10.19,0.7,1.25
19:14:52,3494.96,6,RTK_FIXED,29,36.0756951,136.213516,10.19,0.68,1.12
19:14:53,3496.06,6,RTK_FIXED,29,36.0756951,136.213516,10.19,0.68,1.12
19:14:54,3497.06,6,RTK_FIXED,29,36.0756951,136.213516,10.19,0.68,1.12
19:14:55,3498.06,6,RTK_FIXED,29,36.0756951,136.213516,10.19,0.68,1.12
19:14:56,3499.16,6,RTK_FIXED,29,36.0756951,136.2135159,10.19,0.68,1.12
19:14:57,3500.26,6,RTK_FIXED,29,36.0756951,136.2135159,10.19,0.68,1.12
19:14:58,3501.36,6,RTK_FIXED,29,36.0756951,136.2135159,10.18,0.68,1.12
19:14:59,3502.46,6,RTK_FIXED,29,36.0756951,136.213516,10.19,0.68,1.12
19:15:01,3503.56,6,RTK_FIXED,29,36.0756951,136.213516,10.18,0.68,1.12
19:15:02,3504.66,6,RTK_FIXED,29,36.0756952,136.213516,10.18,0.68,1.12
19:15:03,3505.76,6,RTK_FIXED,29,36.0756952,136.213516,10.18,0.68,1.12
19:15:04,3506.76,6,RTK_FIXED,29,36.0756952,136.213516,10.18,0.68,1.12
19:15:05,3507.86,6,RTK_FIXED,29,36.0756952,136.213516,10.17,0.68,1.12
19:15:06,3508.96,6,RTK_FIXED,29,36.0756952,136.213516,10.17,0.68,1.12
19:15:07,3509.96,6,RTK_FIXED,29,36.0756952,136.213516,10.17,0.68,1.12
19:15:08,3511.06,6,RTK_FIXED,29,36.0756951,136.213516,10.19,0.68,1.12
19:15:09,3512.06,6,RTK_FIXED,29,36.0756951,136.2135159,10.19,0.68,1.12
19:15:10,3513.16,6,RTK_FIXED,29,36.0756951,136.213516,10.19,0.68,1.12
19:15:11,3514.26,6,RTK_FIXED,29,36.0756951,136.2135159,10.19,0.68,1.12
19:15:12,3515.36,6,RTK_FIXED,29,36.0756951,136.2135159,10.18,0.68,1.12
19:15:13,3516.36,6,RTK_FIXED,29,36.0756951,136.213516,10.19,0.68,1.12
19:15:14,3517.36,6,RTK_FIXED,29,36.0756951,136.213516,10.18,0.68,1.12
19:15:15,3518.36,6,RTK_FIXED,29,36.0756951,136.213516,10.18,0.68,1.12
19:15:16,3519.46,6,RTK_FIXED,29,36.0756952,136.2135159,10.17,0.68,1.12
19:15:17,3520.46,6,RTK_FIXED,29,36.0756951,136.2135159,10.19,0.68,1.12
19:15:18,3521.46,6,RTK_FIXED,29,36.0756951,136.213516,10.2,0.68,1.12
19:15:20,3522.56,6,RTK_FIXED,29,36.0756951,136.213516,10.19,0.68,1.12
19:15:21,3523.66,6,RTK_FIXED,29,36.0756952,136.2135159,10.19,0.68,1.12
19:15:22,3524.66,6,RTK_FIXED,29,36.0756951,136.213516,10.19,0.68,1.12
19:15:23,3525.66,6,RTK_FIXED,29,36.0756952,136.2135159,10.2,0.68,1.12
19:15:24,3526.76,6,RTK_FIXED,29,36.0756952,136.213516,10.2,0.68,1.12
19:15:25,3527.86,6,RTK_FIXED,29,36.0756951,136.213516,10.2,0.68,1.12
19:15:26,3528.86,6,RTK_FIXED,29,36.0756951,136.213516,10.2,0.68,1.12
19:15:27,3529.86,6,RTK_FIXED,29,36.0756951,136.213516,10.2,0.68,1.12
19:15:28,3530.96,6,RTK_FIXED,29,36.0756951,136.213516,10.21,0.68,1.12
19:15:29,3531.96,6,RTK_FIXED,29,36.0756951,136.2135159,10.19,0.68,1.12
19:15:30,3532.96,6,RTK_FIXED,29,36.0756951,136.213516,10.2,0.68,1.12
19:15:31,3533.96,6,RTK_FIXED,29,36.0756951,136.2135159,10.2,0.68,1.12
19:15:32,3535.06,6,RTK_FIXED,29,36.0756951,136.2135159,10.2,0.68,1.12
19:15:33,3536.06,6,RTK_FIXED,29,36.0756951,136.213516,10.2,0.68,1.12
19:15:34,3537.06,6,RTK_FIXED,29,36.0756951,136.2135159,10.19,0.68,1.12
19:15:35,3538.16,6,RTK_FIXED,30,36.0756951,136.213516,10.2,0.68,1.12
19:15:36,3539.26,6,RTK_FIXED,30,36.0756951,136.2135159,10.2,0.68,1.12
19:15:37,3540.26,6,RTK_FIXED,30,36.0756951,136.2135159,10.19,0.68,1.12
19:15:38,3541.26,6,RTK_FIXED,30,36.0756951,136.213516,10.2,0.68,1.12
19:15:39,3542.36,6,RTK_FIXED,30,36.0756951,136.213516,10.2,0.68,1.12
19:15:40,3543.36,6,RTK_FIXED,30,36.0756951,136.213516,10.2,0.68,1.12
19:15:41,3544.46,6,RTK_FIXED,30,36.0756951,136.213516,10.2,0.68,1.12
19:15:43,3545.56,6,RTK_FIXED,30,36.0756951,136.213516,10.2,0.68,1.12
19:15:44,3546.56,6,RTK_FIXED,30,36.0756951,136.213516,10.2,0.68,1.12
19:15:45,3547.66,6,RTK_FIXED,30,36.0756951,136.213516,10.19,0.68,1.12
19:15:46,3548.66,6,RTK_FIXED,30,36.0756951,136.213516,10.2,0.68,1.12
19:15:47,3549.66,6,RTK_FIXED,30,36.0756952,136.2135159,10.21,0.68,1.12
19:15:48,3550.66,6,RTK_FIXED,30,36.0756951,136.2135159,10.21,0.68,1.12
19:15:49,3551.66,6,RTK_FIXED,30,36.0756951,136.2135159,10.2,0.68,1.12
19:15:50,3552.76,6,RTK_FIXED,30,36.0756951,136.2135159,10.2,0.68,1.12
19:15:51,3553.86,6,RTK_FIXED,30,36.0756951,136.213516,10.2,0.68,1.12
19:15:52,3554.86,6,RTK_FIXED,30,36.0756951,136.213516,10.2,0.68,1.12
19:15:53,3555.96,6,RTK_FIXED,30,36.0756951,136.2135159,10.2,0.68,1.12
19:15:54,3556.96,6,RTK_FIXED,30,36.0756951,136.213516,10.2,0.68,1.12
19:15:55,3557.96,6,RTK_FIXED,30,36.0756951,136.213516,10.2,0.68,1.12
19:15:56,3559.06,6,RTK_FIXED,30,36.0756951,136.213516,10.2,0.68,1.12
19:15:57,3560.16,6,RTK_FIXED,30,36.0756951,136.213516,10.21,0.68,1.12
19:15:58,3561.26,6,RTK_FIXED,30,36.0756951,136.213516,10.2,0.68,1.12
19:15:59,3562.26,6,RTK_FIXED,30,36.0756951,136.2135159,10.21,0.68,1.12
19:16:00,3563.36,6,RTK_FIXED,30,36.0756951,136.2135159,10.21,0.68,1.12
19:16:01,3564.46,6,RTK_FIXED,30,36.0756951,136.2135159,10.2,0.68,1.12
19:16:03,3565.56,6,RTK_FIXED,30,36.0756951,136.213516,10.2,0.68,1.12
19:16:04,3566.56,6,RTK_FIXED,30,36.0756952,136.2135159,10.2,0.68,1.12
19:16:05,3567.56,6,RTK_FIXED,30,36.0756952,136.2135159,10.2,0.68,1.12
19:16:06,3568.56,6,RTK_FIXED,30,36.0756951,136.2135159,10.19,0.68,1.12
19:16:07,3569.56,6,RTK_FIXED,30,36.0756951,136.2135159,10.2,0.68,1.12
19:16:08,3570.66,6,RTK_FIXED,30,36.0756951,136.2135159,10.19,0.68,1.12
19:16:09,3571.76,6,RTK_FIXED,30,36.0756951,136.2135159,10.19,0.68,1.12
19:16:10,3572.76,6,RTK_FIXED,30,36.0756951,136.2135159,10.19,0.68,1.12
19:16:11,3573.86,6,RTK_FIXED,30,36.0756951,136.2135159,10.19,0.68,1.12
19:16:12,3574.96,6,RTK_FIXED,30,36.0756951,136.2135159,10.19,0.68,1.12
19:16:13,3576.06,6,RTK_FIXED,30,36.0756951,136.2135159,10.2,0.68,1.12
19:16:14,3577.06,6,RTK_FIXED,30,36.0756952,136.2135159,10.2,0.68,1.12
19:16:15,3578.07,6,RTK_FIXED,30,36.0756952,136.2135159,10.2,0.68,1.12
19:16:16,3579.16,6,RTK_FIXED,30,36.0756952,136.2135159,10.19,0.68,1.12
19:16:17,3580.26,6,RTK_FIXED,30,36.0756951,136.2135159,10.19,0.68,1.12
19:16:18,3581.36,6,RTK_FIXED,30,36.0756952,136.2135159,10.18,0.68,1.12
19:16:19,3582.36,6,RTK_FIXED,30,36.0756952,136.213516,10.18,0.68,1.12
19:16:20,3583.46,6,RTK_FIXED,30,36.0756951,136.213516,10.17,0.68,1.12
19:16:21,3584.46,6,RTK_FIXED,30,36.0756952,136.2135159,10.17,0.68,1.12
19:16:23,3585.56,6,RTK_FIXED,30,36.0756952,136.2135159,10.16,0.68,1.12
19:16:24,3586.66,6,RTK_FIXED,30,36.0756952,136.2135159,10.17,0.68,1.12
19:16:25,3587.66,6,RTK_FIXED,30,36.0756951,136.2135159,10.2,0.68,1.12
19:16:26,3588.66,6,RTK_FIXED,30,36.0756951,136.2135159,10.19,0.68,1.12
19:16:27,3589.76,6,RTK_FIXED,30,36.0756952,136.2135159,10.19,0.68,1.12
19:16:28,3590.76,6,RTK_FIXED,30,36.0756952,136.2135159,10.19,0.68,1.12
19:16:29,3591.86,6,RTK_FIXED,30,36.0756952,136.2135159,10.19,0.68,1.12
19:16:30,3592.96,6,RTK_FIXED,30,36.0756951,136.213516,10.18,0.68,1.12
19:16:31,3593.96,6,RTK_FIXED,30,36.0756951,136.213516,10.19,0.68,1.12
19:16:32,3595.06,6,RTK_FIXED,30,36.0756951,136.213516,10.18,0.68,1.12
19:16:33,3596.07,6,RTK_FIXED,30,36.0756951,136.213516,10.18,0.68,1.12
19:16:34,3597.16,6,RTK_FIXED,30,36.0756951,136.213516,10.18,0.68,1.12
19:16:35,3598.16,6,RTK_FIXED,30,36.0756951,136.213516,10.17,0.68,1.12
19:16:36,3599.16,6,RTK_FIXED,30,36.0756951,136.213516,10.16,0.68,1.12
19:16:37,3600.16,6,RTK_FIXED,30,36.0756952,136.213516,10.15,0.68,1.12
19:16:38,3601.16,6,RTK_FIXED,30,36.0756952,136.213516,10.15,0.68,1.12
19:16:39,3602.16,6,RTK_FIXED,30,36.0756951,136.2135159,10.19,0.68,1.12
19:16:40,3603.26,6,RTK_FIXED,30,36.0756951,136.2135159,10.19,0.68,1.12
19:16:41,3604.26,6,RTK_FIXED,30,36.0756951,136.2135159,10.18,0.68,1.12
19:16:42,3605.26,6,RTK_FIXED,30,36.0756951,136.213516,10.2,0.68,1.12
19:16:43,3606.26,6,RTK_FIXED,30,36.0756951,136.2135159,10.19,0.68,1.12
19:16:44,3607.26,6,RTK_FIXED,30,36.0756951,136.213516,10.19,0.68,1.12
19:16:45,3608.36,6,RTK_FIXED,30,36.0756951,136.213516,10.19,0.68,1.12
19:16:46,3609.46,6,RTK_FIXED,30,36.0756951,136.213516,10.19,0.68,1.12
19:16:47,3610.46,6,RTK_FIXED,30,36.0756951,136.2135159,10.19,0.68,1.12
19:16:49,3611.56,6,RTK_FIXED,30,36.0756951,136.213516,10.19,0.68,1.12
19:16:50,3612.66,6,RTK_FIXED,30,36.0756951,136.213516,10.19,0.68,1.12
19:16:51,3613.66,6,RTK_FIXED,30,36.0756951,136.213516,10.19,0.68,1.12
19:16:52,3614.66,6,RTK_FIXED,30,36.0756951,136.2135159,10.19,0.68,1.12
19:16:53,3615.66,6,RTK_FIXED,30,36.0756951,136.213516,10.19,0.68,1.12
19:16:54,3616.66,6,RTK_FIXED,30,36.0756951,136.2135159,10.19,0.68,1.12
19:16:55,3617.66,6,RTK_FIXED,30,36.0756951,136.2135159,10.19,0.68,1.12
