recv_utc,gnss,sv_id,freq_id,num_words
2026-03-14T05:48:14.107Z,GLONASS,4,13,4
2026-03-14T05:48:14.107Z,GLONASS,3,12,4
2026-03-14T05:48:14.107Z,GLONASS,3,12,4
2026-03-14T05:48:14.108Z,GLONASS,3,12,4
2026-03-14T05:48:16.107Z,GLONASS,4,13,4
2026-03-14T05:48:16.107Z,GLONASS,3,12,4
2026-03-14T05:48:16.108Z,GLONASS,3,12,4
2026-03-14T05:48:17.109Z,GLONASS,3,12,4
2026-03-14T05:48:18.093Z,GPS,2,0,10
2026-03-14T05:48:18.096Z,GPS,8,0,10
2026-03-14T05:48:18.107Z,GLONASS,3,12,4
2026-03-14T05:48:18.107Z,GLONASS,4,13,4
2026-03-14T05:48:18.108Z,GLONASS,3,12,4
2026-03-14T05:48:18.108Z,GLONASS,3,12,4
2026-03-14T05:48:20.107Z,GLONASS,4,13,4
2026-03-14T05:48:20.107Z,GLONASS,3,12,4
2026-03-14T05:48:20.109Z,GLONASS,3,12,4
2026-03-14T05:48:21.108Z,GLONASS,3,12,4
2026-03-14T05:48:22.107Z,GLONASS,4,13,4
2026-03-14T05:48:22.107Z,GLONASS,3,12,4
2026-03-14T05:48:22.108Z,GLONASS,3,12,4
2026-03-14T05:48:23.109Z,GLONASS,3,12,4
2026-03-14T05:48:24.093Z,GPS,2,0,10
2026-03-14T05:48:24.107Z,GLONASS,4,13,4
2026-03-14T05:48:24.107Z,GLONASS,3,12,4
2026-03-14T05:48:24.108Z,GLONASS,3,12,4
2026-03-14T05:48:24.108Z,GLONASS,3,12,4
2026-03-14T05:48:26.107Z,GLONASS,4,13,4
2026-03-14T05:48:26.107Z,GLONASS,3,12,4
2026-03-14T05:48:26.108Z,GLONASS,3,12,4
2026-03-14T05:48:27.119Z,GLONASS,3,12,4
2026-03-14T05:48:28.107Z,GLONASS,4,13,4
2026-03-14T05:48:28.107Z,GLONASS,3,12,4
2026-03-14T05:48:28.108Z,GLONASS,3,12,4
2026-03-14T05:48:29.109Z,GLONASS,3,12,4
2026-03-14T05:48:30.093Z,GPS,2,0,10
2026-03-14T05:48:30.107Z,GLONASS,4,13,4
2026-03-14T05:48:30.107Z,GLONASS,3,12,4
2026-03-14T05:48:30.107Z,GLONASS,3,12,4
2026-03-14T05:48:30.108Z,GLONASS,3,12,4
2026-03-14T05:48:32.108Z,GLONASS,4,13,4
2026-03-14T05:48:32.108Z,GLONASS,3,12,4
2026-03-14T05:48:32.108Z,GLONASS,3,12,4
2026-03-14T05:48:32.108Z,GLONASS,3,12,4
2026-03-14T05:48:34.107Z,GLONASS,4,13,4
2026-03-14T05:48:34.108Z,GLONASS,3,12,4
2026-03-14T05:48:34.108Z,GLONASS,3,12,4
2026-03-14T05:48:34.108Z,GLONASS,3,12,4
2026-03-14T05:48:36.093Z,GPS,2,0,10
2026-03-14T05:48:36.096Z,GPS,8,0,10
2026-03-14T05:48:36.107Z,GLONASS,4,13,4
2026-03-14T05:48:36.107Z,GLONASS,3,12,4
2026-03-14T05:48:36.108Z,GLONASS,3,12,4
2026-03-14T05:48:37.120Z,GLONASS,3,12,4
2026-03-14T05:48:38.107Z,GLONASS,18,4,4
2026-03-14T05:48:38.107Z,GLONASS,3,12,4
2026-03-14T05:48:38.108Z,GLONASS,4,13,4
2026-03-14T05:48:38.108Z,GLONASS,3,12,4
2026-03-14T05:48:38.108Z,GLONASS,3,12,4
2026-03-14T05:48:40.107Z,GLONASS,4,13,4
2026-03-14T05:48:40.107Z,GLONASS,3,12,4
2026-03-14T05:48:40.108Z,GLONASS,3,12,4
2026-03-14T05:48:40.108Z,GLONASS,3,12,4
2026-03-14T05:48:42.093Z,GPS,2,0,10
2026-03-14T05:48:42.096Z,GPS,8,0,10
2026-03-14T05:48:42.107Z,GLONASS,4,13,4
2026-03-14T05:48:42.107Z,GLONASS,3,12,4
2026-03-14T05:48:42.107Z,GLONASS,3,12,4
2026-03-14T05:48:42.107Z,GLONASS,3,12,4
2026-03-14T05:48:44.107Z,GLONASS,4,13,4
2026-03-14T05:48:44.107Z,GLONASS,3,12,4
2026-03-14T05:48:44.107Z,GLONASS,3,12,4
2026-03-14T05:48:44.107Z,GLONASS,3,12,4
2026-03-14T05:48:46.107Z,GLONASS,4,13,4
2026-03-14T05:48:46.107Z,GLONASS,3,12,4
2026-03-14T05:48:46.107Z,GLONASS,3,12,4
2026-03-14T05:48:46.107Z,GLONASS,3,12,4
2026-03-14T05:48:48.093Z,GPS,2,0,10
2026-03-14T05:48:48.096Z,GPS,8,0,10
2026-03-14T05:48:48.107Z,GLONASS,4,13,4
2026-03-14T05:48:48.107Z,GLONASS,3,12,4
2026-03-14T05:48:48.107Z,GLONASS,3,12,4
2026-03-14T05:48:48.107Z,GLONASS,3,12,4
2026-03-14T05:48:50.107Z,GLONASS,4,13,4
2026-03-14T05:48:50.107Z,GLONASS,3,12,4
2026-03-14T05:48:50.107Z,GLONASS,3,12,4
2026-03-14T05:48:50.108Z,GLONASS,3,12,4
2026-03-14T05:48:52.107Z,GLONASS,4,13,4
2026-03-14T05:48:52.107Z,GLONASS,3,12,4
2026-03-14T05:48:52.107Z,GLONASS,3,12,4
2026-03-14T05:48:52.108Z,GLONASS,3,12,4
2026-03-14T05:48:54.093Z,GPS,2,0,10
2026-03-14T05:48:54.095Z,GPS,8,0,10
2026-03-14T05:48:54.107Z,GLONASS,3,12,4
2026-03-14T05:48:54.107Z,GLONASS,4,13,4
2026-03-14T05:48:54.107Z,GLONASS,3,12,4
2026-03-14T05:48:54.108Z,GLONASS,3,12,4
2026-03-14T05:48:56.107Z,GLONASS,3,12,4
2026-03-14T05:48:56.107Z,GLONASS,4,13,4
2026-03-14T05:48:56.108Z,GLONASS,3,12,4
2026-03-14T05:48:56.108Z,GLONASS,3,12,4
2026-03-14T05:48:58.107Z,GLONASS,3,12,4
2026-03-14T05:48:58.107Z,GLONASS,4,13,4
2026-03-14T05:48:58.107Z,GLONASS,3,12,4
2026-03-14T05:48:58.108Z,GLONASS,3,12,4
2026-03-14T05:49:00.093Z,GPS,2,0,10
2026-03-14T05:49:00.096Z,GPS,8,0,10
2026-03-14T05:49:00.107Z,GLONASS,4,13,4
2026-03-14T05:49:00.107Z,GLONASS,3,12,4
2026-03-14T05:49:02.107Z,GLONASS,4,13,4
2026-03-14T05:49:02.107Z,GLONASS,3,12,4
2026-03-14T05:49:04.107Z,GLONASS,4,13,4
2026-03-14T05:49:04.107Z,GLONASS,3,12,4
2026-03-14T05:49:04.107Z,GLONASS,3,12,4
2026-03-14T05:49:04.107Z,GLONASS,3,12,4
2026-03-14T05:49:06.093Z,GPS,2,0,10
2026-03-14T05:49:06.096Z,GPS,8,0,10
2026-03-14T05:49:06.107Z,GLONASS,4,13,4
2026-03-14T05:49:06.107Z,GLONASS,3,12,4
2026-03-14T05:49:06.108Z,GLONASS,3,12,4
2026-03-14T05:49:07.111Z,GLONASS,3,12,4
2026-03-14T05:49:08.107Z,GLONASS,4,13,4
2026-03-14T05:49:08.107Z,GLONASS,3,12,4
2026-03-14T05:49:08.107Z,GLONASS,3,12,4
2026-03-14T05:49:09.111Z,GLONASS,3,12,4
2026-03-14T05:49:10.107Z,GLONASS,4,13,4
2026-03-14T05:49:10.107Z,GLONASS,3,12,4
2026-03-14T05:49:10.107Z,GLONASS,3,12,4
2026-03-14T05:49:11.108Z,GLONASS,3,12,4
2026-03-14T05:49:12.094Z,GPS,2,0,10
2026-03-14T05:49:12.096Z,GPS,8,0,10
2026-03-14T05:49:12.106Z,GLONASS,4,13,4
2026-03-14T05:49:12.107Z,GLONASS,3,12,4
2026-03-14T05:49:12.107Z,GLONASS,3,12,4
2026-03-14T05:49:12.107Z,GLONASS,3,12,4
2026-03-14T05:49:14.106Z,GLONASS,4,13,4
2026-03-14T05:49:14.107Z,GLONASS,3,12,4
2026-03-14T05:49:14.108Z,GLONASS,3,12,4
2026-03-14T05:49:15.123Z,GLONASS,3,12,4
2026-03-14T05:49:16.106Z,GLONASS,4,13,4
2026-03-14T05:49:16.107Z,GLONASS,3,12,4
2026-03-14T05:49:16.107Z,GLONASS,3,12,4
2026-03-14T05:49:17.107Z,GLONASS,3,12,4
2026-03-14T05:49:18.093Z,GPS,2,0,10
2026-03-14T05:49:18.095Z,GPS,8,0,10
2026-03-14T05:49:18.107Z,GLONASS,4,13,4
2026-03-14T05:49:18.107Z,GLONASS,3,12,4
2026-03-14T05:49:18.107Z,GLONASS,3,12,4
2026-03-14T05:49:18.108Z,GLONASS,3,12,4
2026-03-14T05:49:20.107Z,GLONASS,4,13,4
2026-03-14T05:49:20.107Z,GLONASS,3,12,4
2026-03-14T05:49:20.108Z,GLONASS,3,12,4
2026-03-14T05:49:21.122Z,GLONASS,3,12,4
2026-03-14T05:49:22.107Z,GLONASS,4,13,4
2026-03-14T05:49:22.107Z,GLONASS,3,12,4
2026-03-14T05:49:22.107Z,GLONASS,3,12,4
2026-03-14T05:49:22.108Z,GLONASS,18,4,4
2026-03-14T05:49:22.108Z,GLONASS,3,12,4
2026-03-14T05:49:24.094Z,GPS,2,0,10
2026-03-14T05:49:24.107Z,GLONASS,4,13,4
2026-03-14T05:49:24.107Z,GLONASS,3,12,4
2026-03-14T05:49:24.107Z,GLONASS,3,12,4
2026-03-14T05:49:24.107Z,GLONASS,3,12,4
2026-03-14T05:49:26.107Z,GLONASS,4,13,4
2026-03-14T05:49:26.107Z,GLONASS,3,12,4
2026-03-14T05:49:26.107Z,GLONASS,3,12,4
2026-03-14T05:49:26.107Z,GLONASS,3,12,4
2026-03-14T05:49:26.108Z,GLONASS,18,4,4
2026-03-14T05:49:28.106Z,GLONASS,4,13,4
2026-03-14T05:49:28.107Z,GLONASS,3,12,4
2026-03-14T05:49:28.107Z,GLONASS,3,12,4
2026-03-14T05:49:28.108Z,GLONASS,18,4,4
2026-03-14T05:49:28.108Z,GLONASS,3,12,4
2026-03-14T05:49:30.094Z,GPS,2,0,10
2026-03-14T05:49:30.106Z,GLONASS,4,13,4
2026-03-14T05:49:30.107Z,GLONASS,3,12,4
2026-03-14T05:49:32.106Z,GLONASS,4,13,4
2026-03-14T05:49:32.106Z,GLONASS,3,12,4
2026-03-14T05:49:34.106Z,GLONASS,4,13,4
2026-03-14T05:49:34.106Z,GLONASS,3,12,4
2026-03-14T05:49:34.107Z,GLONASS,3,12,4
2026-03-14T05:49:35.108Z,GLONASS,3,12,4
2026-03-14T05:49:36.093Z,GPS,2,0,10
2026-03-14T05:49:36.106Z,GLONASS,4,13,4
2026-03-14T05:49:36.106Z,GLONASS,3,12,4
2026-03-14T05:49:36.106Z,GLONASS,3,12,4
2026-03-14T05:49:36.107Z,GLONASS,3,12,4
2026-03-14T05:49:38.106Z,GLONASS,4,13,4
2026-03-14T05:49:38.106Z,GLONASS,3,12,4
2026-03-14T05:49:38.107Z,GLONASS,3,12,4
2026-03-14T05:49:38.107Z,GLONASS,3,12,4
2026-03-14T05:49:40.106Z,GLONASS,4,13,4
2026-03-14T05:49:40.106Z,GLONASS,3,12,4
2026-03-14T05:49:40.106Z,GLONASS,3,12,4
2026-03-14T05:49:40.106Z,GLONASS,3,12,4
2026-03-14T05:49:42.092Z,GPS,2,0,10
2026-03-14T05:49:42.105Z,GLONASS,4,13,4
2026-03-14T05:49:42.106Z,GLONASS,3,12,4
2026-03-14T05:49:42.106Z,GLONASS,3,12,4
2026-03-14T05:49:42.106Z,GLONASS,18,4,4
2026-03-14T05:49:42.106Z,GLONASS,3,12,4
2026-03-14T05:49:44.105Z,GLONASS,4,13,4
2026-03-14T05:49:44.106Z,GLONASS,3,12,4
2026-03-14T05:49:44.106Z,GLONASS,3,12,4
2026-03-14T05:49:44.106Z,GLONASS,18,4,4
2026-03-14T05:49:44.107Z,GLONASS,3,12,4
2026-03-14T05:49:46.105Z,GLONASS,4,13,4
2026-03-14T05:49:46.105Z,GLONASS,3,12,4
2026-03-14T05:49:46.106Z,GLONASS,3,12,4
2026-03-14T05:49:46.106Z,GLONASS,18,4,4
2026-03-14T05:49:46.106Z,GLONASS,3,12,4
2026-03-14T05:49:48.092Z,GPS,2,0,10
2026-03-14T05:49:48.105Z,GLONASS,4,13,4
2026-03-14T05:49:48.105Z,GLONASS,3,12,4
2026-03-14T05:49:48.105Z,GLONASS,3,12,4
2026-03-14T05:49:48.106Z,GLONASS,3,12,4
2026-03-14T05:49:48.106Z,GLONASS,18,4,4
2026-03-14T05:49:50.105Z,GLONASS,4,13,4
2026-03-14T05:49:50.105Z,GLONASS,3,12,4
2026-03-14T05:49:50.105Z,GLONASS,3,12,4
2026-03-14T05:49:50.106Z,GLONASS,18,4,4
2026-03-14T05:49:50.106Z,GLONASS,3,12,4
2026-03-14T05:49:52.105Z,GLONASS,4,13,4
2026-03-14T05:49:52.105Z,GLONASS,3,12,4
2026-03-14T05:49:52.105Z,GLONASS,3,12,4
2026-03-14T05:49:52.106Z,GLONASS,18,4,4
2026-03-14T05:49:52.106Z,GLONASS,3,12,4
2026-03-14T05:49:54.091Z,GPS,2,0,10
2026-03-14T05:49:54.104Z,GLONASS,4,13,4
2026-03-14T05:49:54.104Z,GLONASS,3,12,4
2026-03-14T05:49:54.105Z,GLONASS,3,12,4
2026-03-14T05:49:54.106Z,GLONASS,18,4,4
2026-03-14T05:49:54.106Z,GLONASS,3,12,4
2026-03-14T05:49:56.105Z,GLONASS,3,12,4
2026-03-14T05:49:56.105Z,GLONASS,4,13,4
2026-03-14T05:49:56.105Z,GLONASS,18,4,4
2026-03-14T05:49:56.105Z,GLONASS,3,12,4
2026-03-14T05:49:56.106Z,GLONASS,3,12,4
2026-03-14T05:49:58.104Z,GLONASS,4,13,4
2026-03-14T05:49:58.104Z,GLONASS,3,12,4
2026-03-14T05:49:58.105Z,GLONASS,3,12,4
2026-03-14T05:49:58.105Z,GLONASS,18,4,4
2026-03-14T05:49:58.105Z,GLONASS,3,12,4
2026-03-14T05:50:00.091Z,GPS,2,0,10
2026-03-14T05:50:00.104Z,GLONASS,4,13,4
2026-03-14T05:50:00.104Z,GLONASS,3,12,4
2026-03-14T05:50:00.105Z,GLONASS,3,12,4
2026-03-14T05:50:00.105Z,GLONASS,18,4,4
2026-03-14T05:50:00.105Z,GLONASS,3,12,4
2026-03-14T05:50:02.104Z,GLONASS,3,12,4
2026-03-14T05:50:04.104Z,GLONASS,3,12,4
2026-03-14T05:50:04.105Z,GLONASS,18,4,4
2026-03-14T05:50:06.091Z,GPS,2,0,10
2026-03-14T05:50:06.104Z,GLONASS,4,13,4
2026-03-14T05:50:06.104Z,GLONASS,18,4,4
2026-03-14T05:50:06.105Z,GLONASS,3,12,4
2026-03-14T05:50:08.103Z,GLONASS,4,13,4
2026-03-14T05:50:08.104Z,GLONASS,3,12,4
2026-03-14T05:50:08.104Z,GLONASS,3,12,4
2026-03-14T05:50:08.104Z,GLONASS,18,4,4
2026-03-14T05:50:08.105Z,GLONASS,3,12,4
2026-03-14T05:50:10.103Z,GLONASS,4,13,4
2026-03-14T05:50:10.103Z,GLONASS,3,12,4
2026-03-14T05:50:10.104Z,GLONASS,3,12,4
2026-03-14T05:50:10.104Z,GLONASS,18,4,4
2026-03-14T05:50:10.104Z,GLONASS,3,12,4
2026-03-14T05:50:12.090Z,GPS,2,0,10
2026-03-14T05:50:12.103Z,GLONASS,4,13,4
2026-03-14T05:50:12.103Z,GLONASS,3,12,4
2026-03-14T05:50:12.104Z,GLONASS,18,4,4
2026-03-14T05:50:30.103Z,GLONASS,3,12,4
2026-03-14T05:50:30.154Z,GLONASS,3,12,4
2026-03-14T05:50:32.102Z,GLONASS,4,13,4
2026-03-14T05:50:32.103Z,GLONASS,18,4,4
2026-03-14T05:50:52.103Z,GLONASS,16,6,4
2026-03-14T05:50:54.095Z,GLONASS,19,10,4
2026-03-14T05:50:54.100Z,GLONASS,4,13,4
2026-03-14T05:50:54.102Z,GLONASS,16,6,4
2026-03-14T05:50:56.094Z,GLONASS,19,10,4
2026-03-14T05:50:56.100Z,GLONASS,4,13,4
2026-03-14T05:50:56.101Z,GLONASS,4,13,4
2026-03-14T05:50:56.102Z,GLONASS,16,6,4
2026-03-14T05:50:56.103Z,GLONASS,4,13,4
2026-03-14T05:50:58.095Z,GLONASS,19,10,4
2026-03-14T05:50:58.095Z,GLONASS,19,10,4
2026-03-14T05:50:58.095Z,GLONASS,19,10,4
2026-03-14T05:50:58.100Z,GLONASS,4,13,4
2026-03-14T05:50:58.101Z,GLONASS,4,13,4
2026-03-14T05:50:58.101Z,GLONASS,4,13,4
2026-03-14T05:50:58.101Z,GLONASS,18,4,4
2026-03-14T05:50:58.102Z,GLONASS,16,6,4
2026-03-14T05:50:59.092Z,Galileo,21,0,8
2026-03-14T05:50:59.099Z,Galileo,23,0,8
2026-03-14T05:51:00.094Z,GLONASS,19,10,4
2026-03-14T05:51:00.100Z,GLONASS,4,13,4
2026-03-14T05:51:00.100Z,GLONASS,4,13,4
2026-03-14T05:51:00.101Z,GLONASS,4,13,4
2026-03-14T05:51:00.102Z,GLONASS,16,6,4
2026-03-14T05:51:01.089Z,Galileo,26,0,8
2026-03-14T05:51:01.091Z,Galileo,23,0,8
2026-03-14T05:51:01.096Z,Galileo,21,0,8
2026-03-14T05:51:01.274Z,GPS,3,0,10
2026-03-14T05:51:01.275Z,GPS,14,0,10
2026-03-14T05:51:01.278Z,GPS,1,0,10
2026-03-14T05:51:01.279Z,GPS,17,0,10
2026-03-14T05:51:01.335Z,QZSS,3,0,10
2026-03-14T05:51:02.094Z,GLONASS,19,10,4
2026-03-14T05:51:02.100Z,GLONASS,4,13,4
2026-03-14T05:51:02.100Z,GLONASS,3,12,4
2026-03-14T05:51:02.102Z,GLONASS,16,6,4
2026-03-14T05:51:02.294Z,SBAS,137,0,8
2026-03-14T05:51:03.093Z,Galileo,21,0,8
2026-03-14T05:51:03.095Z,Galileo,23,0,8
2026-03-14T05:51:03.096Z,Galileo,26,0,8
2026-03-14T05:51:03.294Z,SBAS,137,0,8
2026-03-14T05:51:03.327Z,BeiDou,56,0,10
2026-03-14T05:51:03.328Z,BeiDou,7,0,10
2026-03-14T05:51:03.341Z,BeiDou,8,0,10
2026-03-14T05:51:04.094Z,GLONASS,9,5,4
2026-03-14T05:51:04.094Z,GLONASS,19,10,4
2026-03-14T05:51:04.095Z,GLONASS,19,10,4
2026-03-14T05:51:04.095Z,GLONASS,9,5,4
2026-03-14T05:51:04.095Z,GLONASS,19,10,4
2026-03-14T05:51:04.100Z,GLONASS,4,13,4
2026-03-14T05:51:04.101Z,GLONASS,4,13,4
2026-03-14T05:51:04.102Z,GLONASS,16,6,4
2026-03-14T05:51:04.102Z,GLONASS,4,13,4
2026-03-14T05:51:04.294Z,SBAS,137,0,8
2026-03-14T05:51:05.078Z,Galileo,18,0,8
2026-03-14T05:51:05.100Z,Galileo,21,0,8
2026-03-14T05:51:05.102Z,Galileo,23,0,8
2026-03-14T05:51:05.104Z,Galileo,26,0,8
2026-03-14T05:51:05.294Z,SBAS,137,0,8
2026-03-14T05:51:06.077Z,GPS,3,0,10
2026-03-14T05:51:06.077Z,GPS,14,0,10
2026-03-14T05:51:06.078Z,GPS,1,0,10
2026-03-14T05:51:06.095Z,GLONASS,19,10,4
2026-03-14T05:51:06.095Z,GLONASS,9,5,4
2026-03-14T05:51:06.095Z,GLONASS,19,10,4
2026-03-14T05:51:06.095Z,GLONASS,9,5,4
2026-03-14T05:51:06.095Z,GLONASS,19,10,4
2026-03-14T05:51:06.100Z,GLONASS,4,13,4
2026-03-14T05:51:06.101Z,GLONASS,18,4,4
2026-03-14T05:51:06.101Z,GLONASS,4,13,4
2026-03-14T05:51:06.135Z,QZSS,3,0,10
2026-03-14T05:51:06.295Z,SBAS,137,0,8
2026-03-14T05:51:07.080Z,Galileo,18,0,8
2026-03-14T05:51:07.088Z,Galileo,21,0,8
2026-03-14T05:51:07.091Z,Galileo,26,0,8
2026-03-14T05:51:07.194Z,Galileo,23,0,8
2026-03-14T05:51:07.279Z,GPS,17,0,10
2026-03-14T05:51:07.295Z,SBAS,137,0,8
2026-03-14T05:51:08.095Z,GLONASS,9,5,4
2026-03-14T05:51:08.095Z,GLONASS,19,10,4
2026-03-14T05:51:08.096Z,GLONASS,9,5,4
2026-03-14T05:51:08.100Z,GLONASS,3,12,4
2026-03-14T05:51:08.100Z,GLONASS,4,13,4
2026-03-14T05:51:08.100Z,GLONASS,4,13,4
2026-03-14T05:51:08.101Z,GLONASS,18,4,4
2026-03-14T05:51:08.102Z,GLONASS,16,6,4
2026-03-14T05:51:08.157Z,GPS,3,0,10
2026-03-14T05:51:08.179Z,GPS,1,0,10
2026-03-14T05:51:08.294Z,SBAS,137,0,8
2026-03-14T05:51:08.295Z,GPS,3,0,10
2026-03-14T05:51:08.295Z,GPS,1,0,10
2026-03-14T05:51:08.347Z,BeiDou,56,0,10
2026-03-14T05:51:09.073Z,Galileo,18,0,8
2026-03-14T05:51:09.093Z,Galileo,21,0,8
2026-03-14T05:51:09.095Z,Galileo,23,0,8
2026-03-14T05:51:09.096Z,Galileo,26,0,8
2026-03-14T05:51:09.294Z,SBAS,137,0,8
2026-03-14T05:51:10.094Z,GLONASS,9,5,4
2026-03-14T05:51:10.094Z,GLONASS,19,10,4
2026-03-14T05:51:10.095Z,GLONASS,19,10,4
2026-03-14T05:51:10.095Z,GLONASS,9,5,4
2026-03-14T05:51:10.095Z,GLONASS,19,10,4
2026-03-14T05:51:10.100Z,GLONASS,4,13,4
2026-03-14T05:51:10.100Z,GLONASS,4,13,4
2026-03-14T05:51:10.101Z,GLONASS,18,4,4
2026-03-14T05:51:10.101Z,GLONASS,4,13,4
2026-03-14T05:51:10.294Z,SBAS,137,0,8
2026-03-14T05:51:11.077Z,Galileo,18,0,8
2026-03-14T05:51:11.096Z,Galileo,21,0,8
2026-03-14T05:51:11.098Z,Galileo,26,0,8
2026-03-14T05:51:11.210Z,Galileo,23,0,8
2026-03-14T05:51:11.294Z,SBAS,137,0,8
2026-03-14T05:51:12.074Z,GPS,3,0,10
2026-03-14T05:51:12.075Z,GPS,14,0,10
2026-03-14T05:51:12.086Z,GPS,1,0,10
2026-03-14T05:51:12.086Z,GPS,17,0,10
2026-03-14T05:51:12.094Z,GLONASS,19,10,4
2026-03-14T05:51:12.097Z,GLONASS,9,5,4
2026-03-14T05:51:12.098Z,GLONASS,19,10,4
2026-03-14T05:51:12.099Z,GLONASS,4,13,4
2026-03-14T05:51:12.100Z,GLONASS,9,5,4
2026-03-14T05:51:12.100Z,GLONASS,4,13,4
2026-03-14T05:51:12.100Z,GLONASS,4,13,4
2026-03-14T05:51:12.101Z,GLONASS,19,10,4
2026-03-14T05:51:12.102Z,GLONASS,16,6,4
2026-03-14T05:51:12.135Z,QZSS,3,0,10
2026-03-14T05:51:12.294Z,SBAS,137,0,8
2026-03-14T05:51:13.091Z,Galileo,18,0,8
2026-03-14T05:51:13.263Z,Galileo,21,0,8
2026-03-14T05:51:13.264Z,Galileo,23,0,8
2026-03-14T05:51:13.267Z,Galileo,26,0,8
2026-03-14T05:51:13.285Z,GPS,19,0,10
2026-03-14T05:51:13.285Z,GPS,6,0,10
2026-03-14T05:51:13.294Z,SBAS,137,0,8
2026-03-14T05:51:14.095Z,GLONASS,19,10,4
2026-03-14T05:51:14.097Z,GLONASS,9,5,4
2026-03-14T05:51:14.097Z,GLONASS,19,10,4
2026-03-14T05:51:14.100Z,GLONASS,4,13,4
2026-03-14T05:51:14.100Z,GLONASS,3,12,4
2026-03-14T05:51:14.100Z,GLONASS,9,5,4
2026-03-14T05:51:14.100Z,GLONASS,19,10,4
2026-03-14T05:51:14.102Z,GLONASS,18,4,4
2026-03-14T05:51:14.102Z,GLONASS,18,4,4
2026-03-14T05:51:14.294Z,SBAS,137,0,8
2026-03-14T05:51:14.347Z,BeiDou,56,0,10
2026-03-14T05:51:14.347Z,BeiDou,7,0,10
2026-03-14T05:51:15.121Z,Galileo,18,0,8
2026-03-14T05:51:15.282Z,BeiDou,12,0,10
2026-03-14T05:51:15.283Z,BeiDou,11,0,10
2026-03-14T05:51:15.293Z,Galileo,21,0,8
2026-03-14T05:51:15.297Z,Galileo,23,0,8
2026-03-14T05:51:15.299Z,Galileo,26,0,8
2026-03-14T05:51:15.405Z,SBAS,137,0,8
2026-03-14T05:51:16.094Z,GLONASS,9,5,4
2026-03-14T05:51:16.094Z,GLONASS,19,10,4
2026-03-14T05:51:16.095Z,GLONASS,19,10,4
2026-03-14T05:51:16.095Z,GLONASS,9,5,4
2026-03-14T05:51:16.095Z,GLONASS,19,10,4
2026-03-14T05:51:16.114Z,GLONASS,3,12,4
2026-03-14T05:51:16.114Z,GLONASS,18,4,4
2026-03-14T05:51:16.114Z,GLONASS,16,6,4
2026-03-14T05:51:16.115Z,GLONASS,18,4,4
2026-03-14T05:51:16.115Z,GLONASS,4,13,4
2026-03-14T05:51:16.115Z,GLONASS,3,12,4
2026-03-14T05:51:16.115Z,GLONASS,3,12,4
2026-03-14T05:51:16.116Z,GLONASS,18,4,4
2026-03-14T05:51:16.297Z,SBAS,137,0,8
2026-03-14T05:51:17.098Z,Galileo,18,0,8
2026-03-14T05:51:17.277Z,Galileo,21,0,8
2026-03-14T05:51:17.279Z,Galileo,23,0,8
2026-03-14T05:51:17.284Z,Galileo,26,0,8
2026-03-14T05:51:17.295Z,SBAS,137,0,8
2026-03-14T05:51:18.073Z,GPS,3,0,10
2026-03-14T05:51:18.074Z,GPS,14,0,10
2026-03-14T05:51:18.078Z,GPS,1,0,10
2026-03-14T05:51:18.078Z,GPS,17,0,10
2026-03-14T05:51:18.083Z,GPS,19,0,10
2026-03-14T05:51:18.093Z,GLONASS,19,10,4
2026-03-14T05:51:18.094Z,GLONASS,9,5,4
2026-03-14T05:51:18.094Z,GLONASS,9,5,4
2026-03-14T05:51:18.095Z,GLONASS,19,10,4
2026-03-14T05:51:18.095Z,GLONASS,9,5,4
2026-03-14T05:51:18.095Z,GLONASS,19,10,4
2026-03-14T05:51:18.099Z,GLONASS,3,12,4
2026-03-14T05:51:18.100Z,GLONASS,20,9,4
2026-03-14T05:51:18.100Z,GLONASS,10,0,4
2026-03-14T05:51:18.100Z,GLONASS,18,4,4
2026-03-14T05:51:18.101Z,GLONASS,4,13,4
2026-03-14T05:51:18.102Z,GLONASS,3,12,4
2026-03-14T05:51:18.102Z,GLONASS,16,6,4
2026-03-14T05:51:18.102Z,GLONASS,3,12,4
2026-03-14T05:51:18.102Z,GLONASS,18,4,4
2026-03-14T05:51:18.134Z,QZSS,3,0,10
2026-03-14T05:51:18.294Z,SBAS,137,0,8
2026-03-14T05:51:19.130Z,Galileo,18,0,8
2026-03-14T05:51:19.295Z,SBAS,137,0,8
2026-03-14T05:51:19.298Z,Galileo,21,0,8
2026-03-14T05:51:19.300Z,Galileo,23,0,8
2026-03-14T05:51:19.303Z,Galileo,26,0,8
2026-03-14T05:51:20.095Z,GLONASS,9,5,4
2026-03-14T05:51:20.095Z,GLONASS,19,10,4
2026-03-14T05:51:20.095Z,GLONASS,19,10,4
2026-03-14T05:51:20.095Z,GLONASS,9,5,4
2026-03-14T05:51:20.096Z,GLONASS,19,10,4
2026-03-14T05:51:20.099Z,GLONASS,4,13,4
2026-03-14T05:51:20.099Z,GLONASS,20,9,4
2026-03-14T05:51:20.100Z,GLONASS,10,0,4
2026-03-14T05:51:20.100Z,GLONASS,18,4,4
2026-03-14T05:51:20.100Z,GLONASS,4,13,4
2026-03-14T05:51:20.101Z,GLONASS,3,12,4
2026-03-14T05:51:20.102Z,GLONASS,4,13,4
2026-03-14T05:51:20.102Z,GLONASS,16,6,4
2026-03-14T05:51:20.102Z,GLONASS,18,4,4
2026-03-14T05:51:20.159Z,GPS,3,0,10
2026-03-14T05:51:20.182Z,GPS,1,0,10
2026-03-14T05:51:20.294Z,SBAS,137,0,8
2026-03-14T05:51:20.294Z,GPS,3,0,10
2026-03-14T05:51:20.295Z,GPS,1,0,10
2026-03-14T05:51:20.301Z,BeiDou,11,0,10
2026-03-14T05:51:20.346Z,BeiDou,56,0,10
2026-03-14T05:51:20.347Z,BeiDou,7,0,10
2026-03-14T05:51:20.353Z,BeiDou,10,0,10
2026-03-14T05:51:20.362Z,BeiDou,8,0,10
2026-03-14T05:51:21.124Z,Galileo,18,0,8
2026-03-14T05:51:21.285Z,BeiDou,25,0,10
2026-03-14T05:51:21.285Z,BeiDou,21,0,10
2026-03-14T05:51:21.292Z,BeiDou,24,0,10
2026-03-14T05:51:21.297Z,Galileo,21,0,8
2026-03-14T05:51:21.299Z,Galileo,23,0,8
2026-03-14T05:51:21.303Z,Galileo,26,0,8
2026-03-14T05:51:21.506Z,SBAS,137,0,8
2026-03-14T05:51:22.097Z,GLONASS,9,5,4
2026-03-14T05:51:22.098Z,GLONASS,19,10,4
2026-03-14T05:51:22.099Z,GLONASS,19,10,4
2026-03-14T05:51:22.100Z,GLONASS,20,9,4
2026-03-14T05:51:22.100Z,GLONASS,9,5,4
2026-03-14T05:51:22.100Z,GLONASS,18,4,4
2026-03-14T05:51:22.101Z,GLONASS,4,13,4
2026-03-14T05:51:22.101Z,GLONASS,3,12,4
2026-03-14T05:51:22.101Z,GLONASS,9,5,4
2026-03-14T05:51:22.102Z,GLONASS,19,10,4
2026-03-14T05:51:22.112Z,GLONASS,4,13,4
2026-03-14T05:51:22.112Z,GLONASS,18,4,4
2026-03-14T05:51:22.112Z,GLONASS,16,6,4
2026-03-14T05:51:22.294Z,SBAS,137,0,8
2026-03-14T05:51:22.294Z,GLONASS,4,13,4
2026-03-14T05:51:22.294Z,GLONASS,18,4,4
2026-03-14T05:51:22.294Z,GLONASS,16,6,4
2026-03-14T05:51:23.115Z,Galileo,18,0,8
2026-03-14T05:51:23.279Z,Galileo,21,0,8
2026-03-14T05:51:23.282Z,Galileo,23,0,8
2026-03-14T05:51:23.285Z,Galileo,26,0,8
2026-03-14T05:51:23.294Z,SBAS,137,0,8
2026-03-14T05:51:24.073Z,GPS,3,0,10
2026-03-14T05:51:24.074Z,GPS,14,0,10
2026-03-14T05:51:24.075Z,Galileo,18,0,8
2026-03-14T05:51:24.077Z,GPS,1,0,10
2026-03-14T05:51:24.077Z,Galileo,18,0,8
2026-03-14T05:51:24.078Z,GPS,17,0,10
2026-03-14T05:51:24.085Z,GPS,6,0,10
2026-03-14T05:51:24.088Z,GPS,8,0,10
2026-03-14T05:51:24.093Z,GLONASS,9,5,4
2026-03-14T05:51:24.094Z,GLONASS,19,10,4
2026-03-14T05:51:24.094Z,GLONASS,19,10,4
2026-03-14T05:51:24.094Z,GLONASS,9,5,4
2026-03-14T05:51:24.094Z,GLONASS,9,5,4
2026-03-14T05:51:24.094Z,GLONASS,19,10,4
2026-03-14T05:51:24.101Z,GLONASS,4,13,4
2026-03-14T05:51:24.102Z,GLONASS,18,4,4
2026-03-14T05:51:24.102Z,GLONASS,16,6,4
2026-03-14T05:51:24.102Z,GLONASS,20,9,4
2026-03-14T05:51:24.102Z,GLONASS,16,6,4
2026-03-14T05:51:24.102Z,GLONASS,18,4,4
2026-03-14T05:51:24.102Z,GLONASS,4,13,4
2026-03-14T05:51:24.103Z,GLONASS,3,12,4
2026-03-14T05:51:24.103Z,GLONASS,4,13,4
2026-03-14T05:51:24.103Z,GLONASS,18,4,4
2026-03-14T05:51:24.103Z,GLONASS,16,6,4
2026-03-14T05:51:24.134Z,QZSS,3,0,10
2026-03-14T05:51:24.304Z,SBAS,137,0,8
2026-03-14T05:51:25.111Z,Galileo,18,0,8
2026-03-14T05:51:25.277Z,GPS,22,0,10
2026-03-14T05:51:25.285Z,Galileo,21,0,8
2026-03-14T05:51:25.287Z,Galileo,23,0,8
2026-03-14T05:51:25.291Z,Galileo,26,0,8
2026-03-14T05:51:25.295Z,SBAS,137,0,8
2026-03-14T05:51:25.330Z,QZSS,7,0,10
2026-03-14T05:51:25.332Z,QZSS,2,0,10
2026-03-14T05:51:26.072Z,Galileo,18,0,8
2026-03-14T05:51:26.095Z,GLONASS,9,5,4
2026-03-14T05:51:26.095Z,GLONASS,19,10,4
2026-03-14T05:51:26.095Z,GLONASS,19,10,4
2026-03-14T05:51:26.095Z,GLONASS,9,5,4
2026-03-14T05:51:26.095Z,Galileo,18,0,8
2026-03-14T05:51:26.095Z,GLONASS,9,5,4
2026-03-14T05:51:26.096Z,GLONASS,19,10,4
2026-03-14T05:51:26.099Z,GLONASS,20,9,4
2026-03-14T05:51:26.099Z,GLONASS,4,13,4
2026-03-14T05:51:26.101Z,GLONASS,16,6,4
2026-03-14T05:51:26.102Z,GLONASS,16,6,4
2026-03-14T05:51:26.102Z,GLONASS,16,6,4
2026-03-14T05:51:26.293Z,SBAS,137,0,8
2026-03-14T05:51:26.301Z,BeiDou,12,0,10
2026-03-14T05:51:26.301Z,BeiDou,11,0,10
2026-03-14T05:51:26.304Z,BeiDou,25,0,10
2026-03-14T05:51:26.305Z,BeiDou,21,0,10
2026-03-14T05:51:26.311Z,BeiDou,24,0,10
2026-03-14T05:51:26.346Z,BeiDou,56,0,10
2026-03-14T05:51:26.347Z,BeiDou,7,0,10
2026-03-14T05:51:26.351Z,BeiDou,10,0,10
2026-03-14T05:51:27.120Z,Galileo,18,0,8
2026-03-14T05:51:27.278Z,BeiDou,34,0,10
2026-03-14T05:51:27.282Z,BeiDou,12,0,10
2026-03-14T05:51:27.282Z,BeiDou,11,0,10
2026-03-14T05:51:27.285Z,Galileo,21,0,8
2026-03-14T05:51:27.285Z,BeiDou,12,0,10
2026-03-14T05:51:27.285Z,BeiDou,11,0,10
2026-03-14T05:51:27.288Z,Galileo,23,0,8
2026-03-14T05:51:27.289Z,Galileo,26,0,8
2026-03-14T05:51:27.295Z,SBAS,137,0,8
2026-03-14T05:51:27.332Z,BeiDou,10,0,10
2026-03-14T05:51:27.334Z,BeiDou,38,0,10
2026-03-14T05:51:27.335Z,BeiDou,10,0,10
2026-03-14T05:51:28.068Z,Galileo,18,0,8
2026-03-14T05:51:28.094Z,GLONASS,9,5,4
2026-03-14T05:51:28.095Z,GLONASS,19,10,4
2026-03-14T05:51:28.095Z,GLONASS,19,10,4
2026-03-14T05:51:28.095Z,GLONASS,9,5,4
2026-03-14T05:51:28.095Z,Galileo,18,0,8
2026-03-14T05:51:28.095Z,GLONASS,9,5,4
2026-03-14T05:51:28.095Z,GLONASS,19,10,4
2026-03-14T05:51:28.099Z,GLONASS,10,0,4
2026-03-14T05:51:28.099Z,GLONASS,4,13,4
2026-03-14T05:51:28.101Z,GLONASS,16,6,4
2026-03-14T05:51:28.294Z,SBAS,137,0,8
2026-03-14T05:51:29.109Z,Galileo,18,0,8
2026-03-14T05:51:29.112Z,Galileo,13,0,8
2026-03-14T05:51:29.294Z,SBAS,137,0,8
2026-03-14T05:51:29.296Z,Galileo,21,0,8
2026-03-14T05:51:29.298Z,Galileo,23,0,8
2026-03-14T05:51:29.300Z,Galileo,26,0,8
2026-03-14T05:51:30.072Z,Galileo,18,0,8
2026-03-14T05:51:30.073Z,GPS,3,0,10
2026-03-14T05:51:30.073Z,Galileo,18,0,8
2026-03-14T05:51:30.074Z,GPS,14,0,10
2026-03-14T05:51:30.077Z,GPS,22,0,10
2026-03-14T05:51:30.078Z,GPS,17,0,10
2026-03-14T05:51:30.094Z,GLONASS,9,5,4
2026-03-14T05:51:30.094Z,GLONASS,19,10,4
2026-03-14T05:51:30.094Z,GLONASS,19,10,4
2026-03-14T05:51:30.094Z,GLONASS,9,5,4
2026-03-14T05:51:30.094Z,GLONASS,9,5,4
2026-03-14T05:51:30.094Z,GLONASS,19,10,4
2026-03-14T05:51:30.099Z,GLONASS,20,9,4
2026-03-14T05:51:30.099Z,GLONASS,10,0,4
2026-03-14T05:51:30.099Z,GLONASS,4,13,4
2026-03-14T05:51:30.102Z,GLONASS,16,6,4
2026-03-14T05:51:30.102Z,GLONASS,16,6,4
2026-03-14T05:51:30.102Z,GLONASS,16,6,4
2026-03-14T05:51:30.138Z,QZSS,7,0,10
2026-03-14T05:51:30.138Z,QZSS,2,0,10
2026-03-14T05:51:30.141Z,QZSS,3,0,10
2026-03-14T05:51:30.304Z,SBAS,137,0,8
2026-03-14T05:51:31.146Z,Galileo,18,0,8
2026-03-14T05:51:31.149Z,Galileo,13,0,8
2026-03-14T05:51:31.316Z,SBAS,137,0,8
2026-03-14T05:51:31.318Z,Galileo,21,0,8
2026-03-14T05:51:31.321Z,Galileo,23,0,8
2026-03-14T05:51:31.324Z,Galileo,26,0,8
2026-03-14T05:51:32.076Z,Galileo,18,0,8
2026-03-14T05:51:32.096Z,GLONASS,9,5,4
2026-03-14T05:51:32.096Z,GLONASS,19,10,4
2026-03-14T05:51:32.096Z,GLONASS,19,10,4
2026-03-14T05:51:32.096Z,GLONASS,9,5,4
2026-03-14T05:51:32.097Z,Galileo,18,0,8
2026-03-14T05:51:32.097Z,GLONASS,9,5,4
2026-03-14T05:51:32.097Z,GLONASS,19,10,4
2026-03-14T05:51:32.099Z,GLONASS,20,9,4
2026-03-14T05:51:32.099Z,GLONASS,10,0,4
2026-03-14T05:51:32.099Z,GLONASS,4,13,4
2026-03-14T05:51:32.100Z,GLONASS,4,13,4
2026-03-14T05:51:32.100Z,GLONASS,4,13,4
2026-03-14T05:51:32.101Z,GLONASS,16,6,4
2026-03-14T05:51:32.101Z,GLONASS,16,6,4
2026-03-14T05:51:32.101Z,GLONASS,16,6,4
2026-03-14T05:51:32.158Z,GPS,3,0,10
2026-03-14T05:51:32.298Z,BeiDou,34,0,10
2026-03-14T05:51:32.298Z,GPS,3,0,10
2026-03-14T05:51:32.301Z,BeiDou,11,0,10
2026-03-14T05:51:32.301Z,BeiDou,12,0,10
2026-03-14T05:51:32.302Z,BeiDou,11,0,10
2026-03-14T05:51:32.304Z,BeiDou,25,0,10
2026-03-14T05:51:32.304Z,BeiDou,12,0,10
2026-03-14T05:51:32.304Z,BeiDou,11,0,10
2026-03-14T05:51:32.307Z,BeiDou,50,0,10
2026-03-14T05:51:32.311Z,BeiDou,24,0,10
2026-03-14T05:51:32.314Z,SBAS,137,0,8
2026-03-14T05:51:32.346Z,BeiDou,56,0,10
2026-03-14T05:51:32.347Z,BeiDou,40,0,10
2026-03-14T05:51:32.347Z,BeiDou,7,0,10
2026-03-14T05:51:32.351Z,BeiDou,10,0,10
2026-03-14T05:51:32.352Z,BeiDou,10,0,10
2026-03-14T05:51:32.354Z,BeiDou,38,0,10
2026-03-14T05:51:32.354Z,BeiDou,10,0,10
2026-03-14T05:51:32.360Z,BeiDou,8,0,10
2026-03-14T05:51:33.139Z,Galileo,18,0,8
2026-03-14T05:51:33.142Z,Galileo,13,0,8
2026-03-14T05:51:33.311Z,SBAS,137,0,8
2026-03-14T05:51:33.313Z,Galileo,21,0,8
2026-03-14T05:51:33.315Z,Galileo,23,0,8
2026-03-14T05:51:33.318Z,Galileo,26,0,8
2026-03-14T05:51:34.068Z,Galileo,18,0,8
2026-03-14T05:51:34.093Z,GLONASS,19,10,4
2026-03-14T05:51:34.094Z,GLONASS,9,5,4
2026-03-14T05:51:34.094Z,GLONASS,19,10,4
2026-03-14T05:51:34.095Z,GLONASS,9,5,4
2026-03-14T05:51:34.095Z,Galileo,18,0,8
2026-03-14T05:51:34.095Z,GLONASS,9,5,4
2026-03-14T05:51:34.095Z,GLONASS,19,10,4
2026-03-14T05:51:34.099Z,GLONASS,4,13,4
2026-03-14T05:51:34.099Z,GLONASS,20,9,4
2026-03-14T05:51:34.100Z,GLONASS,10,0,4
2026-03-14T05:51:34.100Z,GLONASS,4,13,4
2026-03-14T05:51:34.100Z,GLONASS,3,12,4
2026-03-14T05:51:34.100Z,GLONASS,4,13,4
2026-03-14T05:51:34.101Z,GLONASS,16,6,4
2026-03-14T05:51:34.101Z,GLONASS,16,6,4
2026-03-14T05:51:34.101Z,GLONASS,16,6,4
2026-03-14T05:51:34.294Z,SBAS,137,0,8
2026-03-14T05:51:35.138Z,Galileo,18,0,8
2026-03-14T05:51:35.142Z,Galileo,13,0,8
2026-03-14T05:51:35.305Z,SBAS,137,0,8
2026-03-14T05:51:35.308Z,Galileo,21,0,8
2026-03-14T05:51:35.313Z,Galileo,23,0,8
2026-03-14T05:51:35.314Z,Galileo,26,0,8
2026-03-14T05:51:36.072Z,Galileo,18,0,8
2026-03-14T05:51:36.072Z,GPS,3,0,10
2026-03-14T05:51:36.073Z,Galileo,18,0,8
2026-03-14T05:51:36.073Z,GPS,14,0,10
2026-03-14T05:51:36.077Z,GPS,22,0,10
2026-03-14T05:51:36.077Z,GPS,1,0,10
2026-03-14T05:51:36.078Z,GPS,17,0,10
2026-03-14T05:51:36.082Z,GPS,19,0,10
2026-03-14T05:51:36.092Z,GLONASS,19,10,4
2026-03-14T05:51:36.093Z,GLONASS,9,5,4
2026-03-14T05:51:36.093Z,GLONASS,19,10,4
2026-03-14T05:51:36.094Z,GLONASS,9,5,4
2026-03-14T05:51:36.094Z,GLONASS,9,5,4
2026-03-14T05:51:36.094Z,GLONASS,19,10,4
2026-03-14T05:51:36.099Z,GLONASS,20,9,4
2026-03-14T05:51:36.099Z,GLONASS,4,13,4
2026-03-14T05:51:36.099Z,GLONASS,10,0,4
2026-03-14T05:51:36.099Z,GLONASS,4,13,4
2026-03-14T05:51:36.100Z,GLONASS,18,4,4
2026-03-14T05:51:36.100Z,GLONASS,4,13,4
2026-03-14T05:51:36.100Z,GLONASS,18,4,4
2026-03-14T05:51:36.101Z,GLONASS,16,6,4
2026-03-14T05:51:36.101Z,GLONASS,16,6,4
2026-03-14T05:51:36.101Z,GLONASS,16,6,4
2026-03-14T05:51:36.130Z,QZSS,7,0,10
2026-03-14T05:51:36.130Z,QZSS,2,0,10
2026-03-14T05:51:36.133Z,QZSS,3,0,10
2026-03-14T05:51:36.294Z,SBAS,137,0,8
2026-03-14T05:51:37.112Z,Galileo,18,0,8
2026-03-14T05:51:37.114Z,Galileo,13,0,8
2026-03-14T05:51:37.291Z,Galileo,21,0,8
2026-03-14T05:51:37.293Z,Galileo,23,0,8
2026-03-14T05:51:37.295Z,Galileo,26,0,8
2026-03-14T05:51:37.491Z,SBAS,137,0,8
2026-03-14T05:51:38.075Z,Galileo,18,0,8
2026-03-14T05:51:38.094Z,GLONASS,9,5,4
2026-03-14T05:51:38.094Z,GLONASS,19,10,4
2026-03-14T05:51:38.095Z,GLONASS,19,10,4
2026-03-14T05:51:38.095Z,GLONASS,9,5,4
2026-03-14T05:51:38.095Z,Galileo,18,0,8
2026-03-14T05:51:38.096Z,GLONASS,9,5,4
2026-03-14T05:51:38.096Z,GLONASS,19,10,4
2026-03-14T05:51:38.098Z,GLONASS,20,9,4
2026-03-14T05:51:38.099Z,GLONASS,4,13,4
2026-03-14T05:51:38.099Z,GLONASS,10,0,4
2026-03-14T05:51:38.099Z,GLONASS,4,13,4
2026-03-14T05:51:38.100Z,GLONASS,3,12,4
2026-03-14T05:51:38.100Z,GLONASS,4,13,4
2026-03-14T05:51:38.101Z,GLONASS,16,6,4
2026-03-14T05:51:38.298Z,BeiDou,34,0,10
2026-03-14T05:51:38.301Z,BeiDou,12,0,10
2026-03-14T05:51:38.301Z,BeiDou,11,0,10
2026-03-14T05:51:38.301Z,BeiDou,12,0,10
2026-03-14T05:51:38.302Z,BeiDou,12,0,10
2026-03-14T05:51:38.302Z,BeiDou,11,0,10
2026-03-14T05:51:38.303Z,BeiDou,25,0,10
2026-03-14T05:51:38.305Z,BeiDou,21,0,10
2026-03-14T05:51:38.307Z,BeiDou,43,0,10
2026-03-14T05:51:38.310Z,BeiDou,24,0,10
2026-03-14T05:51:38.311Z,BeiDou,42,0,10
2026-03-14T05:51:38.326Z,SBAS,137,0,8
2026-03-14T05:51:38.346Z,BeiDou,56,0,10
2026-03-14T05:51:38.347Z,BeiDou,7,0,10
2026-03-14T05:51:38.351Z,BeiDou,10,0,10
2026-03-14T05:51:38.353Z,BeiDou,38,0,10
2026-03-14T05:51:38.354Z,BeiDou,10,0,10
2026-03-14T05:51:38.359Z,BeiDou,8,0,10
2026-03-14T05:51:39.151Z,Galileo,18,0,8
2026-03-14T05:51:39.152Z,Galileo,13,0,8
2026-03-14T05:51:39.298Z,Galileo,21,0,8
2026-03-14T05:51:39.301Z,Galileo,23,0,8
2026-03-14T05:51:39.302Z,Galileo,26,0,8
2026-03-14T05:51:39.501Z,SBAS,137,0,8
2026-03-14T05:51:40.067Z,Galileo,18,0,8
2026-03-14T05:51:40.093Z,GLONASS,9,5,4
2026-03-14T05:51:40.093Z,GLONASS,19,10,4
2026-03-14T05:51:40.093Z,GLONASS,19,10,4
2026-03-14T05:51:40.093Z,GLONASS,9,5,4
2026-03-14T05:51:40.094Z,Galileo,18,0,8
2026-03-14T05:51:40.094Z,GLONASS,9,5,4
2026-03-14T05:51:40.094Z,GLONASS,19,10,4
2026-03-14T05:51:40.099Z,GLONASS,4,13,4
2026-03-14T05:51:40.099Z,GLONASS,20,9,4
2026-03-14T05:51:40.099Z,GLONASS,20,9,4
2026-03-14T05:51:40.100Z,GLONASS,10,0,4
2026-03-14T05:51:40.100Z,GLONASS,4,13,4
2026-03-14T05:51:40.101Z,GLONASS,16,6,4
2026-03-14T05:51:40.101Z,GLONASS,4,13,4
2026-03-14T05:51:40.101Z,GLONASS,16,6,4
2026-03-14T05:51:40.101Z,GLONASS,16,6,4
2026-03-14T05:51:40.101Z,GLONASS,20,9,4
2026-03-14T05:51:40.301Z,SBAS,137,0,8
2026-03-14T05:51:41.124Z,Galileo,18,0,8
2026-03-14T05:51:41.126Z,Galileo,13,0,8
2026-03-14T05:51:41.321Z,SBAS,137,0,8
2026-03-14T05:51:41.325Z,Galileo,21,0,8
2026-03-14T05:51:41.327Z,Galileo,23,0,8
2026-03-14T05:51:41.331Z,Galileo,26,0,8
2026-03-14T05:51:42.072Z,GPS,3,0,10
2026-03-14T05:51:42.073Z,Galileo,18,0,8
2026-03-14T05:51:42.073Z,GPS,14,0,10
2026-03-14T05:51:42.074Z,Galileo,18,0,8
2026-03-14T05:51:42.076Z,GPS,22,0,10
2026-03-14T05:51:42.077Z,GPS,1,0,10
2026-03-14T05:51:42.077Z,GPS,17,0,10
2026-03-14T05:51:42.082Z,GPS,19,0,10
2026-03-14T05:51:42.092Z,GLONASS,19,10,4
2026-03-14T05:51:42.092Z,GLONASS,9,5,4
2026-03-14T05:51:42.093Z,GLONASS,9,5,4
2026-03-14T05:51:42.093Z,GLONASS,9,5,4
2026-03-14T05:51:42.098Z,GLONASS,20,9,4
2026-03-14T05:51:42.098Z,GLONASS,4,13,4
2026-03-14T05:51:42.099Z,GLONASS,4,13,4
2026-03-14T05:51:42.099Z,GLONASS,20,9,4
2026-03-14T05:51:42.101Z,GLONASS,16,6,4
2026-03-14T05:51:42.101Z,GLONASS,16,6,4
2026-03-14T05:51:42.101Z,GLONASS,4,13,4
2026-03-14T05:51:42.102Z,GLONASS,20,9,4
2026-03-14T05:51:42.102Z,GLONASS,16,6,4
2026-03-14T05:51:42.131Z,QZSS,7,0,10
2026-03-14T05:51:42.131Z,QZSS,2,0,10
2026-03-14T05:51:42.133Z,QZSS,3,0,10
2026-03-14T05:51:42.317Z,SBAS,137,0,8
2026-03-14T05:51:43.154Z,Galileo,18,0,8
2026-03-14T05:51:43.158Z,Galileo,13,0,8
2026-03-14T05:51:43.297Z,SBAS,137,0,8
2026-03-14T05:51:43.298Z,Galileo,21,0,8
2026-03-14T05:51:43.301Z,Galileo,23,0,8
2026-03-14T05:51:43.303Z,Galileo,26,0,8
2026-03-14T05:51:44.075Z,Galileo,18,0,8
2026-03-14T05:51:44.094Z,GLONASS,9,5,4
2026-03-14T05:51:44.094Z,GLONASS,19,10,4
2026-03-14T05:51:44.094Z,GLONASS,19,10,4
2026-03-14T05:51:44.094Z,GLONASS,9,5,4
2026-03-14T05:51:44.095Z,Galileo,18,0,8
2026-03-14T05:51:44.097Z,GLONASS,9,5,4
2026-03-14T05:51:44.097Z,GLONASS,19,10,4
2026-03-14T05:51:44.098Z,GLONASS,20,9,4
2026-03-14T05:51:44.099Z,GLONASS,3,12,4
2026-03-14T05:51:44.099Z,GLONASS,4,13,4
2026-03-14T05:51:44.099Z,GLONASS,20,9,4
2026-03-14T05:51:44.100Z,GLONASS,10,0,4
2026-03-14T05:51:44.100Z,GLONASS,3,12,4
2026-03-14T05:51:44.100Z,GLONASS,16,6,4
2026-03-14T05:51:44.101Z,GLONASS,16,6,4
2026-03-14T05:51:44.101Z,GLONASS,3,12,4
2026-03-14T05:51:44.101Z,GLONASS,4,13,4
2026-03-14T05:51:44.101Z,GLONASS,20,9,4
2026-03-14T05:51:44.101Z,GLONASS,16,6,4
2026-03-14T05:51:44.161Z,GPS,3,0,10
2026-03-14T05:51:44.165Z,GPS,14,0,10
2026-03-14T05:51:44.172Z,GPS,17,0,10
2026-03-14T05:51:44.179Z,GPS,8,0,10
2026-03-14T05:51:44.269Z,QZSS,3,0,10
2026-03-14T05:51:44.298Z,BeiDou,34,0,10
2026-03-14T05:51:44.299Z,GPS,3,0,10
2026-03-14T05:51:44.299Z,GPS,14,0,10
2026-03-14T05:51:44.299Z,GPS,17,0,10
2026-03-14T05:51:44.300Z,GPS,8,0,10
2026-03-14T05:51:44.301Z,BeiDou,12,0,10
2026-03-14T05:51:44.301Z,BeiDou,11,0,10
2026-03-14T05:51:44.301Z,QZSS,3,0,10
2026-03-14T05:51:44.301Z,BeiDou,12,0,10
2026-03-14T05:51:44.301Z,BeiDou,11,0,10
2026-03-14T05:51:44.302Z,BeiDou,12,0,10
2026-03-14T05:51:44.302Z,BeiDou,11,0,10
2026-03-14T05:51:44.303Z,BeiDou,25,0,10
2026-03-14T05:51:44.304Z,BeiDou,21,0,10
2026-03-14T05:51:44.307Z,BeiDou,43,0,10
2026-03-14T05:51:44.310Z,BeiDou,24,0,10
2026-03-14T05:51:44.311Z,BeiDou,42,0,10
2026-03-14T05:51:44.332Z,SBAS,137,0,8
2026-03-14T05:51:44.346Z,BeiDou,40,0,10
2026-03-14T05:51:44.347Z,BeiDou,7,0,10
2026-03-14T05:51:44.347Z,BeiDou,56,0,10
2026-03-14T05:51:44.351Z,BeiDou,10,0,10
2026-03-14T05:51:44.354Z,BeiDou,38,0,10
2026-03-14T05:51:44.354Z,BeiDou,10,0,10
2026-03-14T05:51:44.359Z,BeiDou,8,0,10
2026-03-14T05:51:44.567Z,SBAS,129,0,8
2026-03-14T05:51:45.155Z,Galileo,18,0,8
2026-03-14T05:51:45.157Z,Galileo,13,0,8
2026-03-14T05:51:45.338Z,Galileo,21,0,8
2026-03-14T05:51:45.341Z,Galileo,23,0,8
2026-03-14T05:51:45.345Z,Galileo,26,0,8
2026-03-14T05:51:45.540Z,SBAS,129,0,8
2026-03-14T05:51:45.544Z,SBAS,137,0,8
2026-03-14T05:51:46.066Z,Galileo,18,0,8
2026-03-14T05:51:46.092Z,GLONASS,19,10,4
2026-03-14T05:51:46.092Z,GLONASS,9,5,4
2026-03-14T05:51:46.093Z,GLONASS,9,5,4
2026-03-14T05:51:46.093Z,GLONASS,19,10,4
2026-03-14T05:51:46.093Z,Galileo,18,0,8
2026-03-14T05:51:46.094Z,GLONASS,9,5,4
2026-03-14T05:51:46.094Z,GLONASS,19,10,4
2026-03-14T05:51:46.099Z,GLONASS,3,12,4
2026-03-14T05:51:46.099Z,GLONASS,4,13,4
2026-03-14T05:51:46.099Z,GLONASS,20,9,4
2026-03-14T05:51:46.100Z,GLONASS,20,9,4
2026-03-14T05:51:46.100Z,GLONASS,10,0,4
2026-03-14T05:51:46.100Z,GLONASS,16,6,4
2026-03-14T05:51:46.101Z,GLONASS,16,6,4
2026-03-14T05:51:46.101Z,GLONASS,4,13,4
2026-03-14T05:51:46.101Z,GLONASS,3,12,4
2026-03-14T05:51:46.101Z,GLONASS,4,13,4
2026-03-14T05:51:46.101Z,GLONASS,20,9,4
2026-03-14T05:51:46.101Z,GLONASS,16,6,4
2026-03-14T05:51:46.341Z,SBAS,137,0,8
2026-03-14T05:51:46.559Z,SBAS,129,0,8
2026-03-14T05:51:47.139Z,Galileo,18,0,8
2026-03-14T05:51:47.141Z,Galileo,13,0,8
2026-03-14T05:51:47.324Z,Galileo,21,0,8
2026-03-14T05:51:47.327Z,Galileo,23,0,8
2026-03-14T05:51:47.329Z,Galileo,26,0,8
2026-03-14T05:51:47.536Z,SBAS,129,0,8
2026-03-14T05:51:47.543Z,SBAS,137,0,8
2026-03-14T05:51:48.074Z,Galileo,18,0,8
2026-03-14T05:51:48.074Z,GPS,3,0,10
2026-03-14T05:51:48.074Z,GPS,14,0,10
2026-03-14T05:51:48.074Z,Galileo,18,0,8
2026-03-14T05:51:48.077Z,GPS,22,0,10
2026-03-14T05:51:48.077Z,GPS,1,0,10
2026-03-14T05:51:48.078Z,GPS,17,0,10
2026-03-14T05:51:48.082Z,GPS,19,0,10
2026-03-14T05:51:48.084Z,GPS,6,0,10
2026-03-14T05:51:48.093Z,GLONASS,9,5,4
2026-03-14T05:51:48.093Z,GLONASS,19,10,4
2026-03-14T05:51:48.093Z,GLONASS,19,10,4
2026-03-14T05:51:48.093Z,GLONASS,9,5,4
2026-03-14T05:51:48.094Z,GLONASS,9,5,4
2026-03-14T05:51:48.094Z,GLONASS,19,10,4
2026-03-14T05:51:48.099Z,GLONASS,4,13,4
2026-03-14T05:51:48.099Z,GLONASS,20,9,4
2026-03-14T05:51:48.099Z,GLONASS,20,9,4
2026-03-14T05:51:48.099Z,GLONASS,18,4,4
2026-03-14T05:51:48.099Z,GLONASS,10,0,4
2026-03-14T05:51:48.101Z,GLONASS,16,6,4
2026-03-14T05:51:48.101Z,GLONASS,4,13,4
2026-03-14T05:51:48.101Z,GLONASS,4,13,4
2026-03-14T05:51:48.102Z,GLONASS,20,9,4
2026-03-14T05:51:48.102Z,GLONASS,16,6,4
2026-03-14T05:51:48.129Z,QZSS,7,0,10
2026-03-14T05:51:48.130Z,QZSS,2,0,10
2026-03-14T05:51:48.133Z,QZSS,3,0,10
2026-03-14T05:51:48.351Z,SBAS,137,0,8
2026-03-14T05:51:48.571Z,SBAS,129,0,8
2026-03-14T05:51:49.177Z,Galileo,18,0,8
2026-03-14T05:51:49.179Z,Galileo,13,0,8
2026-03-14T05:51:49.288Z,GPS,8,0,10
2026-03-14T05:51:49.317Z,Galileo,21,0,8
2026-03-14T05:51:49.319Z,Galileo,23,0,8
2026-03-14T05:51:49.321Z,Galileo,26,0,8
2026-03-14T05:51:49.515Z,SBAS,129,0,8
2026-03-14T05:51:49.520Z,SBAS,137,0,8
2026-03-14T05:51:50.075Z,Galileo,18,0,8
2026-03-14T05:51:50.094Z,GLONASS,9,5,4
2026-03-14T05:51:50.094Z,GLONASS,19,10,4
2026-03-14T05:51:50.094Z,GLONASS,19,10,4
2026-03-14T05:51:50.094Z,GLONASS,9,5,4
2026-03-14T05:51:50.094Z,Galileo,18,0,8
2026-03-14T05:51:50.095Z,GLONASS,9,5,4
2026-03-14T05:51:50.095Z,GLONASS,19,10,4
2026-03-14T05:51:50.099Z,GLONASS,3,12,4
2026-03-14T05:51:50.099Z,GLONASS,4,13,4
2026-03-14T05:51:50.099Z,GLONASS,20,9,4
2026-03-14T05:51:50.099Z,GLONASS,20,9,4
2026-03-14T05:51:50.099Z,GLONASS,10,0,4
2026-03-14T05:51:50.100Z,GLONASS,16,6,4
2026-03-14T05:51:50.100Z,GLONASS,16,6,4
2026-03-14T05:51:50.100Z,GLONASS,4,13,4
2026-03-14T05:51:50.101Z,GLONASS,3,12,4
2026-03-14T05:51:50.101Z,GLONASS,4,13,4
2026-03-14T05:51:50.101Z,GLONASS,20,9,4
2026-03-14T05:51:50.101Z,GLONASS,16,6,4
2026-03-14T05:51:50.297Z,BeiDou,34,0,10
2026-03-14T05:51:50.300Z,BeiDou,12,0,10
2026-03-14T05:51:50.301Z,BeiDou,11,0,10
2026-03-14T05:51:50.301Z,BeiDou,12,0,10
2026-03-14T05:51:50.301Z,BeiDou,11,0,10
2026-03-14T05:51:50.301Z,BeiDou,12,0,10
2026-03-14T05:51:50.301Z,BeiDou,11,0,10
2026-03-14T05:51:50.303Z,BeiDou,25,0,10
2026-03-14T05:51:50.304Z,BeiDou,21,0,10
2026-03-14T05:51:50.307Z,BeiDou,50,0,10
2026-03-14T05:51:50.307Z,BeiDou,43,0,10
2026-03-14T05:51:50.345Z,BeiDou,56,0,10
2026-03-14T05:51:50.347Z,SBAS,137,0,8
2026-03-14T05:51:50.347Z,BeiDou,40,0,10
2026-03-14T05:51:50.347Z,BeiDou,7,0,10
2026-03-14T05:51:50.350Z,BeiDou,10,0,10
2026-03-14T05:51:50.350Z,BeiDou,10,0,10
2026-03-14T05:51:50.350Z,BeiDou,10,0,10
2026-03-14T05:51:50.353Z,BeiDou,38,0,10
2026-03-14T05:51:50.359Z,BeiDou,8,0,10
2026-03-14T05:51:50.577Z,SBAS,128,0,8
2026-03-14T05:51:50.582Z,SBAS,129,0,8
2026-03-14T05:51:51.186Z,Galileo,18,0,8
2026-03-14T05:51:51.188Z,Galileo,13,0,8
2026-03-14T05:51:51.348Z,SBAS,137,0,8
2026-03-14T05:51:51.350Z,Galileo,21,0,8
2026-03-14T05:51:51.352Z,Galileo,23,0,8
2026-03-14T05:51:51.354Z,Galileo,26,0,8
2026-03-14T05:51:51.555Z,SBAS,128,0,8
2026-03-14T05:51:51.560Z,SBAS,129,0,8
2026-03-14T05:51:52.085Z,Galileo,18,0,8
2026-03-14T05:51:52.087Z,Galileo,13,0,8
2026-03-14T05:51:52.092Z,GLONASS,19,10,4
2026-03-14T05:51:52.093Z,GLONASS,9,5,4
2026-03-14T05:51:52.093Z,GLONASS,19,10,4
2026-03-14T05:51:52.093Z,GLONASS,9,5,4
2026-03-14T05:51:52.093Z,Galileo,18,0,8
2026-03-14T05:51:52.093Z,Galileo,13,0,8
2026-03-14T05:51:52.094Z,GLONASS,9,5,4
2026-03-14T05:51:52.094Z,GLONASS,19,10,4
2026-03-14T05:51:52.099Z,GLONASS,3,12,4
2026-03-14T05:51:52.099Z,GLONASS,4,13,4
2026-03-14T05:51:52.099Z,GLONASS,20,9,4
2026-03-14T05:51:52.099Z,GLONASS,20,9,4
2026-03-14T05:51:52.099Z,GLONASS,18,4,4
2026-03-14T05:51:52.100Z,GLONASS,16,6,4
2026-03-14T05:51:52.100Z,GLONASS,4,13,4
2026-03-14T05:51:52.100Z,GLONASS,16,6,4
2026-03-14T05:51:52.101Z,GLONASS,3,12,4
2026-03-14T05:51:52.101Z,GLONASS,3,12,4
2026-03-14T05:51:52.101Z,GLONASS,4,13,4
2026-03-14T05:51:52.101Z,GLONASS,20,9,4
2026-03-14T05:51:52.101Z,GLONASS,16,6,4
2026-03-14T05:51:52.347Z,SBAS,137,0,8
2026-03-14T05:51:52.573Z,SBAS,128,0,8
2026-03-14T05:51:52.578Z,SBAS,129,0,8
2026-03-14T05:51:53.136Z,Galileo,18,0,8
2026-03-14T05:51:53.138Z,Galileo,13,0,8
2026-03-14T05:51:53.329Z,SBAS,137,0,8
2026-03-14T05:51:53.331Z,Galileo,21,0,8
2026-03-14T05:51:53.334Z,Galileo,23,0,8
2026-03-14T05:51:53.336Z,Galileo,26,0,8
2026-03-14T05:51:53.532Z,SBAS,128,0,8
2026-03-14T05:51:53.535Z,SBAS,129,0,8
2026-03-14T05:51:54.071Z,Galileo,18,0,8
2026-03-14T05:51:54.072Z,GPS,3,0,10
2026-03-14T05:51:54.072Z,Galileo,18,0,8
2026-03-14T05:51:54.073Z,GPS,14,0,10
2026-03-14T05:51:54.076Z,GPS,22,0,10
2026-03-14T05:51:54.077Z,GPS,1,0,10
2026-03-14T05:51:54.077Z,GPS,17,0,10
2026-03-14T05:51:54.082Z,GPS,19,0,10
2026-03-14T05:51:54.084Z,GPS,6,0,10
2026-03-14T05:51:54.091Z,Galileo,13,0,8
2026-03-14T05:51:54.092Z,GLONASS,9,5,4
2026-03-14T05:51:54.093Z,GLONASS,19,10,4
2026-03-14T05:51:54.093Z,GLONASS,19,10,4
2026-03-14T05:51:54.093Z,GLONASS,9,5,4
2026-03-14T05:51:54.093Z,Galileo,13,0,8
2026-03-14T05:51:54.093Z,GLONASS,9,5,4
2026-03-14T05:51:54.093Z,GLONASS,19,10,4
2026-03-14T05:51:54.098Z,GLONASS,4,13,4
2026-03-14T05:51:54.099Z,GLONASS,20,9,4
2026-03-14T05:51:54.100Z,GLONASS,20,9,4
2026-03-14T05:51:54.100Z,GLONASS,10,0,4
2026-03-14T05:51:54.101Z,GLONASS,4,13,4
2026-03-14T05:51:54.101Z,GLONASS,4,13,4
2026-03-14T05:51:54.101Z,GLONASS,20,9,4
2026-03-14T05:51:54.129Z,QZSS,7,0,10
2026-03-14T05:51:54.130Z,QZSS,2,0,10
2026-03-14T05:51:54.133Z,QZSS,3,0,10
2026-03-14T05:51:54.330Z,SBAS,137,0,8
2026-03-14T05:51:54.545Z,SBAS,128,0,8
2026-03-14T05:51:54.550Z,SBAS,129,0,8
2026-03-14T05:51:55.155Z,Galileo,18,0,8
2026-03-14T05:51:55.158Z,Galileo,13,0,8
2026-03-14T05:51:55.290Z,GPS,30,0,10
2026-03-14T05:51:55.325Z,SBAS,137,0,8
2026-03-14T05:51:55.327Z,Galileo,21,0,8
2026-03-14T05:51:55.330Z,Galileo,23,0,8
2026-03-14T05:51:55.332Z,Galileo,26,0,8
2026-03-14T05:51:55.523Z,SBAS,128,0,8
2026-03-14T05:51:55.528Z,SBAS,129,0,8
2026-03-14T05:51:56.074Z,Galileo,18,0,8
2026-03-14T05:51:56.094Z,GLONASS,9,5,4
2026-03-14T05:51:56.094Z,GLONASS,19,10,4
2026-03-14T05:51:56.095Z,Galileo,13,0,8
2026-03-14T05:51:56.095Z,GLONASS,19,10,4
2026-03-14T05:51:56.095Z,GLONASS,9,5,4
2026-03-14T05:51:56.097Z,Galileo,18,0,8
2026-03-14T05:51:56.097Z,GLONASS,9,5,4
2026-03-14T05:51:56.097Z,GLONASS,19,10,4
2026-03-14T05:51:56.097Z,Galileo,13,0,8
2026-03-14T05:51:56.098Z,GLONASS,4,13,4
2026-03-14T05:51:56.098Z,GLONASS,20,9,4
2026-03-14T05:51:56.099Z,GLONASS,20,9,4
2026-03-14T05:51:56.099Z,GLONASS,18,4,4
2026-03-14T05:51:56.100Z,GLONASS,4,13,4
2026-03-14T05:51:56.100Z,GLONASS,4,13,4
2026-03-14T05:51:56.100Z,GLONASS,20,9,4
2026-03-14T05:51:56.165Z,GPS,3,0,10
2026-03-14T05:51:56.166Z,GPS,14,0,10
2026-03-14T05:51:56.272Z,GPS,17,0,10
2026-03-14T05:51:56.272Z,GPS,1,0,10
2026-03-14T05:51:56.272Z,QZSS,3,0,10
2026-03-14T05:51:56.297Z,BeiDou,34,0,10
2026-03-14T05:51:56.297Z,GPS,3,0,10
2026-03-14T05:51:56.297Z,GPS,14,0,10
2026-03-14T05:51:56.297Z,GPS,17,0,10
2026-03-14T05:51:56.298Z,GPS,1,0,10
2026-03-14T05:51:56.298Z,QZSS,3,0,10
2026-03-14T05:51:56.300Z,BeiDou,12,0,10
2026-03-14T05:51:56.300Z,BeiDou,11,0,10
2026-03-14T05:51:56.301Z,BeiDou,12,0,10
2026-03-14T05:51:56.301Z,BeiDou,11,0,10
2026-03-14T05:51:56.301Z,BeiDou,12,0,10
2026-03-14T05:51:56.301Z,BeiDou,11,0,10
2026-03-14T05:51:56.303Z,BeiDou,25,0,10
2026-03-14T05:51:56.304Z,BeiDou,21,0,10
2026-03-14T05:51:56.306Z,BeiDou,50,0,10
2026-03-14T05:51:56.306Z,BeiDou,43,0,10
2026-03-14T05:51:56.336Z,SBAS,137,0,8
2026-03-14T05:51:56.345Z,BeiDou,56,0,10
2026-03-14T05:51:56.346Z,BeiDou,40,0,10
2026-03-14T05:51:56.346Z,BeiDou,7,0,10
2026-03-14T05:51:56.350Z,BeiDou,10,0,10
2026-03-14T05:51:56.350Z,BeiDou,10,0,10
2026-03-14T05:51:56.350Z,BeiDou,10,0,10
2026-03-14T05:51:56.352Z,BeiDou,38,0,10
2026-03-14T05:51:56.548Z,SBAS,128,0,8
2026-03-14T05:51:56.553Z,SBAS,129,0,8
2026-03-14T05:51:57.158Z,Galileo,18,0,8
2026-03-14T05:51:57.161Z,Galileo,13,0,8
2026-03-14T05:51:57.330Z,SBAS,137,0,8
2026-03-14T05:51:57.332Z,Galileo,21,0,8
2026-03-14T05:51:57.335Z,Galileo,23,0,8
2026-03-14T05:51:57.337Z,Galileo,26,0,8
2026-03-14T05:51:57.526Z,SBAS,128,0,8
2026-03-14T05:51:57.530Z,SBAS,129,0,8
2026-03-14T05:51:58.071Z,Galileo,18,0,8
2026-03-14T05:51:58.086Z,Galileo,13,0,8
2026-03-14T05:51:58.092Z,GLONASS,9,5,4
2026-03-14T05:51:58.092Z,GLONASS,19,10,4
2026-03-14T05:51:58.093Z,GLONASS,19,10,4
2026-03-14T05:51:58.093Z,GLONASS,9,5,4
2026-03-14T05:51:58.093Z,Galileo,18,0,8
2026-03-14T05:51:58.093Z,Galileo,13,0,8
2026-03-14T05:51:58.093Z,GLONASS,9,5,4
2026-03-14T05:51:58.093Z,GLONASS,19,10,4
2026-03-14T05:51:58.098Z,GLONASS,4,13,4
2026-03-14T05:51:58.098Z,GLONASS,20,9,4
2026-03-14T05:51:58.099Z,GLONASS,20,9,4
2026-03-14T05:51:58.099Z,GLONASS,10,0,4
2026-03-14T05:51:58.099Z,GLONASS,3,12,4
2026-03-14T05:51:58.100Z,GLONASS,4,13,4
2026-03-14T05:51:58.100Z,GLONASS,20,9,4
2026-03-14T05:51:58.325Z,SBAS,137,0,8
2026-03-14T05:51:58.545Z,SBAS,128,0,8
2026-03-14T05:51:58.549Z,SBAS,129,0,8
2026-03-14T05:51:59.149Z,Galileo,18,0,8
2026-03-14T05:51:59.151Z,Galileo,13,0,8
2026-03-14T05:51:59.313Z,SBAS,137,0,8
2026-03-14T05:51:59.316Z,Galileo,21,0,8
2026-03-14T05:51:59.318Z,Galileo,23,0,8
2026-03-14T05:51:59.320Z,Galileo,26,0,8
2026-03-14T05:51:59.524Z,SBAS,128,0,8
2026-03-14T05:51:59.528Z,SBAS,129,0,8
2026-03-14T05:52:00.071Z,Galileo,18,0,8
2026-03-14T05:52:00.071Z,GPS,3,0,10
2026-03-14T05:52:00.072Z,Galileo,18,0,8
2026-03-14T05:52:00.072Z,GPS,14,0,10
2026-03-14T05:52:00.076Z,GPS,22,0,10
2026-03-14T05:52:00.076Z,GPS,1,0,10
2026-03-14T05:52:00.076Z,GPS,17,0,10
2026-03-14T05:52:00.081Z,GPS,19,0,10
2026-03-14T05:52:00.083Z,GPS,6,0,10
2026-03-14T05:52:00.084Z,GPS,2,0,10
2026-03-14T05:52:00.090Z,GPS,30,0,10
2026-03-14T05:52:00.091Z,Galileo,13,0,8
2026-03-14T05:52:00.092Z,GLONASS,9,5,4
2026-03-14T05:52:00.092Z,GLONASS,19,10,4
2026-03-14T05:52:00.092Z,GLONASS,9,5,4
2026-03-14T05:52:00.092Z,Galileo,13,0,8
2026-03-14T05:52:00.093Z,GLONASS,9,5,4
2026-03-14T05:52:00.098Z,GLONASS,4,13,4
2026-03-14T05:52:00.098Z,GLONASS,20,9,4
2026-03-14T05:52:00.099Z,GLONASS,20,9,4
2026-03-14T05:52:00.099Z,GLONASS,18,4,4
2026-03-14T05:52:00.099Z,GLONASS,4,13,4
2026-03-14T05:52:00.100Z,GLONASS,16,6,4
2026-03-14T05:52:00.100Z,GLONASS,16,6,4
2026-03-14T05:52:00.100Z,GLONASS,3,12,4
2026-03-14T05:52:00.100Z,GLONASS,4,13,4
2026-03-14T05:52:00.100Z,GLONASS,20,9,4
2026-03-14T05:52:00.101Z,GLONASS,16,6,4
2026-03-14T05:52:00.129Z,QZSS,7,0,10
2026-03-14T05:52:00.129Z,QZSS,2,0,10
2026-03-14T05:52:00.132Z,QZSS,3,0,10
2026-03-14T05:52:00.330Z,SBAS,137,0,8
2026-03-14T05:52:00.579Z,SBAS,128,0,8
2026-03-14T05:52:00.584Z,SBAS,129,0,8
2026-03-14T05:52:01.182Z,Galileo,18,0,8
2026-03-14T05:52:01.184Z,Galileo,13,0,8
2026-03-14T05:52:01.187Z,Galileo,27,0,8
2026-03-14T05:52:01.356Z,SBAS,137,0,8
2026-03-14T05:52:01.360Z,Galileo,21,0,8
2026-03-14T05:52:01.363Z,Galileo,23,0,8
2026-03-14T05:52:01.367Z,Galileo,26,0,8
2026-03-14T05:52:01.553Z,SBAS,128,0,8
2026-03-14T05:52:01.558Z,SBAS,129,0,8
2026-03-14T05:52:02.077Z,Galileo,18,0,8
2026-03-14T05:52:02.093Z,GLONASS,9,5,4
2026-03-14T05:52:02.093Z,GLONASS,19,10,4
2026-03-14T05:52:02.093Z,GLONASS,19,10,4
2026-03-14T05:52:02.094Z,Galileo,13,0,8
2026-03-14T05:52:02.094Z,GLONASS,9,5,4
2026-03-14T05:52:02.095Z,Galileo,18,0,8
2026-03-14T05:52:02.095Z,GLONASS,9,5,4
2026-03-14T05:52:02.096Z,GLONASS,19,10,4
2026-03-14T05:52:02.096Z,Galileo,13,0,8
2026-03-14T05:52:02.100Z,GLONASS,4,13,4
2026-03-14T05:52:02.100Z,GLONASS,20,9,4
2026-03-14T05:52:02.100Z,GLONASS,20,9,4
2026-03-14T05:52:02.100Z,GLONASS,16,6,4
2026-03-14T05:52:02.100Z,GLONASS,18,4,4
2026-03-14T05:52:02.100Z,GLONASS,10,0,4
2026-03-14T05:52:02.100Z,GLONASS,4,13,4
2026-03-14T05:52:02.101Z,GLONASS,3,12,4
2026-03-14T05:52:02.101Z,GLONASS,4,13,4
2026-03-14T05:52:02.101Z,GLONASS,20,9,4
2026-03-14T05:52:02.297Z,BeiDou,34,0,10
2026-03-14T05:52:02.301Z,BeiDou,12,0,10
2026-03-14T05:52:02.301Z,BeiDou,11,0,10
2026-03-14T05:52:02.302Z,BeiDou,12,0,10
2026-03-14T05:52:02.302Z,BeiDou,11,0,10
2026-03-14T05:52:02.302Z,BeiDou,12,0,10
2026-03-14T05:52:02.302Z,BeiDou,25,0,10
2026-03-14T05:52:02.302Z,BeiDou,11,0,10
2026-03-14T05:52:02.303Z,BeiDou,21,0,10
2026-03-14T05:52:02.306Z,BeiDou,50,0,10
2026-03-14T05:52:02.306Z,BeiDou,43,0,10
2026-03-14T05:52:02.345Z,BeiDou,56,0,10
2026-03-14T05:52:02.346Z,BeiDou,40,0,10
2026-03-14T05:52:02.346Z,BeiDou,7,0,10
2026-03-14T05:52:02.350Z,BeiDou,10,0,10
2026-03-14T05:52:02.350Z,BeiDou,10,0,10
2026-03-14T05:52:02.350Z,BeiDou,10,0,10
2026-03-14T05:52:02.352Z,BeiDou,38,0,10
2026-03-14T05:52:02.374Z,SBAS,137,0,8
2026-03-14T05:52:02.590Z,SBAS,128,0,8
2026-03-14T05:52:02.594Z,SBAS,129,0,8
2026-03-14T05:52:03.362Z,Galileo,18,0,8
2026-03-14T05:52:03.370Z,Galileo,13,0,8
2026-03-14T05:52:03.373Z,Galileo,27,0,8
2026-03-14T05:52:03.562Z,SBAS,128,0,8
2026-03-14T05:52:03.567Z,SBAS,129,0,8
2026-03-14T05:52:03.573Z,SBAS,137,0,8
2026-03-14T05:52:03.575Z,Galileo,21,0,8
2026-03-14T05:52:03.577Z,Galileo,23,0,8
2026-03-14T05:52:03.581Z,Galileo,26,0,8
2026-03-14T05:52:04.090Z,Galileo,18,0,8
2026-03-14T05:52:04.090Z,Galileo,13,0,8
2026-03-14T05:52:04.092Z,GLONASS,9,5,4
2026-03-14T05:52:04.092Z,GLONASS,19,10,4
2026-03-14T05:52:04.092Z,GLONASS,19,10,4
2026-03-14T05:52:04.092Z,GLONASS,9,5,4
2026-03-14T05:52:04.093Z,Galileo,18,0,8
2026-03-14T05:52:04.093Z,Galileo,13,0,8
2026-03-14T05:52:04.093Z,GLONASS,9,5,4
2026-03-14T05:52:04.093Z,GLONASS,19,10,4
2026-03-14T05:52:04.098Z,GLONASS,4,13,4
2026-03-14T05:52:04.098Z,GLONASS,20,9,4
2026-03-14T05:52:04.099Z,GLONASS,20,9,4
2026-03-14T05:52:04.099Z,GLONASS,16,6,4
2026-03-14T05:52:04.100Z,GLONASS,16,6,4
2026-03-14T05:52:04.100Z,GLONASS,4,13,4
2026-03-14T05:52:04.100Z,GLONASS,3,12,4
2026-03-14T05:52:04.100Z,GLONASS,4,13,4
2026-03-14T05:52:04.100Z,GLONASS,20,9,4
2026-03-14T05:52:04.100Z,GLONASS,16,6,4
2026-03-14T05:52:04.582Z,SBAS,128,0,8
2026-03-14T05:52:04.586Z,SBAS,129,0,8
2026-03-14T05:52:04.591Z,SBAS,137,0,8
2026-03-14T05:52:05.192Z,Galileo,18,0,8
2026-03-14T05:52:05.194Z,Galileo,13,0,8
2026-03-14T05:52:05.197Z,Galileo,27,0,8
2026-03-14T05:52:05.360Z,SBAS,137,0,8
2026-03-14T05:52:05.361Z,Galileo,21,0,8
2026-03-14T05:52:05.364Z,Galileo,23,0,8
2026-03-14T05:52:05.366Z,Galileo,26,0,8
2026-03-14T05:52:05.547Z,SBAS,128,0,8
2026-03-14T05:52:05.553Z,SBAS,129,0,8
2026-03-14T05:52:06.070Z,Galileo,18,0,8
2026-03-14T05:52:06.071Z,GPS,3,0,10
2026-03-14T05:52:06.071Z,Galileo,18,0,8
2026-03-14T05:52:06.072Z,GPS,14,0,10
2026-03-14T05:52:06.075Z,GPS,22,0,10
2026-03-14T05:52:06.076Z,GPS,1,0,10
2026-03-14T05:52:06.076Z,GPS,17,0,10
2026-03-14T05:52:06.083Z,GPS,6,0,10
2026-03-14T05:52:06.084Z,GPS,2,0,10
2026-03-14T05:52:06.089Z,GPS,30,0,10
2026-03-14T05:52:06.090Z,Galileo,13,0,8
2026-03-14T05:52:06.092Z,GLONASS,9,5,4
2026-03-14T05:52:06.092Z,GLONASS,19,10,4
2026-03-14T05:52:06.092Z,GLONASS,19,10,4
2026-03-14T05:52:06.092Z,GLONASS,9,5,4
2026-03-14T05:52:06.093Z,Galileo,13,0,8
2026-03-14T05:52:06.093Z,GLONASS,9,5,4
2026-03-14T05:52:06.093Z,GLONASS,19,10,4
2026-03-14T05:52:06.098Z,GLONASS,4,13,4
2026-03-14T05:52:06.099Z,GLONASS,20,9,4
2026-03-14T05:52:06.099Z,GLONASS,20,9,4
2026-03-14T05:52:06.100Z,GLONASS,16,6,4
2026-03-14T05:52:06.100Z,GLONASS,18,4,4
2026-03-14T05:52:06.100Z,GLONASS,4,13,4
2026-03-14T05:52:06.100Z,GLONASS,3,12,4
2026-03-14T05:52:06.100Z,GLONASS,4,13,4
2026-03-14T05:52:06.100Z,GLONASS,20,9,4
2026-03-14T05:52:06.128Z,QZSS,7,0,10
2026-03-14T05:52:06.129Z,QZSS,2,0,10
2026-03-14T05:52:06.132Z,QZSS,3,0,10
2026-03-14T05:52:06.344Z,SBAS,137,0,8
2026-03-14T05:52:06.581Z,SBAS,128,0,8
2026-03-14T05:52:06.585Z,SBAS,129,0,8
2026-03-14T05:52:07.150Z,Galileo,18,0,8
2026-03-14T05:52:07.151Z,Galileo,13,0,8
2026-03-14T05:52:07.153Z,Galileo,27,0,8
2026-03-14T05:52:07.313Z,SBAS,137,0,8
2026-03-14T05:52:07.316Z,Galileo,21,0,8
2026-03-14T05:52:07.317Z,Galileo,23,0,8
2026-03-14T05:52:07.320Z,Galileo,26,0,8
2026-03-14T05:52:07.532Z,SBAS,128,0,8
2026-03-14T05:52:07.536Z,SBAS,129,0,8
2026-03-14T05:52:08.073Z,Galileo,18,0,8
2026-03-14T05:52:08.096Z,GLONASS,9,5,4
2026-03-14T05:52:08.096Z,GLONASS,19,10,4
2026-03-14T05:52:08.096Z,Galileo,13,0,8
2026-03-14T05:52:08.096Z,GLONASS,19,10,4
2026-03-14T05:52:08.096Z,GLONASS,9,5,4
2026-03-14T05:52:08.097Z,Galileo,18,0,8
2026-03-14T05:52:08.097Z,GLONASS,9,5,4
2026-03-14T05:52:08.098Z,GLONASS,4,13,4
2026-03-14T05:52:08.098Z,GLONASS,20,9,4
2026-03-14T05:52:08.099Z,GLONASS,19,10,4
2026-03-14T05:52:08.100Z,GLONASS,16,6,4
2026-03-14T05:52:08.100Z,GLONASS,20,9,4
2026-03-14T05:52:08.100Z,GLONASS,16,6,4
2026-03-14T05:52:08.100Z,GLONASS,18,4,4
2026-03-14T05:52:08.100Z,GLONASS,10,0,4
2026-03-14T05:52:08.100Z,GLONASS,3,12,4
2026-03-14T05:52:08.100Z,GLONASS,4,13,4
2026-03-14T05:52:08.101Z,GLONASS,20,9,4
2026-03-14T05:52:08.101Z,GLONASS,16,6,4
2026-03-14T05:52:08.101Z,Galileo,13,0,8
2026-03-14T05:52:08.154Z,GPS,3,0,10
2026-03-14T05:52:08.160Z,GPS,14,0,10
2026-03-14T05:52:08.166Z,GPS,17,0,10
2026-03-14T05:52:08.180Z,GPS,1,0,10
2026-03-14T05:52:08.277Z,QZSS,7,0,10
2026-03-14T05:52:08.297Z,BeiDou,34,0,10
2026-03-14T05:52:08.298Z,GPS,3,0,10
2026-03-14T05:52:08.298Z,GPS,14,0,10
2026-03-14T05:52:08.298Z,GPS,17,0,10
2026-03-14T05:52:08.299Z,GPS,1,0,10
2026-03-14T05:52:08.299Z,BeiDou,12,0,10
2026-03-14T05:52:08.300Z,BeiDou,11,0,10
2026-03-14T05:52:08.300Z,BeiDou,12,0,10
2026-03-14T05:52:08.300Z,BeiDou,11,0,10
2026-03-14T05:52:08.300Z,BeiDou,12,0,10
2026-03-14T05:52:08.300Z,BeiDou,11,0,10
2026-03-14T05:52:08.301Z,QZSS,7,0,10
2026-03-14T05:52:08.302Z,BeiDou,25,0,10
2026-03-14T05:52:08.303Z,BeiDou,21,0,10
2026-03-14T05:52:08.306Z,BeiDou,22,0,10
2026-03-14T05:52:08.306Z,BeiDou,50,0,10
2026-03-14T05:52:08.306Z,BeiDou,43,0,10
2026-03-14T05:52:08.346Z,BeiDou,40,0,10
2026-03-14T05:52:08.346Z,BeiDou,7,0,10
2026-03-14T05:52:08.347Z,BeiDou,56,0,10
2026-03-14T05:52:08.349Z,BeiDou,10,0,10
2026-03-14T05:52:08.353Z,QZSS,2,0,10
2026-03-14T05:52:08.354Z,BeiDou,38,0,10
2026-03-14T05:52:08.354Z,BeiDou,10,0,10
2026-03-14T05:52:08.354Z,QZSS,2,0,10
2026-03-14T05:52:08.355Z,QZSS,3,0,10
2026-03-14T05:52:08.364Z,SBAS,137,0,8
2026-03-14T05:52:08.364Z,QZSS,3,0,10
2026-03-14T05:52:08.577Z,SBAS,128,0,8
2026-03-14T05:52:08.582Z,SBAS,129,0,8
2026-03-14T05:52:09.183Z,Galileo,18,0,8
2026-03-14T05:52:09.186Z,Galileo,13,0,8
2026-03-14T05:52:09.188Z,Galileo,27,0,8
2026-03-14T05:52:09.330Z,SBAS,137,0,8
2026-03-14T05:52:09.332Z,Galileo,21,0,8
2026-03-14T05:52:09.334Z,Galileo,23,0,8
2026-03-14T05:52:09.336Z,Galileo,26,0,8
2026-03-14T05:52:09.525Z,SBAS,128,0,8
2026-03-14T05:52:09.529Z,SBAS,129,0,8
2026-03-14T05:52:10.081Z,Galileo,18,0,8
2026-03-14T05:52:10.087Z,Galileo,13,0,8
2026-03-14T05:52:10.093Z,GLONASS,9,5,4
2026-03-14T05:52:10.093Z,GLONASS,19,10,4
2026-03-14T05:52:10.093Z,GLONASS,19,10,4
2026-03-14T05:52:10.094Z,GLONASS,9,5,4
2026-03-14T05:52:10.094Z,Galileo,18,0,8
2026-03-14T05:52:10.094Z,Galileo,13,0,8
2026-03-14T05:52:10.094Z,GLONASS,9,5,4
2026-03-14T05:52:10.094Z,GLONASS,19,10,4
2026-03-14T05:52:10.101Z,GLONASS,4,13,4
2026-03-14T05:52:10.101Z,GLONASS,20,9,4
2026-03-14T05:52:10.101Z,GLONASS,16,6,4
2026-03-14T05:52:10.101Z,GLONASS,20,9,4
2026-03-14T05:52:10.101Z,GLONASS,16,6,4
2026-03-14T05:52:10.102Z,GLONASS,4,13,4
2026-03-14T05:52:10.102Z,GLONASS,3,12,4
2026-03-14T05:52:10.102Z,GLONASS,4,13,4
2026-03-14T05:52:10.102Z,GLONASS,20,9,4
2026-03-14T05:52:10.102Z,GLONASS,16,6,4
2026-03-14T05:52:10.364Z,SBAS,137,0,8
2026-03-14T05:52:10.584Z,SBAS,128,0,8
2026-03-14T05:52:10.589Z,SBAS,129,0,8
2026-03-14T05:52:11.192Z,Galileo,18,0,8
2026-03-14T05:52:11.196Z,Galileo,13,0,8
2026-03-14T05:52:11.200Z,Galileo,27,0,8
2026-03-14T05:52:11.359Z,SBAS,137,0,8
2026-03-14T05:52:11.360Z,Galileo,21,0,8
2026-03-14T05:52:11.362Z,Galileo,23,0,8
2026-03-14T05:52:11.365Z,Galileo,26,0,8
2026-03-14T05:52:11.556Z,SBAS,128,0,8
2026-03-14T05:52:11.561Z,SBAS,129,0,8
2026-03-14T05:52:12.087Z,Galileo,18,0,8
2026-03-14T05:52:12.087Z,GPS,3,0,10
2026-03-14T05:52:12.087Z,GPS,14,0,10
2026-03-14T05:52:12.087Z,Galileo,18,0,8
2026-03-14T05:52:12.088Z,GPS,22,0,10
2026-03-14T05:52:12.088Z,GPS,1,0,10
2026-03-14T05:52:12.088Z,GPS,17,0,10
2026-03-14T05:52:12.088Z,GPS,19,0,10
2026-03-14T05:52:12.088Z,GPS,6,0,10
2026-03-14T05:52:12.088Z,GPS,2,0,10
2026-03-14T05:52:12.089Z,GPS,30,0,10
2026-03-14T05:52:12.090Z,Galileo,13,0,8
2026-03-14T05:52:12.092Z,GLONASS,9,5,4
2026-03-14T05:52:12.092Z,GLONASS,19,10,4
2026-03-14T05:52:12.092Z,GLONASS,19,10,4
2026-03-14T05:52:12.092Z,GLONASS,9,5,4
2026-03-14T05:52:12.094Z,Galileo,13,0,8
2026-03-14T05:52:12.094Z,GLONASS,9,5,4
2026-03-14T05:52:12.094Z,GLONASS,19,10,4
2026-03-14T05:52:12.097Z,GLONASS,20,9,4
2026-03-14T05:52:12.100Z,GLONASS,4,13,4
2026-03-14T05:52:12.100Z,GLONASS,20,9,4
2026-03-14T05:52:12.100Z,GLONASS,16,6,4
2026-03-14T05:52:12.100Z,GLONASS,16,6,4
2026-03-14T05:52:12.100Z,GLONASS,18,4,4
2026-03-14T05:52:12.100Z,GLONASS,4,13,4
2026-03-14T05:52:12.102Z,GLONASS,3,12,4
2026-03-14T05:52:12.102Z,GLONASS,4,13,4
2026-03-14T05:52:12.103Z,GLONASS,20,9,4
2026-03-14T05:52:12.103Z,GLONASS,16,6,4
2026-03-14T05:52:12.128Z,QZSS,7,0,10
2026-03-14T05:52:12.129Z,QZSS,2,0,10
2026-03-14T05:52:12.132Z,QZSS,3,0,10
2026-03-14T05:52:12.576Z,SBAS,128,0,8
2026-03-14T05:52:12.580Z,SBAS,129,0,8
2026-03-14T05:52:12.584Z,SBAS,137,0,8
2026-03-14T05:52:13.151Z,Galileo,18,0,8
2026-03-14T05:52:13.153Z,Galileo,13,0,8
2026-03-14T05:52:13.157Z,Galileo,27,0,8
2026-03-14T05:52:13.352Z,SBAS,137,0,8
2026-03-14T05:52:13.354Z,Galileo,21,0,8
2026-03-14T05:52:13.358Z,Galileo,23,0,8
2026-03-14T05:52:13.361Z,Galileo,26,0,8
2026-03-14T05:52:13.533Z,SBAS,128,0,8
2026-03-14T05:52:13.539Z,SBAS,129,0,8
2026-03-14T05:52:14.077Z,Galileo,18,0,8
2026-03-14T05:52:14.093Z,GLONASS,9,5,4
2026-03-14T05:52:14.093Z,GLONASS,19,10,4
2026-03-14T05:52:14.093Z,GLONASS,19,10,4
2026-03-14T05:52:14.093Z,GLONASS,9,5,4
2026-03-14T05:52:14.094Z,Galileo,13,0,8
2026-03-14T05:52:14.095Z,Galileo,18,0,8
2026-03-14T05:52:14.095Z,GLONASS,9,5,4
2026-03-14T05:52:14.096Z,GLONASS,19,10,4
2026-03-14T05:52:14.096Z,Galileo,13,0,8
2026-03-14T05:52:14.097Z,GLONASS,20,9,4
2026-03-14T05:52:14.099Z,GLONASS,4,13,4
2026-03-14T05:52:14.099Z,GLONASS,20,9,4
2026-03-14T05:52:14.100Z,GLONASS,16,6,4
2026-03-14T05:52:14.100Z,GLONASS,16,6,4
2026-03-14T05:52:14.100Z,GLONASS,18,4,4
2026-03-14T05:52:14.100Z,GLONASS,4,13,4
2026-03-14T05:52:14.100Z,GLONASS,20,9,4
2026-03-14T05:52:14.100Z,GLONASS,16,6,4
2026-03-14T05:52:14.296Z,BeiDou,34,0,10
2026-03-14T05:52:14.301Z,BeiDou,12,0,10
2026-03-14T05:52:14.301Z,BeiDou,11,0,10
2026-03-14T05:52:14.301Z,BeiDou,12,0,10
2026-03-14T05:52:14.301Z,BeiDou,11,0,10
2026-03-14T05:52:14.302Z,BeiDou,12,0,10
2026-03-14T05:52:14.302Z,BeiDou,25,0,10
2026-03-14T05:52:14.302Z,BeiDou,11,0,10
2026-03-14T05:52:14.303Z,BeiDou,21,0,10
2026-03-14T05:52:14.305Z,BeiDou,22,0,10
2026-03-14T05:52:14.306Z,BeiDou,50,0,10
2026-03-14T05:52:14.306Z,BeiDou,43,0,10
2026-03-14T05:52:14.310Z,BeiDou,24,0,10
2026-03-14T05:52:14.310Z,BeiDou,23,0,10
2026-03-14T05:52:14.344Z,BeiDou,56,0,10
2026-03-14T05:52:14.345Z,BeiDou,40,0,10
2026-03-14T05:52:14.346Z,BeiDou,7,0,10
2026-03-14T05:52:14.349Z,BeiDou,10,0,10
2026-03-14T05:52:14.352Z,BeiDou,38,0,10
2026-03-14T05:52:14.363Z,SBAS,137,0,8
2026-03-14T05:52:14.580Z,SBAS,128,0,8
2026-03-14T05:52:14.585Z,SBAS,129,0,8
2026-03-14T05:52:15.189Z,Galileo,18,0,8
2026-03-14T05:52:15.191Z,Galileo,13,0,8
2026-03-14T05:52:15.194Z,Galileo,27,0,8
2026-03-14T05:52:15.341Z,SBAS,137,0,8
2026-03-14T05:52:15.343Z,Galileo,21,0,8
2026-03-14T05:52:15.346Z,Galileo,23,0,8
2026-03-14T05:52:15.350Z,Galileo,26,0,8
2026-03-14T05:52:15.554Z,SBAS,128,0,8
2026-03-14T05:52:15.560Z,SBAS,129,0,8
2026-03-14T05:52:16.070Z,Galileo,18,0,8
2026-03-14T05:52:16.086Z,Galileo,13,0,8
2026-03-14T05:52:16.091Z,GLONASS,19,10,4
2026-03-14T05:52:16.091Z,GLONASS,9,5,4
2026-03-14T05:52:16.091Z,Galileo,18,0,8
2026-03-14T05:52:16.092Z,GLONASS,9,5,4
2026-03-14T05:52:16.092Z,GLONASS,19,10,4
2026-03-14T05:52:16.092Z,Galileo,13,0,8
2026-03-14T05:52:16.092Z,GLONASS,9,5,4
2026-03-14T05:52:16.093Z,GLONASS,19,10,4
2026-03-14T05:52:16.097Z,GLONASS,20,9,4
2026-03-14T05:52:16.097Z,GLONASS,10,0,4
2026-03-14T05:52:16.097Z,GLONASS,4,13,4
2026-03-14T05:52:16.098Z,GLONASS,3,12,4
2026-03-14T05:52:16.099Z,GLONASS,20,9,4
2026-03-14T05:52:16.099Z,GLONASS,16,6,4
2026-03-14T05:52:16.099Z,GLONASS,18,4,4
2026-03-14T05:52:16.099Z,GLONASS,16,6,4
2026-03-14T05:52:16.099Z,GLONASS,3,12,4
2026-03-14T05:52:16.100Z,GLONASS,3,12,4
2026-03-14T05:52:16.100Z,GLONASS,20,9,4
2026-03-14T05:52:16.100Z,GLONASS,16,6,4
2026-03-14T05:52:16.318Z,SBAS,137,0,8
2026-03-14T05:52:16.539Z,SBAS,128,0,8
2026-03-14T05:52:16.543Z,SBAS,129,0,8
2026-03-14T05:52:17.136Z,Galileo,18,0,8
2026-03-14T05:52:17.137Z,Galileo,13,0,8
2026-03-14T05:52:17.140Z,Galileo,27,0,8
2026-03-14T05:52:17.320Z,SBAS,137,0,8
2026-03-14T05:52:17.323Z,Galileo,21,0,8
2026-03-14T05:52:17.325Z,Galileo,23,0,8
2026-03-14T05:52:17.327Z,Galileo,26,0,8
2026-03-14T05:52:17.520Z,SBAS,128,0,8
2026-03-14T05:52:17.523Z,SBAS,129,0,8
2026-03-14T05:52:18.079Z,Galileo,18,0,8
2026-03-14T05:52:18.079Z,GPS,3,0,10
2026-03-14T05:52:18.079Z,Galileo,18,0,8
2026-03-14T05:52:18.080Z,GPS,14,0,10
2026-03-14T05:52:18.080Z,GPS,22,0,10
2026-03-14T05:52:18.080Z,GPS,1,0,10
2026-03-14T05:52:18.080Z,GPS,17,0,10
2026-03-14T05:52:18.082Z,GPS,19,0,10
2026-03-14T05:52:18.083Z,GPS,6,0,10
2026-03-14T05:52:18.092Z,Galileo,13,0,8
2026-03-14T05:52:18.092Z,GLONASS,9,5,4
2026-03-14T05:52:18.092Z,GLONASS,19,10,4
2026-03-14T05:52:18.092Z,GLONASS,19,10,4
2026-03-14T05:52:18.092Z,GLONASS,9,5,4
2026-03-14T05:52:18.092Z,Galileo,13,0,8
2026-03-14T05:52:18.093Z,GLONASS,9,5,4
2026-03-14T05:52:18.093Z,GLONASS,19,10,4
2026-03-14T05:52:18.096Z,GLONASS,20,9,4
2026-03-14T05:52:18.099Z,GLONASS,3,12,4
2026-03-14T05:52:18.100Z,GLONASS,4,13,4
2026-03-14T05:52:18.100Z,GLONASS,20,9,4
2026-03-14T05:52:18.100Z,GLONASS,16,6,4
2026-03-14T05:52:18.100Z,GLONASS,18,4,4
2026-03-14T05:52:18.100Z,GLONASS,3,12,4
2026-03-14T05:52:18.100Z,GLONASS,3,12,4
2026-03-14T05:52:18.100Z,GLONASS,4,13,4
2026-03-14T05:52:18.101Z,GLONASS,20,9,4
2026-03-14T05:52:18.128Z,QZSS,7,0,10
2026-03-14T05:52:18.130Z,QZSS,2,0,10
2026-03-14T05:52:18.132Z,QZSS,3,0,10
2026-03-14T05:52:18.361Z,SBAS,137,0,8
2026-03-14T05:52:18.576Z,SBAS,128,0,8
2026-03-14T05:52:18.582Z,SBAS,129,0,8
2026-03-14T05:52:19.149Z,Galileo,18,0,8
2026-03-14T05:52:19.151Z,Galileo,13,0,8
2026-03-14T05:52:19.153Z,Galileo,27,0,8
2026-03-14T05:52:19.318Z,SBAS,137,0,8
2026-03-14T05:52:19.320Z,Galileo,21,0,8
2026-03-14T05:52:19.322Z,Galileo,23,0,8
2026-03-14T05:52:19.325Z,Galileo,26,0,8
2026-03-14T05:52:19.521Z,SBAS,128,0,8
2026-03-14T05:52:19.525Z,SBAS,129,0,8
2026-03-14T05:52:20.077Z,Galileo,18,0,8
2026-03-14T05:52:20.096Z,GLONASS,9,5,4
2026-03-14T05:52:20.096Z,GLONASS,19,10,4
2026-03-14T05:52:20.096Z,Galileo,13,0,8
2026-03-14T05:52:20.096Z,GLONASS,20,9,4
2026-03-14T05:52:20.097Z,GLONASS,19,10,4
2026-03-14T05:52:20.097Z,GLONASS,4,13,4
2026-03-14T05:52:20.097Z,GLONASS,20,9,4
2026-03-14T05:52:20.098Z,GLONASS,9,5,4
2026-03-14T05:52:20.098Z,GLONASS,10,0,4
2026-03-14T05:52:20.098Z,GLONASS,4,13,4
2026-03-14T05:52:20.099Z,GLONASS,16,6,4
2026-03-14T05:52:20.099Z,GLONASS,3,12,4
2026-03-14T05:52:20.099Z,Galileo,18,0,8
2026-03-14T05:52:20.099Z,GLONASS,9,5,4
2026-03-14T05:52:20.100Z,GLONASS,19,10,4
2026-03-14T05:52:20.100Z,Galileo,13,0,8
2026-03-14T05:52:20.100Z,GLONASS,20,9,4
2026-03-14T05:52:20.101Z,GLONASS,4,13,4
2026-03-14T05:52:20.155Z,GPS,3,0,10
2026-03-14T05:52:20.159Z,GPS,14,0,10
2026-03-14T05:52:20.166Z,GPS,17,0,10
2026-03-14T05:52:20.170Z,GPS,1,0,10
2026-03-14T05:52:20.277Z,QZSS,7,0,10
2026-03-14T05:52:20.277Z,QZSS,2,0,10
2026-03-14T05:52:20.278Z,QZSS,3,0,10
2026-03-14T05:52:20.296Z,BeiDou,34,0,10
2026-03-14T05:52:20.296Z,GPS,3,0,10
2026-03-14T05:52:20.296Z,GPS,14,0,10
2026-03-14T05:52:20.296Z,GPS,17,0,10
2026-03-14T05:52:20.296Z,GPS,1,0,10
2026-03-14T05:52:20.297Z,QZSS,7,0,10
2026-03-14T05:52:20.297Z,QZSS,2,0,10
2026-03-14T05:52:20.297Z,QZSS,3,0,10
2026-03-14T05:52:20.299Z,BeiDou,12,0,10
2026-03-14T05:52:20.299Z,BeiDou,11,0,10
2026-03-14T05:52:20.299Z,BeiDou,12,0,10
2026-03-14T05:52:20.300Z,BeiDou,11,0,10
2026-03-14T05:52:20.300Z,BeiDou,12,0,10
2026-03-14T05:52:20.300Z,BeiDou,11,0,10
2026-03-14T05:52:20.301Z,BeiDou,25,0,10
2026-03-14T05:52:20.303Z,BeiDou,44,0,10
2026-03-14T05:52:20.303Z,BeiDou,21,0,10
2026-03-14T05:52:20.305Z,BeiDou,50,0,10
2026-03-14T05:52:20.305Z,BeiDou,43,0,10
2026-03-14T05:52:20.308Z,BeiDou,23,0,10
2026-03-14T05:52:20.309Z,BeiDou,24,0,10
2026-03-14T05:52:20.339Z,SBAS,137,0,8
2026-03-14T05:52:20.344Z,BeiDou,56,0,10
2026-03-14T05:52:20.345Z,BeiDou,40,0,10
2026-03-14T05:52:20.345Z,BeiDou,7,0,10
2026-03-14T05:52:20.349Z,BeiDou,10,0,10
2026-03-14T05:52:20.351Z,BeiDou,38,0,10
2026-03-14T05:52:20.545Z,SBAS,128,0,8
2026-03-14T05:52:20.552Z,SBAS,129,0,8
2026-03-14T05:52:21.191Z,Galileo,18,0,8
2026-03-14T05:52:21.193Z,Galileo,13,0,8
2026-03-14T05:52:21.199Z,Galileo,27,0,8
2026-03-14T05:52:21.353Z,SBAS,137,0,8
2026-03-14T05:52:21.357Z,Galileo,21,0,8
2026-03-14T05:52:21.359Z,Galileo,23,0,8
2026-03-14T05:52:21.362Z,Galileo,26,0,8
2026-03-14T05:52:21.527Z,SBAS,128,0,8
2026-03-14T05:52:21.531Z,SBAS,129,0,8
2026-03-14T05:52:22.073Z,Galileo,18,0,8
2026-03-14T05:52:22.085Z,Galileo,13,0,8
2026-03-14T05:52:22.091Z,GLONASS,9,5,4
2026-03-14T05:52:22.092Z,GLONASS,19,10,4
2026-03-14T05:52:22.092Z,GLONASS,19,10,4
2026-03-14T05:52:22.092Z,GLONASS,9,5,4
2026-03-14T05:52:22.092Z,Galileo,18,0,8
2026-03-14T05:52:22.092Z,Galileo,13,0,8
2026-03-14T05:52:22.092Z,GLONASS,9,5,4
2026-03-14T05:52:22.093Z,GLONASS,19,10,4
2026-03-14T05:52:22.096Z,GLONASS,20,9,4
2026-03-14T05:52:22.097Z,GLONASS,20,9,4
2026-03-14T05:52:22.097Z,GLONASS,4,13,4
2026-03-14T05:52:22.097Z,GLONASS,10,0,4
2026-03-14T05:52:22.098Z,GLONASS,4,13,4
2026-03-14T05:52:22.099Z,GLONASS,16,6,4
2026-03-14T05:52:22.099Z,GLONASS,18,4,4
2026-03-14T05:52:22.099Z,GLONASS,3,12,4
2026-03-14T05:52:22.099Z,GLONASS,20,9,4
2026-03-14T05:52:22.099Z,GLONASS,4,13,4
2026-03-14T05:52:22.320Z,SBAS,137,0,8
2026-03-14T05:52:22.542Z,SBAS,128,0,8
2026-03-14T05:52:22.545Z,SBAS,129,0,8
2026-03-14T05:52:23.146Z,Galileo,18,0,8
2026-03-14T05:52:23.149Z,Galileo,13,0,8
2026-03-14T05:52:23.151Z,Galileo,27,0,8
2026-03-14T05:52:23.310Z,SBAS,137,0,8
2026-03-14T05:52:23.312Z,Galileo,21,0,8
2026-03-14T05:52:23.314Z,Galileo,23,0,8
2026-03-14T05:52:23.316Z,Galileo,26,0,8
2026-03-14T05:52:23.526Z,SBAS,128,0,8
2026-03-14T05:52:23.530Z,SBAS,129,0,8
2026-03-14T05:52:24.069Z,Galileo,18,0,8
2026-03-14T05:52:24.070Z,GPS,3,0,10
2026-03-14T05:52:24.071Z,Galileo,18,0,8
2026-03-14T05:52:24.071Z,GPS,14,0,10
2026-03-14T05:52:24.075Z,GPS,22,0,10
2026-03-14T05:52:24.075Z,GPS,1,0,10
2026-03-14T05:52:24.075Z,GPS,17,0,10
2026-03-14T05:52:24.080Z,GPS,19,0,10
2026-03-14T05:52:24.083Z,GPS,6,0,10
2026-03-14T05:52:24.089Z,Galileo,13,0,8
2026-03-14T05:52:24.091Z,GLONASS,9,5,4
2026-03-14T05:52:24.091Z,GLONASS,19,10,4
2026-03-14T05:52:24.092Z,GLONASS,19,10,4
2026-03-14T05:52:24.092Z,GLONASS,9,5,4
2026-03-14T05:52:24.092Z,Galileo,13,0,8
2026-03-14T05:52:24.092Z,GLONASS,9,5,4
2026-03-14T05:52:24.092Z,GLONASS,19,10,4
2026-03-14T05:52:24.095Z,GLONASS,20,9,4
2026-03-14T05:52:24.096Z,GLONASS,20,9,4
2026-03-14T05:52:24.097Z,GLONASS,3,12,4
2026-03-14T05:52:24.097Z,GLONASS,10,0,4
2026-03-14T05:52:24.097Z,GLONASS,4,13,4
2026-03-14T05:52:24.098Z,GLONASS,18,4,4
2026-03-14T05:52:24.098Z,GLONASS,18,4,4
2026-03-14T05:52:24.099Z,GLONASS,16,6,4
2026-03-14T05:52:24.099Z,GLONASS,3,12,4
2026-03-14T05:52:24.099Z,GLONASS,20,9,4
2026-03-14T05:52:24.099Z,GLONASS,3,12,4
2026-03-14T05:52:24.099Z,GLONASS,18,4,4
2026-03-14T05:52:24.128Z,QZSS,7,0,10
2026-03-14T05:52:24.128Z,QZSS,2,0,10
2026-03-14T05:52:24.131Z,QZSS,3,0,10
2026-03-14T05:52:24.325Z,SBAS,137,0,8
2026-03-14T05:52:24.542Z,SBAS,128,0,8
2026-03-14T05:52:24.546Z,SBAS,129,0,8
2026-03-14T05:52:25.146Z,Galileo,18,0,8
2026-03-14T05:52:25.149Z,Galileo,13,0,8
2026-03-14T05:52:25.151Z,Galileo,27,0,8
2026-03-14T05:52:25.332Z,SBAS,137,0,8
2026-03-14T05:52:25.334Z,Galileo,21,0,8
2026-03-14T05:52:25.336Z,Galileo,23,0,8
2026-03-14T05:52:25.339Z,Galileo,26,0,8
2026-03-14T05:52:25.529Z,SBAS,128,0,8
2026-03-14T05:52:25.532Z,SBAS,129,0,8
2026-03-14T05:52:26.073Z,Galileo,18,0,8
2026-03-14T05:52:26.092Z,GLONASS,9,5,4
2026-03-14T05:52:26.092Z,GLONASS,19,10,4
2026-03-14T05:52:26.092Z,GLONASS,19,10,4
2026-03-14T05:52:26.092Z,GLONASS,9,5,4
2026-03-14T05:52:26.093Z,Galileo,13,0,8
2026-03-14T05:52:26.093Z,Galileo,18,0,8
2026-03-14T05:52:26.094Z,Galileo,13,0,8
2026-03-14T05:52:26.094Z,GLONASS,9,5,4
2026-03-14T05:52:26.095Z,GLONASS,19,10,4
2026-03-14T05:52:26.097Z,GLONASS,20,9,4
2026-03-14T05:52:26.097Z,GLONASS,3,12,4
2026-03-14T05:52:26.097Z,GLONASS,20,9,4
2026-03-14T05:52:26.099Z,GLONASS,18,4,4
2026-03-14T05:52:26.099Z,GLONASS,16,6,4
2026-03-14T05:52:26.099Z,GLONASS,10,0,4
2026-03-14T05:52:26.099Z,GLONASS,4,13,4
2026-03-14T05:52:26.099Z,GLONASS,3,12,4
2026-03-14T05:52:26.099Z,GLONASS,20,9,4
2026-03-14T05:52:26.099Z,GLONASS,3,12,4
2026-03-14T05:52:26.100Z,GLONASS,18,4,4
2026-03-14T05:52:26.295Z,BeiDou,34,0,10
2026-03-14T05:52:26.299Z,BeiDou,12,0,10
2026-03-14T05:52:26.299Z,BeiDou,11,0,10
2026-03-14T05:52:26.299Z,BeiDou,12,0,10
2026-03-14T05:52:26.300Z,BeiDou,11,0,10
2026-03-14T05:52:26.300Z,BeiDou,12,0,10
2026-03-14T05:52:26.300Z,BeiDou,11,0,10
2026-03-14T05:52:26.301Z,BeiDou,25,0,10
2026-03-14T05:52:26.302Z,BeiDou,44,0,10
2026-03-14T05:52:26.302Z,BeiDou,21,0,10
2026-03-14T05:52:26.305Z,BeiDou,50,0,10
2026-03-14T05:52:26.305Z,BeiDou,43,0,10
2026-03-14T05:52:26.308Z,BeiDou,23,0,10
2026-03-14T05:52:26.308Z,BeiDou,24,0,10
2026-03-14T05:52:26.309Z,BeiDou,42,0,10
2026-03-14T05:52:26.334Z,SBAS,137,0,8
2026-03-14T05:52:26.343Z,BeiDou,56,0,10
2026-03-14T05:52:26.344Z,BeiDou,40,0,10
2026-03-14T05:52:26.345Z,BeiDou,7,0,10
2026-03-14T05:52:26.348Z,BeiDou,10,0,10
2026-03-14T05:52:26.351Z,BeiDou,38,0,10
2026-03-14T05:52:26.357Z,BeiDou,8,0,10
2026-03-14T05:52:26.548Z,SBAS,128,0,8
2026-03-14T05:52:26.552Z,SBAS,129,0,8
2026-03-14T05:52:27.154Z,Galileo,18,0,8
2026-03-14T05:52:27.156Z,Galileo,13,0,8
2026-03-14T05:52:27.159Z,Galileo,27,0,8
2026-03-14T05:52:27.325Z,SBAS,137,0,8
2026-03-14T05:52:27.327Z,Galileo,21,0,8
2026-03-14T05:52:27.330Z,Galileo,23,0,8
2026-03-14T05:52:27.333Z,Galileo,26,0,8
2026-03-14T05:52:27.525Z,SBAS,128,0,8
2026-03-14T05:52:27.529Z,SBAS,129,0,8
2026-03-14T05:52:28.073Z,Galileo,18,0,8
2026-03-14T05:52:28.086Z,Galileo,13,0,8
2026-03-14T05:52:28.091Z,GLONASS,9,5,4
2026-03-14T05:52:28.091Z,GLONASS,19,10,4
2026-03-14T05:52:28.091Z,GLONASS,19,10,4
2026-03-14T05:52:28.092Z,GLONASS,9,5,4
2026-03-14T05:52:28.092Z,Galileo,23,0,8
2026-03-14T05:52:28.092Z,Galileo,18,0,8
2026-03-14T05:52:28.092Z,Galileo,23,0,8
2026-03-14T05:52:28.093Z,Galileo,13,0,8
2026-03-14T05:52:28.093Z,GLONASS,9,5,4
2026-03-14T05:52:28.093Z,GLONASS,19,10,4
2026-03-14T05:52:28.096Z,GLONASS,20,9,4
2026-03-14T05:52:28.096Z,GLONASS,4,13,4
2026-03-14T05:52:28.097Z,GLONASS,20,9,4
2026-03-14T05:52:28.099Z,GLONASS,10,0,4
2026-03-14T05:52:28.099Z,GLONASS,18,4,4
2026-03-14T05:52:28.099Z,GLONASS,16,6,4
2026-03-14T05:52:28.099Z,GLONASS,18,4,4
2026-03-14T05:52:28.099Z,GLONASS,4,13,4
2026-03-14T05:52:28.099Z,GLONASS,3,12,4
2026-03-14T05:52:28.099Z,GLONASS,20,9,4
2026-03-14T05:52:28.100Z,GLONASS,4,13,4
2026-03-14T05:52:28.100Z,GLONASS,18,4,4
2026-03-14T05:52:28.334Z,SBAS,137,0,8
2026-03-14T05:52:28.547Z,SBAS,128,0,8
2026-03-14T05:52:28.553Z,SBAS,129,0,8
2026-03-14T05:52:29.145Z,Galileo,18,0,8
2026-03-14T05:52:29.147Z,Galileo,13,0,8
2026-03-14T05:52:29.150Z,Galileo,27,0,8
2026-03-14T05:52:29.322Z,SBAS,137,0,8
2026-03-14T05:52:29.325Z,Galileo,21,0,8
2026-03-14T05:52:29.327Z,Galileo,23,0,8
2026-03-14T05:52:29.330Z,Galileo,26,0,8
2026-03-14T05:52:29.516Z,SBAS,128,0,8
2026-03-14T05:52:29.519Z,SBAS,129,0,8
2026-03-14T05:52:30.069Z,Galileo,18,0,8
2026-03-14T05:52:30.070Z,GPS,3,0,10
2026-03-14T05:52:30.070Z,Galileo,18,0,8
2026-03-14T05:52:30.071Z,GPS,14,0,10
2026-03-14T05:52:30.074Z,GPS,22,0,10
2026-03-14T05:52:30.074Z,GPS,1,0,10
2026-03-14T05:52:30.075Z,GPS,17,0,10
2026-03-14T05:52:30.080Z,GPS,19,0,10
2026-03-14T05:52:30.082Z,GPS,6,0,10
2026-03-14T05:52:30.083Z,GPS,2,0,10
2026-03-14T05:52:30.091Z,GLONASS,9,5,4
2026-03-14T05:52:30.092Z,GLONASS,19,10,4
2026-03-14T05:52:30.092Z,Galileo,13,0,8
2026-03-14T05:52:30.092Z,GLONASS,19,10,4
2026-03-14T05:52:30.092Z,GLONASS,9,5,4
2026-03-14T05:52:30.092Z,GLONASS,9,5,4
2026-03-14T05:52:30.093Z,GLONASS,19,10,4
2026-03-14T05:52:30.093Z,Galileo,13,0,8
2026-03-14T05:52:30.095Z,Galileo,23,0,8
2026-03-14T05:52:30.095Z,GLONASS,20,9,4
2026-03-14T05:52:30.095Z,Galileo,23,0,8
2026-03-14T05:52:30.096Z,GLONASS,20,9,4
2026-03-14T05:52:30.096Z,GLONASS,4,13,4
2026-03-14T05:52:30.097Z,GLONASS,20,9,4
2026-03-14T05:52:30.097Z,GLONASS,18,4,4
2026-03-14T05:52:30.097Z,GLONASS,18,4,4
2026-03-14T05:52:30.098Z,GLONASS,16,6,4
2026-03-14T05:52:30.098Z,GLONASS,10,0,4
2026-03-14T05:52:30.099Z,GLONASS,4,13,4
2026-03-14T05:52:30.099Z,GLONASS,3,12,4
2026-03-14T05:52:30.099Z,GLONASS,3,12,4
2026-03-14T05:52:30.099Z,GLONASS,4,13,4
2026-03-14T05:52:30.099Z,GLONASS,18,4,4
2026-03-14T05:52:30.127Z,QZSS,7,0,10
2026-03-14T05:52:30.128Z,QZSS,2,0,10
2026-03-14T05:52:30.131Z,QZSS,3,0,10
2026-03-14T05:52:30.326Z,SBAS,137,0,8
2026-03-14T05:52:30.541Z,SBAS,128,0,8
2026-03-14T05:52:30.547Z,SBAS,129,0,8
2026-03-14T05:52:31.172Z,Galileo,18,0,8
2026-03-14T05:52:31.175Z,Galileo,13,0,8
2026-03-14T05:52:31.177Z,Galileo,27,0,8
2026-03-14T05:52:31.333Z,SBAS,137,0,8
2026-03-14T05:52:31.336Z,Galileo,21,0,8
2026-03-14T05:52:31.339Z,Galileo,23,0,8
2026-03-14T05:52:31.342Z,Galileo,26,0,8
2026-03-14T05:52:31.545Z,SBAS,128,0,8
2026-03-14T05:52:31.550Z,SBAS,129,0,8
2026-03-14T05:52:32.077Z,Galileo,18,0,8
2026-03-14T05:52:32.087Z,Galileo,23,0,8
2026-03-14T05:52:32.091Z,GLONASS,9,5,4
2026-03-14T05:52:32.091Z,GLONASS,19,10,4
2026-03-14T05:52:32.092Z,GLONASS,19,10,4
2026-03-14T05:52:32.092Z,GLONASS,9,5,4
2026-03-14T05:52:32.092Z,Galileo,18,0,8
2026-03-14T05:52:32.093Z,Galileo,13,0,8
2026-03-14T05:52:32.093Z,Galileo,23,0,8
2026-03-14T05:52:32.094Z,Galileo,13,0,8
2026-03-14T05:52:32.094Z,GLONASS,9,5,4
2026-03-14T05:52:32.095Z,GLONASS,19,10,4
2026-03-14T05:52:32.095Z,GLONASS,20,9,4
2026-03-14T05:52:32.096Z,GLONASS,4,13,4
2026-03-14T05:52:32.096Z,GLONASS,20,9,4
2026-03-14T05:52:32.096Z,GLONASS,10,0,4
2026-03-14T05:52:32.099Z,GLONASS,18,4,4
2026-03-14T05:52:32.099Z,GLONASS,16,6,4
2026-03-14T05:52:32.099Z,GLONASS,16,6,4
2026-03-14T05:52:32.099Z,GLONASS,4,13,4
2026-03-14T05:52:32.099Z,GLONASS,20,9,4
2026-03-14T05:52:32.099Z,GLONASS,4,13,4
2026-03-14T05:52:32.099Z,GLONASS,18,4,4
2026-03-14T05:52:32.100Z,GLONASS,16,6,4
2026-03-14T05:52:32.154Z,GPS,3,0,10
2026-03-14T05:52:32.157Z,GPS,14,0,10
2026-03-14T05:52:32.165Z,GPS,17,0,10
2026-03-14T05:52:32.180Z,GPS,1,0,10
2026-03-14T05:52:32.276Z,QZSS,7,0,10
2026-03-14T05:52:32.276Z,QZSS,2,0,10
2026-03-14T05:52:32.277Z,QZSS,3,0,10
2026-03-14T05:52:32.295Z,BeiDou,34,0,10
2026-03-14T05:52:32.295Z,GPS,3,0,10
2026-03-14T05:52:32.296Z,GPS,14,0,10
2026-03-14T05:52:32.296Z,GPS,17,0,10
2026-03-14T05:52:32.296Z,GPS,1,0,10
2026-03-14T05:52:32.296Z,QZSS,7,0,10
2026-03-14T05:52:32.296Z,QZSS,2,0,10
2026-03-14T05:52:32.297Z,QZSS,3,0,10
2026-03-14T05:52:32.299Z,BeiDou,12,0,10
2026-03-14T05:52:32.299Z,BeiDou,11,0,10
2026-03-14T05:52:32.300Z,BeiDou,12,0,10
2026-03-14T05:52:32.300Z,BeiDou,11,0,10
2026-03-14T05:52:32.300Z,BeiDou,12,0,10
2026-03-14T05:52:32.300Z,BeiDou,11,0,10
2026-03-14T05:52:32.301Z,BeiDou,25,0,10
2026-03-14T05:52:32.302Z,BeiDou,44,0,10
2026-03-14T05:52:32.302Z,BeiDou,21,0,10
2026-03-14T05:52:32.304Z,BeiDou,50,0,10
2026-03-14T05:52:32.304Z,BeiDou,43,0,10
2026-03-14T05:52:32.307Z,BeiDou,23,0,10
2026-03-14T05:52:32.308Z,BeiDou,24,0,10
2026-03-14T05:52:32.309Z,BeiDou,42,0,10
2026-03-14T05:52:32.343Z,BeiDou,56,0,10
2026-03-14T05:52:32.344Z,BeiDou,40,0,10
2026-03-14T05:52:32.344Z,BeiDou,7,0,10
2026-03-14T05:52:32.348Z,BeiDou,10,0,10
2026-03-14T05:52:32.349Z,BeiDou,10,0,10
2026-03-14T05:52:32.349Z,BeiDou,10,0,10
2026-03-14T05:52:32.350Z,SBAS,137,0,8
2026-03-14T05:52:32.351Z,BeiDou,38,0,10
2026-03-14T05:52:32.565Z,SBAS,128,0,8
2026-03-14T05:52:32.569Z,SBAS,129,0,8
2026-03-14T05:52:33.139Z,Galileo,18,0,8
2026-03-14T05:52:33.141Z,Galileo,13,0,8
2026-03-14T05:52:33.143Z,Galileo,27,0,8
2026-03-14T05:52:33.317Z,SBAS,137,0,8
2026-03-14T05:52:33.319Z,Galileo,21,0,8
2026-03-14T05:52:33.321Z,Galileo,23,0,8
2026-03-14T05:52:33.323Z,Galileo,26,0,8
2026-03-14T05:52:33.526Z,SBAS,128,0,8
2026-03-14T05:52:33.529Z,SBAS,129,0,8
2026-03-14T05:52:34.064Z,Galileo,18,0,8
2026-03-14T05:52:34.084Z,Galileo,13,0,8
2026-03-14T05:52:34.090Z,GLONASS,19,10,4
2026-03-14T05:52:34.091Z,GLONASS,9,5,4
2026-03-14T05:52:34.091Z,GLONASS,19,10,4
2026-03-14T05:52:34.091Z,Galileo,23,0,8
2026-03-14T05:52:34.092Z,GLONASS,9,5,4
2026-03-14T05:52:34.092Z,Galileo,18,0,8
2026-03-14T05:52:34.092Z,Galileo,13,0,8
2026-03-14T05:52:34.092Z,GLONASS,9,5,4
2026-03-14T05:52:34.092Z,GLONASS,19,10,4
2026-03-14T05:52:34.092Z,Galileo,23,0,8
2026-03-14T05:52:34.095Z,GLONASS,20,9,4
2026-03-14T05:52:34.096Z,GLONASS,20,9,4
2026-03-14T05:52:34.096Z,GLONASS,4,13,4
2026-03-14T05:52:34.096Z,GLONASS,10,0,4
2026-03-14T05:52:34.096Z,GLONASS,4,13,4
2026-03-14T05:52:34.097Z,GLONASS,3,12,4
2026-03-14T05:52:34.097Z,GLONASS,18,4,4
2026-03-14T05:52:34.099Z,GLONASS,16,6,4
2026-03-14T05:52:34.099Z,GLONASS,16,6,4
2026-03-14T05:52:34.099Z,GLONASS,20,9,4
2026-03-14T05:52:34.099Z,GLONASS,4,13,4
2026-03-14T05:52:34.099Z,GLONASS,16,6,4
2026-03-14T05:52:34.312Z,SBAS,137,0,8
2026-03-14T05:52:34.532Z,SBAS,128,0,8
2026-03-14T05:52:34.535Z,SBAS,129,0,8
2026-03-14T05:52:35.136Z,Galileo,18,0,8
2026-03-14T05:52:35.139Z,Galileo,13,0,8
2026-03-14T05:52:35.140Z,Galileo,27,0,8
2026-03-14T05:52:35.312Z,SBAS,137,0,8
2026-03-14T05:52:35.314Z,Galileo,21,0,8
2026-03-14T05:52:35.316Z,Galileo,23,0,8
2026-03-14T05:52:35.318Z,Galileo,26,0,8
2026-03-14T05:52:35.519Z,SBAS,128,0,8
2026-03-14T05:52:35.523Z,SBAS,129,0,8
2026-03-14T05:52:36.069Z,Galileo,18,0,8
2026-03-14T05:52:36.070Z,GPS,3,0,10
2026-03-14T05:52:36.070Z,Galileo,18,0,8
2026-03-14T05:52:36.071Z,GPS,14,0,10
2026-03-14T05:52:36.074Z,GPS,22,0,10
2026-03-14T05:52:36.075Z,GPS,1,0,10
2026-03-14T05:52:36.075Z,GPS,17,0,10
2026-03-14T05:52:36.080Z,GPS,19,0,10
2026-03-14T05:52:36.082Z,GPS,6,0,10
2026-03-14T05:52:36.089Z,Galileo,13,0,8
2026-03-14T05:52:36.090Z,GLONASS,19,10,4
2026-03-14T05:52:36.091Z,GLONASS,9,5,4
2026-03-14T05:52:36.091Z,GLONASS,19,10,4
2026-03-14T05:52:36.092Z,GLONASS,9,5,4
2026-03-14T05:52:36.092Z,Galileo,13,0,8
2026-03-14T05:52:36.092Z,GLONASS,19,10,4
2026-03-14T05:52:36.092Z,GLONASS,9,5,4
2026-03-14T05:52:36.094Z,Galileo,23,0,8
2026-03-14T05:52:36.095Z,GLONASS,20,9,4
2026-03-14T05:52:36.095Z,GLONASS,20,9,4
2026-03-14T05:52:36.095Z,Galileo,23,0,8
2026-03-14T05:52:36.096Z,GLONASS,20,9,4
2026-03-14T05:52:36.096Z,GLONASS,4,13,4
2026-03-14T05:52:36.096Z,GLONASS,10,0,4
2026-03-14T05:52:36.096Z,GLONASS,4,13,4
2026-03-14T05:52:36.097Z,GLONASS,4,13,4
2026-03-14T05:52:36.098Z,GLONASS,16,6,4
2026-03-14T05:52:36.098Z,GLONASS,16,6,4
2026-03-14T05:52:36.099Z,GLONASS,16,6,4
2026-03-14T05:52:36.127Z,QZSS,7,0,10
2026-03-14T05:52:36.128Z,QZSS,2,0,10
2026-03-14T05:52:36.131Z,QZSS,3,0,10
2026-03-14T05:52:36.321Z,SBAS,137,0,8
2026-03-14T05:52:36.539Z,SBAS,128,0,8
2026-03-14T05:52:36.544Z,SBAS,129,0,8
2026-03-14T05:52:37.148Z,Galileo,18,0,8
2026-03-14T05:52:37.150Z,Galileo,13,0,8
2026-03-14T05:52:37.152Z,Galileo,27,0,8
2026-03-14T05:52:37.314Z,SBAS,137,0,8
2026-03-14T05:52:37.316Z,Galileo,21,0,8
2026-03-14T05:52:37.318Z,Galileo,23,0,8
2026-03-14T05:52:37.320Z,Galileo,26,0,8
2026-03-14T05:52:37.509Z,SBAS,128,0,8
2026-03-14T05:52:37.512Z,SBAS,129,0,8
2026-03-14T05:52:38.073Z,Galileo,18,0,8
2026-03-14T05:52:38.088Z,Galileo,23,0,8
2026-03-14T05:52:38.090Z,GLONASS,19,10,4
2026-03-14T05:52:38.090Z,GLONASS,19,10,4
2026-03-14T05:52:38.092Z,GLONASS,9,5,4
2026-03-14T05:52:38.092Z,Galileo,18,0,8
2026-03-14T05:52:38.092Z,GLONASS,9,5,4
2026-03-14T05:52:38.092Z,GLONASS,9,5,4
2026-03-14T05:52:38.093Z,Galileo,13,0,8
2026-03-14T05:52:38.093Z,Galileo,13,0,8
2026-03-14T05:52:38.095Z,Galileo,23,0,8
2026-03-14T05:52:38.095Z,GLONASS,20,9,4
2026-03-14T05:52:38.095Z,GLONASS,20,9,4
2026-03-14T05:52:38.096Z,GLONASS,4,13,4
2026-03-14T05:52:38.096Z,GLONASS,4,13,4
2026-03-14T05:52:38.098Z,GLONASS,3,12,4
2026-03-14T05:52:38.098Z,GLONASS,16,6,4
2026-03-14T05:52:38.098Z,GLONASS,16,6,4
2026-03-14T05:52:38.099Z,GLONASS,18,4,4
2026-03-14T05:52:38.099Z,GLONASS,20,9,4
2026-03-14T05:52:38.099Z,GLONASS,4,13,4
2026-03-14T05:52:38.099Z,GLONASS,19,10,4
2026-03-14T05:52:38.099Z,GLONASS,16,6,4
2026-03-14T05:52:38.295Z,BeiDou,34,0,10
2026-03-14T05:52:38.299Z,BeiDou,12,0,10
2026-03-14T05:52:38.299Z,BeiDou,11,0,10
2026-03-14T05:52:38.299Z,BeiDou,12,0,10
2026-03-14T05:52:38.299Z,BeiDou,11,0,10
2026-03-14T05:52:38.299Z,BeiDou,12,0,10
2026-03-14T05:52:38.299Z,BeiDou,11,0,10
2026-03-14T05:52:38.301Z,BeiDou,25,0,10
2026-03-14T05:52:38.302Z,BeiDou,44,0,10
2026-03-14T05:52:38.302Z,BeiDou,21,0,10
2026-03-14T05:52:38.304Z,BeiDou,43,0,10
2026-03-14T05:52:38.307Z,BeiDou,23,0,10
2026-03-14T05:52:38.308Z,BeiDou,24,0,10
2026-03-14T05:52:38.309Z,BeiDou,42,0,10
2026-03-14T05:52:38.336Z,SBAS,137,0,8
2026-03-14T05:52:38.343Z,BeiDou,56,0,10
2026-03-14T05:52:38.344Z,BeiDou,40,0,10
2026-03-14T05:52:38.348Z,BeiDou,10,0,10
2026-03-14T05:52:38.351Z,BeiDou,38,0,10
2026-03-14T05:52:38.358Z,BeiDou,8,0,10
2026-03-14T05:52:38.543Z,SBAS,128,0,8
2026-03-14T05:52:38.544Z,BeiDou,8,0,10
2026-03-14T05:52:38.551Z,SBAS,129,0,8
2026-03-14T05:52:39.146Z,Galileo,18,0,8
2026-03-14T05:52:39.148Z,Galileo,13,0,8
2026-03-14T05:52:39.150Z,Galileo,27,0,8
2026-03-14T05:52:39.314Z,SBAS,137,0,8
2026-03-14T05:52:39.316Z,Galileo,21,0,8
2026-03-14T05:52:39.319Z,Galileo,23,0,8
2026-03-14T05:52:39.320Z,Galileo,26,0,8
2026-03-14T05:52:39.525Z,SBAS,128,0,8
2026-03-14T05:52:39.529Z,SBAS,129,0,8
2026-03-14T05:52:40.067Z,Galileo,18,0,8
2026-03-14T05:52:40.086Z,Galileo,13,0,8
2026-03-14T05:52:40.090Z,GLONASS,19,10,4
2026-03-14T05:52:40.090Z,GLONASS,19,10,4
2026-03-14T05:52:40.092Z,Galileo,23,0,8
2026-03-14T05:52:40.092Z,GLONASS,9,5,4
2026-03-14T05:52:40.092Z,Galileo,18,0,8
2026-03-14T05:52:40.093Z,GLONASS,9,5,4
2026-03-14T05:52:40.093Z,Galileo,23,0,8
2026-03-14T05:52:40.093Z,Galileo,13,0,8
2026-03-14T05:52:40.093Z,GLONASS,19,10,4
2026-03-14T05:52:40.093Z,GLONASS,9,5,4
2026-03-14T05:52:40.095Z,GLONASS,20,9,4
2026-03-14T05:52:40.096Z,GLONASS,10,0,4
2026-03-14T05:52:40.096Z,GLONASS,3,12,4
2026-03-14T05:52:40.098Z,GLONASS,4,13,4
2026-03-14T05:52:40.098Z,GLONASS,20,9,4
2026-03-14T05:52:40.099Z,GLONASS,16,6,4
2026-03-14T05:52:40.099Z,GLONASS,18,4,4
2026-03-14T05:52:40.099Z,GLONASS,4,13,4
2026-03-14T05:52:40.099Z,GLONASS,20,9,4
2026-03-14T05:52:40.099Z,GLONASS,16,6,4
2026-03-14T05:52:40.321Z,SBAS,137,0,8
2026-03-14T05:52:40.545Z,SBAS,128,0,8
2026-03-14T05:52:40.548Z,SBAS,129,0,8
2026-03-14T05:52:41.134Z,Galileo,18,0,8
2026-03-14T05:52:41.138Z,Galileo,13,0,8
2026-03-14T05:52:41.140Z,Galileo,27,0,8
2026-03-14T05:52:41.321Z,SBAS,137,0,8
2026-03-14T05:52:41.323Z,Galileo,21,0,8
2026-03-14T05:52:41.325Z,Galileo,23,0,8
2026-03-14T05:52:41.328Z,Galileo,26,0,8
2026-03-14T05:52:41.515Z,SBAS,128,0,8
2026-03-14T05:52:41.518Z,SBAS,129,0,8
2026-03-14T05:52:42.069Z,Galileo,18,0,8
2026-03-14T05:52:42.070Z,GPS,3,0,10
2026-03-14T05:52:42.070Z,Galileo,18,0,8
2026-03-14T05:52:42.071Z,GPS,14,0,10
2026-03-14T05:52:42.074Z,GPS,22,0,10
2026-03-14T05:52:42.074Z,GPS,1,0,10
2026-03-14T05:52:42.075Z,GPS,17,0,10
2026-03-14T05:52:42.080Z,GPS,19,0,10
2026-03-14T05:52:42.082Z,GPS,6,0,10
2026-03-14T05:52:42.083Z,GPS,2,0,10
2026-03-14T05:52:42.089Z,Galileo,13,0,8
2026-03-14T05:52:42.090Z,GLONASS,19,10,4
2026-03-14T05:52:42.091Z,GLONASS,9,5,4
2026-03-14T05:52:42.091Z,GLONASS,19,10,4
2026-03-14T05:52:42.092Z,GLONASS,9,5,4
2026-03-14T05:52:42.092Z,Galileo,13,0,8
2026-03-14T05:52:42.092Z,GLONASS,19,10,4
2026-03-14T05:52:42.092Z,GLONASS,9,5,4
2026-03-14T05:52:42.095Z,Galileo,23,0,8
2026-03-14T05:52:42.095Z,GLONASS,20,9,4
2026-03-14T05:52:42.095Z,GLONASS,20,9,4
2026-03-14T05:52:42.096Z,Galileo,23,0,8
2026-03-14T05:52:42.096Z,GLONASS,4,13,4
2026-03-14T05:52:42.096Z,GLONASS,10,0,4
2026-03-14T05:52:42.096Z,GLONASS,4,13,4
2026-03-14T05:52:42.097Z,GLONASS,3,12,4
2026-03-14T05:52:42.097Z,GLONASS,18,4,4
2026-03-14T05:52:42.097Z,GLONASS,4,13,4
2026-03-14T05:52:42.098Z,GLONASS,20,9,4
2026-03-14T05:52:42.098Z,GLONASS,16,6,4
2026-03-14T05:52:42.098Z,GLONASS,16,6,4
2026-03-14T05:52:42.099Z,GLONASS,16,6,4
2026-03-14T05:52:42.128Z,QZSS,2,0,10
2026-03-14T05:52:42.131Z,QZSS,3,0,10
2026-03-14T05:52:42.329Z,SBAS,137,0,8
2026-03-14T05:52:42.553Z,SBAS,128,0,8
2026-03-14T05:52:42.556Z,SBAS,129,0,8
2026-03-14T05:52:43.152Z,Galileo,18,0,8
2026-03-14T05:52:43.155Z,Galileo,13,0,8
2026-03-14T05:52:43.156Z,Galileo,27,0,8
2026-03-14T05:52:43.323Z,SBAS,137,0,8
2026-03-14T05:52:43.325Z,Galileo,21,0,8
2026-03-14T05:52:43.328Z,Galileo,23,0,8
2026-03-14T05:52:43.330Z,Galileo,26,0,8
2026-03-14T05:52:43.524Z,SBAS,128,0,8
2026-03-14T05:52:43.528Z,SBAS,129,0,8
2026-03-14T05:52:44.073Z,Galileo,18,0,8
2026-03-14T05:52:44.087Z,Galileo,23,0,8
2026-03-14T05:52:44.090Z,GLONASS,19,10,4
2026-03-14T05:52:44.090Z,GLONASS,19,10,4
2026-03-14T05:52:44.091Z,Galileo,18,0,8
2026-03-14T05:52:44.092Z,GLONASS,9,5,4
2026-03-14T05:52:44.092Z,GLONASS,9,5,4
2026-03-14T05:52:44.093Z,Galileo,13,0,8
2026-03-14T05:52:44.093Z,GLONASS,9,5,4
2026-03-14T05:52:44.093Z,Galileo,23,0,8
2026-03-14T05:52:44.093Z,GLONASS,19,10,4
2026-03-14T05:52:44.094Z,Galileo,13,0,8
2026-03-14T05:52:44.095Z,GLONASS,20,9,4
2026-03-14T05:52:44.095Z,GLONASS,20,9,4
2026-03-14T05:52:44.097Z,GLONASS,20,9,4
2026-03-14T05:52:44.097Z,GLONASS,4,13,4
2026-03-14T05:52:44.098Z,GLONASS,18,4,4
2026-03-14T05:52:44.098Z,GLONASS,16,6,4
2026-03-14T05:52:44.098Z,GLONASS,16,6,4
2026-03-14T05:52:44.098Z,GLONASS,4,13,4
2026-03-14T05:52:44.098Z,GLONASS,3,12,4
2026-03-14T05:52:44.099Z,GLONASS,4,13,4
2026-03-14T05:52:44.099Z,GLONASS,16,6,4
2026-03-14T05:52:44.164Z,GPS,3,0,10
2026-03-14T05:52:44.164Z,GPS,14,0,10
2026-03-14T05:52:44.175Z,GPS,17,0,10
2026-03-14T05:52:44.179Z,GPS,1,0,10
2026-03-14T05:52:44.269Z,QZSS,7,0,10
2026-03-14T05:52:44.269Z,QZSS,2,0,10
2026-03-14T05:52:44.269Z,QZSS,3,0,10
2026-03-14T05:52:44.295Z,BeiDou,34,0,10
2026-03-14T05:52:44.296Z,GPS,3,0,10
2026-03-14T05:52:44.296Z,GPS,14,0,10
2026-03-14T05:52:44.296Z,GPS,17,0,10
2026-03-14T05:52:44.296Z,GPS,1,0,10
2026-03-14T05:52:44.296Z,QZSS,7,0,10
2026-03-14T05:52:44.297Z,QZSS,2,0,10
2026-03-14T05:52:44.297Z,QZSS,3,0,10
2026-03-14T05:52:44.298Z,BeiDou,12,0,10
2026-03-14T05:52:44.298Z,BeiDou,11,0,10
2026-03-14T05:52:44.299Z,BeiDou,12,0,10
2026-03-14T05:52:44.299Z,BeiDou,11,0,10
2026-03-14T05:52:44.299Z,BeiDou,12,0,10
2026-03-14T05:52:44.299Z,BeiDou,11,0,10
2026-03-14T05:52:44.301Z,BeiDou,25,0,10
2026-03-14T05:52:44.302Z,BeiDou,44,0,10
2026-03-14T05:52:44.306Z,BeiDou,50,0,10
2026-03-14T05:52:44.306Z,BeiDou,43,0,10
2026-03-14T05:52:44.307Z,BeiDou,23,0,10
2026-03-14T05:52:44.308Z,BeiDou,24,0,10
2026-03-14T05:52:44.308Z,BeiDou,42,0,10
2026-03-14T05:52:44.338Z,SBAS,137,0,8
2026-03-14T05:52:44.343Z,BeiDou,56,0,10
2026-03-14T05:52:44.344Z,BeiDou,40,0,10
2026-03-14T05:52:44.344Z,BeiDou,7,0,10
2026-03-14T05:52:44.351Z,BeiDou,38,0,10
2026-03-14T05:52:44.357Z,BeiDou,8,0,10
2026-03-14T05:52:44.548Z,SBAS,128,0,8
2026-03-14T05:52:44.553Z,SBAS,129,0,8
2026-03-14T05:52:45.150Z,Galileo,18,0,8
2026-03-14T05:52:45.153Z,Galileo,13,0,8
2026-03-14T05:52:45.155Z,Galileo,27,0,8
2026-03-14T05:52:45.325Z,SBAS,137,0,8
2026-03-14T05:52:45.328Z,Galileo,21,0,8
2026-03-14T05:52:45.330Z,Galileo,23,0,8
2026-03-14T05:52:45.333Z,Galileo,26,0,8
2026-03-14T05:52:45.527Z,SBAS,128,0,8
2026-03-14T05:52:45.531Z,SBAS,129,0,8
2026-03-14T05:52:46.068Z,Galileo,18,0,8
2026-03-14T05:52:46.084Z,Galileo,13,0,8
2026-03-14T05:52:46.090Z,GLONASS,19,10,4
2026-03-14T05:52:46.091Z,Galileo,23,0,8
2026-03-14T05:52:46.091Z,GLONASS,9,5,4
2026-03-14T05:52:46.091Z,GLONASS,19,10,4
2026-03-14T05:52:46.091Z,GLONASS,9,5,4
2026-03-14T05:52:46.092Z,Galileo,18,0,8
2026-03-14T05:52:46.092Z,Galileo,13,0,8
2026-03-14T05:52:46.092Z,GLONASS,19,10,4
2026-03-14T05:52:46.092Z,Galileo,23,0,8
2026-03-14T05:52:46.092Z,GLONASS,9,5,4
2026-03-14T05:52:46.095Z,GLONASS,20,9,4
2026-03-14T05:52:46.095Z,GLONASS,20,9,4
2026-03-14T05:52:46.096Z,GLONASS,20,9,4
2026-03-14T05:52:46.096Z,GLONASS,4,13,4
2026-03-14T05:52:46.096Z,GLONASS,10,0,4
2026-03-14T05:52:46.097Z,GLONASS,18,4,4
2026-03-14T05:52:46.097Z,GLONASS,4,13,4
2026-03-14T05:52:46.098Z,GLONASS,3,12,4
2026-03-14T05:52:46.098Z,GLONASS,16,6,4
2026-03-14T05:52:46.098Z,GLONASS,16,6,4
2026-03-14T05:52:46.098Z,GLONASS,4,13,4
2026-03-14T05:52:46.099Z,GLONASS,18,4,4
2026-03-14T05:52:46.099Z,GLONASS,16,6,4
2026-03-14T05:52:46.329Z,SBAS,137,0,8
2026-03-14T05:52:46.549Z,SBAS,128,0,8
2026-03-14T05:52:46.553Z,SBAS,129,0,8
2026-03-14T05:52:47.166Z,Galileo,18,0,8
2026-03-14T05:52:47.169Z,Galileo,13,0,8
2026-03-14T05:52:47.171Z,Galileo,27,0,8
2026-03-14T05:52:47.314Z,SBAS,137,0,8
2026-03-14T05:52:47.316Z,Galileo,21,0,8
2026-03-14T05:52:47.318Z,Galileo,23,0,8
2026-03-14T05:52:47.319Z,Galileo,26,0,8
2026-03-14T05:52:47.534Z,SBAS,128,0,8
2026-03-14T05:52:47.539Z,SBAS,129,0,8
2026-03-14T05:52:48.074Z,Galileo,18,0,8
2026-03-14T05:52:48.074Z,GPS,3,0,10
2026-03-14T05:52:48.074Z,GPS,14,0,10
2026-03-14T05:52:48.074Z,Galileo,18,0,8
2026-03-14T05:52:48.075Z,GPS,22,0,10
2026-03-14T05:52:48.075Z,GPS,1,0,10
2026-03-14T05:52:48.075Z,GPS,17,0,10
2026-03-14T05:52:48.080Z,GPS,19,0,10
2026-03-14T05:52:48.081Z,GPS,6,0,10
2026-03-14T05:52:48.089Z,Galileo,13,0,8
2026-03-14T05:52:48.092Z,GLONASS,19,10,4
2026-03-14T05:52:48.092Z,GLONASS,9,5,4
2026-03-14T05:52:48.092Z,GLONASS,19,10,4
2026-03-14T05:52:48.092Z,GLONASS,9,5,4
2026-03-14T05:52:48.093Z,Galileo,13,0,8
2026-03-14T05:52:48.094Z,Galileo,23,0,8
2026-03-14T05:52:48.094Z,Galileo,23,0,8
2026-03-14T05:52:48.095Z,GLONASS,20,9,4
2026-03-14T05:52:48.095Z,GLONASS,20,9,4
2026-03-14T05:52:48.096Z,GLONASS,3,12,4
2026-03-14T05:52:48.096Z,GLONASS,4,13,4
2026-03-14T05:52:48.096Z,GLONASS,20,9,4
2026-03-14T05:52:48.097Z,GLONASS,18,4,4
2026-03-14T05:52:48.097Z,GLONASS,18,4,4
2026-03-14T05:52:48.098Z,GLONASS,16,6,4
2026-03-14T05:52:48.098Z,GLONASS,10,0,4
2026-03-14T05:52:48.098Z,GLONASS,4,13,4
2026-03-14T05:52:48.098Z,GLONASS,3,12,4
2026-03-14T05:52:48.098Z,GLONASS,19,10,4
2026-03-14T05:52:48.099Z,GLONASS,9,5,4
2026-03-14T05:52:48.099Z,GLONASS,4,13,4
2026-03-14T05:52:48.099Z,GLONASS,18,4,4
2026-03-14T05:52:48.132Z,QZSS,2,0,10
2026-03-14T05:52:48.133Z,QZSS,3,0,10
2026-03-14T05:52:48.321Z,SBAS,137,0,8
2026-03-14T05:52:48.589Z,SBAS,128,0,8
2026-03-14T05:52:48.593Z,SBAS,129,0,8
2026-03-14T05:52:49.189Z,Galileo,18,0,8
2026-03-14T05:52:49.193Z,Galileo,13,0,8
2026-03-14T05:52:49.196Z,Galileo,27,0,8
2026-03-14T05:52:49.366Z,SBAS,137,0,8
2026-03-14T05:52:49.368Z,Galileo,21,0,8
2026-03-14T05:52:49.370Z,Galileo,23,0,8
2026-03-14T05:52:49.374Z,Galileo,26,0,8
2026-03-14T05:52:49.568Z,SBAS,128,0,8
2026-03-14T05:52:49.574Z,SBAS,129,0,8
2026-03-14T05:52:50.079Z,Galileo,18,0,8
2026-03-14T05:52:50.088Z,Galileo,23,0,8
2026-03-14T05:52:50.089Z,GLONASS,19,10,4
2026-03-14T05:52:50.090Z,Galileo,18,0,8
2026-03-14T05:52:50.090Z,Galileo,23,0,8
2026-03-14T05:52:50.091Z,GLONASS,9,5,4
2026-03-14T05:52:50.092Z,GLONASS,9,5,4
2026-03-14T05:52:50.092Z,GLONASS,9,5,4
2026-03-14T05:52:50.095Z,Galileo,13,0,8
2026-03-14T05:52:50.095Z,GLONASS,20,9,4
2026-03-14T05:52:50.096Z,GLONASS,3,12,4
2026-03-14T05:52:50.096Z,GLONASS,4,13,4
2026-03-14T05:52:50.096Z,GLONASS,20,9,4
2026-03-14T05:52:50.098Z,GLONASS,4,13,4
2026-03-14T05:52:50.098Z,GLONASS,18,4,4
2026-03-14T05:52:50.098Z,GLONASS,16,6,4
2026-03-14T05:52:50.099Z,GLONASS,16,6,4
2026-03-14T05:52:50.099Z,GLONASS,18,4,4
2026-03-14T05:52:50.099Z,GLONASS,3,12,4
2026-03-14T05:52:50.099Z,Galileo,13,0,8
2026-03-14T05:52:50.099Z,GLONASS,20,9,4
2026-03-14T05:52:50.099Z,GLONASS,3,12,4
2026-03-14T05:52:50.100Z,GLONASS,4,13,4
2026-03-14T05:52:50.100Z,GLONASS,18,4,4
2026-03-14T05:52:50.101Z,GLONASS,16,6,4
2026-03-14T05:52:50.295Z,BeiDou,34,0,10
2026-03-14T05:52:50.299Z,BeiDou,12,0,10
2026-03-14T05:52:50.299Z,BeiDou,11,0,10
2026-03-14T05:52:50.299Z,BeiDou,12,0,10
2026-03-14T05:52:50.299Z,BeiDou,11,0,10
2026-03-14T05:52:50.300Z,BeiDou,12,0,10
2026-03-14T05:52:50.300Z,BeiDou,11,0,10
2026-03-14T05:52:50.300Z,BeiDou,25,0,10
2026-03-14T05:52:50.301Z,BeiDou,44,0,10
2026-03-14T05:52:50.304Z,BeiDou,22,0,10
2026-03-14T05:52:50.304Z,BeiDou,43,0,10
2026-03-14T05:52:50.308Z,BeiDou,24,0,10
2026-03-14T05:52:50.308Z,BeiDou,23,0,10
2026-03-14T05:52:50.308Z,BeiDou,42,0,10
2026-03-14T05:52:50.342Z,BeiDou,56,0,10
2026-03-14T05:52:50.344Z,BeiDou,40,0,10
2026-03-14T05:52:50.344Z,BeiDou,7,0,10
2026-03-14T05:52:50.348Z,BeiDou,10,0,10
2026-03-14T05:52:50.348Z,BeiDou,10,0,10
2026-03-14T05:52:50.348Z,BeiDou,10,0,10
2026-03-14T05:52:50.350Z,BeiDou,38,0,10
2026-03-14T05:52:50.589Z,SBAS,128,0,8
2026-03-14T05:52:50.593Z,SBAS,129,0,8
2026-03-14T05:52:50.599Z,SBAS,137,0,8
2026-03-14T05:52:51.176Z,Galileo,18,0,8
2026-03-14T05:52:51.178Z,Galileo,13,0,8
2026-03-14T05:52:51.180Z,Galileo,27,0,8
2026-03-14T05:52:51.329Z,SBAS,137,0,8
2026-03-14T05:52:51.331Z,Galileo,21,0,8
2026-03-14T05:52:51.333Z,Galileo,23,0,8
2026-03-14T05:52:51.335Z,Galileo,26,0,8
2026-03-14T05:52:51.529Z,SBAS,128,0,8
2026-03-14T05:52:51.532Z,SBAS,129,0,8
2026-03-14T05:52:52.068Z,Galileo,18,0,8
2026-03-14T05:52:52.085Z,Galileo,13,0,8
2026-03-14T05:52:52.089Z,GLONASS,19,10,4
2026-03-14T05:52:52.089Z,Galileo,18,0,8
2026-03-14T05:52:52.090Z,Galileo,13,0,8
2026-03-14T05:52:52.091Z,GLONASS,9,5,4
2026-03-14T05:52:52.091Z,GLONASS,9,5,4
2026-03-14T05:52:52.091Z,Galileo,23,0,8
2026-03-14T05:52:52.091Z,GLONASS,9,5,4
2026-03-14T05:52:52.092Z,Galileo,23,0,8
2026-03-14T05:52:52.094Z,GLONASS,20,9,4
2026-03-14T05:52:52.095Z,GLONASS,20,9,4
2026-03-14T05:52:52.096Z,GLONASS,3,12,4
2026-03-14T05:52:52.097Z,GLONASS,4,13,4
2026-03-14T05:52:52.098Z,GLONASS,16,6,4
2026-03-14T05:52:52.098Z,GLONASS,16,6,4
2026-03-14T05:52:52.098Z,GLONASS,18,4,4
2026-03-14T05:52:52.098Z,GLONASS,4,13,4
2026-03-14T05:52:52.098Z,GLONASS,3,12,4
2026-03-14T05:52:52.099Z,GLONASS,20,9,4
2026-03-14T05:52:52.099Z,GLONASS,3,12,4
2026-03-14T05:52:52.099Z,GLONASS,4,13,4
2026-03-14T05:52:52.099Z,GLONASS,16,6,4
2026-03-14T05:52:52.340Z,SBAS,137,0,8
2026-03-14T05:52:52.560Z,SBAS,128,0,8
2026-03-14T05:52:52.564Z,SBAS,129,0,8
2026-03-14T05:52:53.155Z,Galileo,18,0,8
2026-03-14T05:52:53.158Z,Galileo,13,0,8
2026-03-14T05:52:53.159Z,Galileo,27,0,8
2026-03-14T05:52:53.329Z,SBAS,137,0,8
2026-03-14T05:52:53.331Z,Galileo,21,0,8
2026-03-14T05:52:53.333Z,Galileo,23,0,8
2026-03-14T05:52:53.335Z,Galileo,26,0,8
2026-03-14T05:52:53.528Z,SBAS,128,0,8
2026-03-14T05:52:53.531Z,SBAS,129,0,8
2026-03-14T05:52:54.069Z,Galileo,18,0,8
2026-03-14T05:52:54.069Z,GPS,3,0,10
2026-03-14T05:52:54.070Z,Galileo,18,0,8
2026-03-14T05:52:54.071Z,GPS,14,0,10
2026-03-14T05:52:54.073Z,GPS,22,0,10
2026-03-14T05:52:54.074Z,GPS,1,0,10
2026-03-14T05:52:54.074Z,GPS,17,0,10
2026-03-14T05:52:54.081Z,GPS,6,0,10
2026-03-14T05:52:54.082Z,GPS,2,0,10
2026-03-14T05:52:54.083Z,Galileo,21,0,8
2026-03-14T05:52:54.090Z,Galileo,13,0,8
2026-03-14T05:52:54.091Z,GLONASS,19,10,4
2026-03-14T05:52:54.091Z,GLONASS,9,5,4
2026-03-14T05:52:54.091Z,GLONASS,9,5,4
2026-03-14T05:52:54.091Z,Galileo,21,0,8
2026-03-14T05:52:54.092Z,Galileo,13,0,8
2026-03-14T05:52:54.092Z,GLONASS,9,5,4
2026-03-14T05:52:54.095Z,Galileo,23,0,8
2026-03-14T05:52:54.095Z,GLONASS,20,9,4
2026-03-14T05:52:54.095Z,GLONASS,3,12,4
2026-03-14T05:52:54.095Z,GLONASS,20,9,4
2026-03-14T05:52:54.096Z,GLONASS,4,13,4
2026-03-14T05:52:54.096Z,GLONASS,3,12,4
2026-03-14T05:52:54.096Z,GLONASS,18,4,4
2026-03-14T05:52:54.097Z,GLONASS,18,4,4
2026-03-14T05:52:54.098Z,GLONASS,16,6,4
2026-03-14T05:52:54.098Z,Galileo,23,0,8
2026-03-14T05:52:54.098Z,GLONASS,16,6,4
2026-03-14T05:52:54.098Z,GLONASS,16,6,4
2026-03-14T05:52:54.098Z,GLONASS,20,9,4
2026-03-14T05:52:54.098Z,GLONASS,3,12,4
2026-03-14T05:52:54.099Z,GLONASS,18,4,4
2026-03-14T05:52:54.126Z,QZSS,7,0,10
2026-03-14T05:52:54.127Z,QZSS,2,0,10
2026-03-14T05:52:54.130Z,QZSS,3,0,10
2026-03-14T05:52:54.334Z,SBAS,137,0,8
2026-03-14T05:52:54.550Z,SBAS,128,0,8
2026-03-14T05:52:54.554Z,SBAS,129,0,8
2026-03-14T05:52:55.158Z,Galileo,18,0,8
2026-03-14T05:52:55.160Z,Galileo,13,0,8
2026-03-14T05:52:55.162Z,Galileo,27,0,8
2026-03-14T05:52:55.325Z,SBAS,137,0,8
2026-03-14T05:52:55.327Z,Galileo,21,0,8
2026-03-14T05:52:55.328Z,Galileo,23,0,8
2026-03-14T05:52:55.330Z,Galileo,26,0,8
2026-03-14T05:52:55.529Z,SBAS,128,0,8
2026-03-14T05:52:55.533Z,SBAS,129,0,8
2026-03-14T05:52:56.072Z,Galileo,18,0,8
2026-03-14T05:52:56.087Z,Galileo,23,0,8
2026-03-14T05:52:56.089Z,GLONASS,19,10,4
2026-03-14T05:52:56.089Z,Galileo,18,0,8
2026-03-14T05:52:56.089Z,Galileo,23,0,8
2026-03-14T05:52:56.091Z,GLONASS,9,5,4
2026-03-14T05:52:56.091Z,GLONASS,9,5,4
2026-03-14T05:52:56.091Z,GLONASS,9,5,4
2026-03-14T05:52:56.092Z,Galileo,21,0,8
2026-03-14T05:52:56.093Z,Galileo,13,0,8
2026-03-14T05:52:56.094Z,GLONASS,20,9,4
2026-03-14T05:52:56.095Z,GLONASS,20,9,4
2026-03-14T05:52:56.095Z,GLONASS,3,12,4
2026-03-14T05:52:56.095Z,GLONASS,4,13,4
2026-03-14T05:52:56.095Z,GLONASS,3,12,4
2026-03-14T05:52:56.096Z,Galileo,21,0,8
2026-03-14T05:52:56.097Z,Galileo,13,0,8
2026-03-14T05:52:56.097Z,GLONASS,18,4,4
2026-03-14T05:52:56.097Z,GLONASS,16,6,4
2026-03-14T05:52:56.098Z,GLONASS,16,6,4
2026-03-14T05:52:56.098Z,GLONASS,18,4,4
2026-03-14T05:52:56.098Z,GLONASS,18,4,4
2026-03-14T05:52:56.098Z,GLONASS,16,6,4
2026-03-14T05:52:56.098Z,GLONASS,20,9,4
2026-03-14T05:52:56.098Z,GLONASS,3,12,4
2026-03-14T05:52:56.152Z,GPS,3,0,10
2026-03-14T05:52:56.165Z,GPS,14,0,10
2026-03-14T05:52:56.165Z,GPS,17,0,10
2026-03-14T05:52:56.177Z,GPS,1,0,10
2026-03-14T05:52:56.261Z,QZSS,7,0,10
2026-03-14T05:52:56.294Z,BeiDou,34,0,10
2026-03-14T05:52:56.294Z,GPS,3,0,10
2026-03-14T05:52:56.295Z,GPS,14,0,10
2026-03-14T05:52:56.295Z,GPS,17,0,10
2026-03-14T05:52:56.295Z,GPS,1,0,10
2026-03-14T05:52:56.295Z,QZSS,7,0,10
2026-03-14T05:52:56.298Z,BeiDou,12,0,10
2026-03-14T05:52:56.298Z,BeiDou,11,0,10
2026-03-14T05:52:56.298Z,BeiDou,12,0,10
2026-03-14T05:52:56.298Z,BeiDou,11,0,10
2026-03-14T05:52:56.299Z,BeiDou,12,0,10
2026-03-14T05:52:56.299Z,BeiDou,11,0,10
2026-03-14T05:52:56.300Z,BeiDou,25,0,10
2026-03-14T05:52:56.301Z,BeiDou,44,0,10
2026-03-14T05:52:56.301Z,BeiDou,21,0,10
2026-03-14T05:52:56.303Z,BeiDou,22,0,10
2026-03-14T05:52:56.304Z,BeiDou,50,0,10
2026-03-14T05:52:56.304Z,BeiDou,43,0,10
2026-03-14T05:52:56.306Z,BeiDou,23,0,10
2026-03-14T05:52:56.307Z,BeiDou,24,0,10
2026-03-14T05:52:56.308Z,BeiDou,42,0,10
2026-03-14T05:52:56.332Z,SBAS,137,0,8
2026-03-14T05:52:56.342Z,BeiDou,56,0,10
2026-03-14T05:52:56.343Z,BeiDou,40,0,10
2026-03-14T05:52:56.344Z,BeiDou,7,0,10
2026-03-14T05:52:56.347Z,BeiDou,10,0,10
2026-03-14T05:52:56.350Z,BeiDou,38,0,10
2026-03-14T05:52:56.356Z,BeiDou,8,0,10
2026-03-14T05:52:56.463Z,QZSS,2,0,10
2026-03-14T05:52:56.463Z,QZSS,3,0,10
2026-03-14T05:52:56.552Z,SBAS,128,0,8
2026-03-14T05:52:56.552Z,QZSS,2,0,10
2026-03-14T05:52:56.553Z,QZSS,3,0,10
2026-03-14T05:52:56.556Z,SBAS,129,0,8
2026-03-14T05:52:57.145Z,Galileo,18,0,8
2026-03-14T05:52:57.148Z,Galileo,13,0,8
2026-03-14T05:52:57.149Z,Galileo,27,0,8
2026-03-14T05:52:57.328Z,SBAS,137,0,8
2026-03-14T05:52:57.330Z,Galileo,21,0,8
2026-03-14T05:52:57.332Z,Galileo,23,0,8
2026-03-14T05:52:57.334Z,Galileo,26,0,8
2026-03-14T05:52:57.528Z,SBAS,128,0,8
2026-03-14T05:52:57.531Z,SBAS,129,0,8
2026-03-14T05:52:58.063Z,Galileo,18,0,8
2026-03-14T05:52:58.083Z,Galileo,13,0,8
2026-03-14T05:52:58.089Z,GLONASS,19,10,4
2026-03-14T05:52:58.089Z,Galileo,18,0,8
2026-03-14T05:52:58.089Z,Galileo,13,0,8
2026-03-14T05:52:58.090Z,Galileo,23,0,8
2026-03-14T05:52:58.091Z,GLONASS,9,5,4
2026-03-14T05:52:58.091Z,GLONASS,9,5,4
2026-03-14T05:52:58.091Z,Galileo,23,0,8
2026-03-14T05:52:58.091Z,GLONASS,9,5,4
2026-03-14T05:52:58.094Z,GLONASS,20,9,4
2026-03-14T05:52:58.094Z,GLONASS,20,9,4
2026-03-14T05:52:58.095Z,GLONASS,3,12,4
2026-03-14T05:52:58.095Z,GLONASS,10,0,4
2026-03-14T05:52:58.095Z,GLONASS,4,13,4
2026-03-14T05:52:58.095Z,GLONASS,3,12,4
2026-03-14T05:52:58.098Z,GLONASS,18,4,4
2026-03-14T05:52:58.098Z,GLONASS,16,6,4
2026-03-14T05:52:58.098Z,GLONASS,20,9,4
2026-03-14T05:52:58.098Z,GLONASS,16,6,4
2026-03-14T05:52:58.098Z,GLONASS,18,4,4
2026-03-14T05:52:58.098Z,GLONASS,18,4,4
2026-03-14T05:52:58.099Z,GLONASS,3,12,4
2026-03-14T05:52:58.099Z,GLONASS,16,6,4
2026-03-14T05:52:58.276Z,Galileo,21,0,8
2026-03-14T05:52:58.355Z,SBAS,137,0,8
2026-03-14T05:52:58.356Z,Galileo,21,0,8
2026-03-14T05:52:58.579Z,SBAS,128,0,8
2026-03-14T05:52:58.584Z,SBAS,129,0,8
2026-03-14T05:52:59.195Z,Galileo,18,0,8
2026-03-14T05:52:59.198Z,Galileo,13,0,8
2026-03-14T05:52:59.201Z,Galileo,27,0,8
2026-03-14T05:52:59.347Z,SBAS,137,0,8
2026-03-14T05:52:59.349Z,Galileo,21,0,8
2026-03-14T05:52:59.351Z,Galileo,23,0,8
2026-03-14T05:52:59.353Z,Galileo,26,0,8
2026-03-14T05:52:59.530Z,SBAS,128,0,8
2026-03-14T05:52:59.534Z,SBAS,129,0,8
2026-03-14T05:53:00.082Z,Galileo,18,0,8
2026-03-14T05:53:00.082Z,GPS,3,0,10
2026-03-14T05:53:00.082Z,Galileo,18,0,8
2026-03-14T05:53:00.082Z,GPS,14,0,10
2026-03-14T05:53:00.082Z,GPS,22,0,10
2026-03-14T05:53:00.083Z,GPS,1,0,10
2026-03-14T05:53:00.083Z,GPS,17,0,10
2026-03-14T05:53:00.083Z,GPS,6,0,10
2026-03-14T05:53:00.083Z,GPS,2,0,10
2026-03-14T05:53:00.084Z,Galileo,21,0,8
2026-03-14T05:53:00.092Z,Galileo,13,0,8
2026-03-14T05:53:00.092Z,GLONASS,9,5,4
2026-03-14T05:53:00.092Z,GLONASS,19,10,4
2026-03-14T05:53:00.093Z,GLONASS,9,5,4
2026-03-14T05:53:00.093Z,Galileo,23,0,8
2026-03-14T05:53:00.094Z,Galileo,21,0,8
2026-03-14T05:53:00.094Z,GLONASS,20,9,4
2026-03-14T05:53:00.095Z,GLONASS,20,9,4
2026-03-14T05:53:00.095Z,GLONASS,3,12,4
2026-03-14T05:53:00.095Z,GLONASS,10,0,4
2026-03-14T05:53:00.095Z,GLONASS,4,13,4
2026-03-14T05:53:00.095Z,GLONASS,3,12,4
2026-03-14T05:53:00.097Z,GLONASS,18,4,4
2026-03-14T05:53:00.098Z,GLONASS,16,6,4
2026-03-14T05:53:00.098Z,GLONASS,16,6,4
2026-03-14T05:53:00.098Z,GLONASS,18,4,4
2026-03-14T05:53:00.098Z,GLONASS,20,9,4
2026-03-14T05:53:00.098Z,Galileo,13,0,8
2026-03-14T05:53:00.098Z,GLONASS,9,5,4
2026-03-14T05:53:00.099Z,Galileo,23,0,8
2026-03-14T05:53:00.099Z,GLONASS,3,12,4
2026-03-14T05:53:00.100Z,GLONASS,18,4,4
2026-03-14T05:53:00.101Z,GLONASS,16,6,4
2026-03-14T05:53:00.126Z,QZSS,7,0,10
2026-03-14T05:53:00.127Z,QZSS,2,0,10
2026-03-14T05:53:00.130Z,QZSS,3,0,10
2026-03-14T05:53:00.574Z,SBAS,128,0,8
2026-03-14T05:53:00.581Z,SBAS,137,0,8
2026-03-14T05:53:01.166Z,Galileo,18,0,8
2026-03-14T05:53:01.168Z,Galileo,13,0,8
2026-03-14T05:53:01.171Z,Galileo,27,0,8
2026-03-14T05:53:01.361Z,SBAS,137,0,8
2026-03-14T05:53:01.364Z,Galileo,21,0,8
2026-03-14T05:53:01.366Z,Galileo,23,0,8
2026-03-14T05:53:01.369Z,Galileo,26,0,8
2026-03-14T05:53:01.554Z,SBAS,128,0,8
2026-03-14T05:53:01.557Z,SBAS,129,0,8
2026-03-14T05:53:02.072Z,Galileo,18,0,8
2026-03-14T05:53:02.087Z,Galileo,23,0,8
2026-03-14T05:53:02.089Z,GLONASS,19,10,4
2026-03-14T05:53:02.089Z,Galileo,18,0,8
2026-03-14T05:53:02.089Z,Galileo,23,0,8
2026-03-14T05:53:02.090Z,GLONASS,9,5,4
2026-03-14T05:53:02.091Z,GLONASS,9,5,4
2026-03-14T05:53:02.091Z,GLONASS,9,5,4
2026-03-14T05:53:02.092Z,Galileo,21,0,8
2026-03-14T05:53:02.094Z,Galileo,13,0,8
2026-03-14T05:53:02.094Z,GLONASS,20,9,4
2026-03-14T05:53:02.095Z,GLONASS,20,9,4
2026-03-14T05:53:02.095Z,GLONASS,3,12,4
2026-03-14T05:53:02.095Z,GLONASS,10,0,4
2026-03-14T05:53:02.095Z,GLONASS,4,13,4
2026-03-14T05:53:02.096Z,GLONASS,3,12,4
2026-03-14T05:53:02.096Z,GLONASS,18,4,4
2026-03-14T05:53:02.097Z,GLONASS,18,4,4
2026-03-14T05:53:02.098Z,GLONASS,16,6,4
2026-03-14T05:53:02.098Z,GLONASS,16,6,4
2026-03-14T05:53:02.098Z,Galileo,21,0,8
2026-03-14T05:53:02.098Z,Galileo,13,0,8
2026-03-14T05:53:02.098Z,GLONASS,20,9,4
2026-03-14T05:53:02.098Z,GLONASS,3,12,4
2026-03-14T05:53:02.098Z,GLONASS,18,4,4
2026-03-14T05:53:02.099Z,GLONASS,16,6,4
2026-03-14T05:53:02.294Z,BeiDou,34,0,10
2026-03-14T05:53:02.298Z,BeiDou,12,0,10
2026-03-14T05:53:02.298Z,BeiDou,12,0,10
2026-03-14T05:53:02.298Z,BeiDou,11,0,10
2026-03-14T05:53:02.298Z,BeiDou,11,0,10
2026-03-14T05:53:02.298Z,BeiDou,12,0,10
2026-03-14T05:53:02.299Z,BeiDou,11,0,10
2026-03-14T05:53:02.300Z,BeiDou,25,0,10
2026-03-14T05:53:02.301Z,BeiDou,44,0,10
2026-03-14T05:53:02.301Z,BeiDou,21,0,10
2026-03-14T05:53:02.303Z,BeiDou,22,0,10
2026-03-14T05:53:02.304Z,BeiDou,50,0,10
2026-03-14T05:53:02.304Z,BeiDou,43,0,10
2026-03-14T05:53:02.306Z,BeiDou,23,0,10
2026-03-14T05:53:02.307Z,BeiDou,24,0,10
2026-03-14T05:53:02.308Z,BeiDou,42,0,10
2026-03-14T05:53:02.328Z,SBAS,137,0,8
2026-03-14T05:53:02.342Z,BeiDou,56,0,10
2026-03-14T05:53:02.343Z,BeiDou,40,0,10
2026-03-14T05:53:02.343Z,BeiDou,7,0,10
2026-03-14T05:53:02.344Z,BeiDou,7,0,10
2026-03-14T05:53:02.344Z,BeiDou,7,0,10
2026-03-14T05:53:02.347Z,BeiDou,10,0,10
2026-03-14T05:53:02.350Z,BeiDou,38,0,10
2026-03-14T05:53:02.356Z,BeiDou,8,0,10
2026-03-14T05:53:02.357Z,BeiDou,8,0,10
2026-03-14T05:53:02.536Z,SBAS,128,0,8
2026-03-14T05:53:02.536Z,BeiDou,8,0,10
2026-03-14T05:53:02.540Z,SBAS,129,0,8
2026-03-14T05:53:03.146Z,Galileo,18,0,8
2026-03-14T05:53:03.149Z,Galileo,13,0,8
2026-03-14T05:53:03.151Z,Galileo,27,0,8
2026-03-14T05:53:03.314Z,SBAS,137,0,8
2026-03-14T05:53:03.316Z,Galileo,21,0,8
2026-03-14T05:53:03.318Z,Galileo,23,0,8
2026-03-14T05:53:03.319Z,Galileo,26,0,8
2026-03-14T05:53:03.519Z,SBAS,128,0,8
2026-03-14T05:53:03.523Z,SBAS,129,0,8
2026-03-14T05:53:04.065Z,Galileo,18,0,8
2026-03-14T05:53:04.084Z,Galileo,13,0,8
2026-03-14T05:53:04.089Z,GLONASS,19,10,4
2026-03-14T05:53:04.089Z,Galileo,18,0,8
2026-03-14T05:53:04.089Z,Galileo,13,0,8
2026-03-14T05:53:04.090Z,Galileo,23,0,8
2026-03-14T05:53:04.091Z,GLONASS,9,5,4
2026-03-14T05:53:04.091Z,GLONASS,9,5,4
2026-03-14T05:53:04.091Z,Galileo,23,0,8
2026-03-14T05:53:04.091Z,GLONASS,9,5,4
2026-03-14T05:53:04.094Z,GLONASS,20,9,4
2026-03-14T05:53:04.094Z,GLONASS,10,0,4
2026-03-14T05:53:04.095Z,GLONASS,20,9,4
2026-03-14T05:53:04.095Z,GLONASS,3,12,4
2026-03-14T05:53:04.095Z,GLONASS,4,13,4
2026-03-14T05:53:04.095Z,GLONASS,20,9,4
2026-03-14T05:53:04.096Z,GLONASS,3,12,4
2026-03-14T05:53:04.098Z,GLONASS,18,4,4
2026-03-14T05:53:04.098Z,GLONASS,18,4,4
2026-03-14T05:53:04.098Z,GLONASS,16,6,4
2026-03-14T05:53:04.098Z,GLONASS,16,6,4
2026-03-14T05:53:04.098Z,GLONASS,18,4,4
2026-03-14T05:53:04.098Z,GLONASS,16,6,4
2026-03-14T05:53:04.259Z,Galileo,21,0,8
2026-03-14T05:53:04.313Z,SBAS,137,0,8
2026-03-14T05:53:04.314Z,Galileo,21,0,8
2026-03-14T05:53:04.541Z,SBAS,128,0,8
2026-03-14T05:53:04.545Z,SBAS,129,0,8
2026-03-14T05:53:05.142Z,Galileo,18,0,8
2026-03-14T05:53:05.144Z,Galileo,13,0,8
2026-03-14T05:53:05.146Z,Galileo,27,0,8
2026-03-14T05:53:05.327Z,SBAS,137,0,8
2026-03-14T05:53:05.329Z,Galileo,21,0,8
2026-03-14T05:53:05.331Z,Galileo,23,0,8
2026-03-14T05:53:05.333Z,Galileo,26,0,8
2026-03-14T05:53:05.581Z,SBAS,128,0,8
2026-03-14T05:53:05.585Z,SBAS,129,0,8
2026-03-14T05:53:06.068Z,Galileo,18,0,8
2026-03-14T05:53:06.069Z,GPS,3,0,10
2026-03-14T05:53:06.069Z,Galileo,18,0,8
2026-03-14T05:53:06.071Z,GPS,14,0,10
2026-03-14T05:53:06.073Z,GPS,22,0,10
2026-03-14T05:53:06.073Z,GPS,1,0,10
2026-03-14T05:53:06.074Z,GPS,17,0,10
2026-03-14T05:53:06.081Z,GPS,6,0,10
2026-03-14T05:53:06.082Z,GPS,2,0,10
2026-03-14T05:53:06.082Z,Galileo,21,0,8
2026-03-14T05:53:06.089Z,Galileo,13,0,8
2026-03-14T05:53:06.091Z,GLONASS,9,5,4
2026-03-14T05:53:06.091Z,GLONASS,19,10,4
2026-03-14T05:53:06.091Z,GLONASS,9,5,4
2026-03-14T05:53:06.091Z,Galileo,21,0,8
2026-03-14T05:53:06.091Z,Galileo,13,0,8
2026-03-14T05:53:06.092Z,GLONASS,9,5,4
2026-03-14T05:53:06.093Z,Galileo,23,0,8
2026-03-14T05:53:06.094Z,GLONASS,20,9,4
2026-03-14T05:53:06.094Z,GLONASS,20,9,4
2026-03-14T05:53:06.095Z,GLONASS,3,12,4
2026-03-14T05:53:06.095Z,GLONASS,4,13,4
2026-03-14T05:53:06.095Z,GLONASS,3,12,4
2026-03-14T05:53:06.095Z,Galileo,23,0,8
2026-03-14T05:53:06.096Z,GLONASS,18,4,4
2026-03-14T05:53:06.096Z,GLONASS,20,9,4
2026-03-14T05:53:06.097Z,GLONASS,16,6,4
2026-03-14T05:53:06.097Z,GLONASS,16,6,4
2026-03-14T05:53:06.098Z,GLONASS,18,4,4
2026-03-14T05:53:06.098Z,GLONASS,18,4,4
2026-03-14T05:53:06.098Z,GLONASS,16,6,4
2026-03-14T05:53:06.098Z,GLONASS,3,12,4
2026-03-14T05:53:06.126Z,QZSS,7,0,10
2026-03-14T05:53:06.127Z,QZSS,2,0,10
2026-03-14T05:53:06.130Z,QZSS,3,0,10
2026-03-14T05:53:06.335Z,SBAS,137,0,8
2026-03-14T05:53:06.534Z,SBAS,128,0,8
2026-03-14T05:53:06.537Z,SBAS,129,0,8
2026-03-14T05:53:07.165Z,Galileo,18,0,8
2026-03-14T05:53:07.168Z,Galileo,13,0,8
2026-03-14T05:53:07.171Z,Galileo,27,0,8
2026-03-14T05:53:07.328Z,SBAS,137,0,8
2026-03-14T05:53:07.330Z,Galileo,21,0,8
2026-03-14T05:53:07.332Z,Galileo,23,0,8
2026-03-14T05:53:07.335Z,Galileo,26,0,8
2026-03-14T05:53:07.552Z,SBAS,128,0,8
2026-03-14T05:53:07.556Z,SBAS,129,0,8
2026-03-14T05:53:08.072Z,Galileo,18,0,8
2026-03-14T05:53:08.086Z,Galileo,23,0,8
2026-03-14T05:53:08.089Z,GLONASS,19,10,4
2026-03-14T05:53:08.089Z,Galileo,18,0,8
2026-03-14T05:53:08.089Z,Galileo,23,0,8
2026-03-14T05:53:08.091Z,GLONASS,9,5,4
2026-03-14T05:53:08.091Z,GLONASS,9,5,4
2026-03-14T05:53:08.091Z,GLONASS,9,5,4
2026-03-14T05:53:08.092Z,Galileo,21,0,8
2026-03-14T05:53:08.093Z,Galileo,26,0,8
2026-03-14T05:53:08.094Z,GLONASS,20,9,4
2026-03-14T05:53:08.094Z,Galileo,21,0,8
2026-03-14T05:53:08.094Z,Galileo,26,0,8
2026-03-14T05:53:08.095Z,GLONASS,4,13,4
2026-03-14T05:53:08.095Z,GLONASS,3,12,4
2026-03-14T05:53:08.098Z,Galileo,13,0,8
2026-03-14T05:53:08.098Z,GLONASS,20,9,4
2026-03-14T05:53:08.098Z,GLONASS,3,12,4
2026-03-14T05:53:08.098Z,GLONASS,18,4,4
2026-03-14T05:53:08.098Z,GLONASS,16,6,4
2026-03-14T05:53:08.098Z,GLONASS,16,6,4
2026-03-14T05:53:08.098Z,GLONASS,18,4,4
2026-03-14T05:53:08.099Z,Galileo,13,0,8
2026-03-14T05:53:08.099Z,GLONASS,20,9,4
2026-03-14T05:53:08.099Z,GLONASS,3,12,4
2026-03-14T05:53:08.099Z,GLONASS,18,4,4
2026-03-14T05:53:08.099Z,GLONASS,16,6,4
2026-03-14T05:53:08.153Z,GPS,3,0,10
2026-03-14T05:53:08.157Z,GPS,14,0,10
2026-03-14T05:53:08.172Z,GPS,17,0,10
2026-03-14T05:53:08.172Z,GPS,1,0,10
2026-03-14T05:53:08.269Z,QZSS,7,0,10
2026-03-14T05:53:08.270Z,QZSS,2,0,10
2026-03-14T05:53:08.270Z,QZSS,3,0,10
2026-03-14T05:53:08.294Z,BeiDou,34,0,10
2026-03-14T05:53:08.294Z,GPS,3,0,10
2026-03-14T05:53:08.294Z,GPS,14,0,10
2026-03-14T05:53:08.294Z,GPS,17,0,10
2026-03-14T05:53:08.295Z,GPS,1,0,10
2026-03-14T05:53:08.295Z,QZSS,7,0,10
2026-03-14T05:53:08.296Z,QZSS,2,0,10
2026-03-14T05:53:08.296Z,QZSS,3,0,10
2026-03-14T05:53:08.297Z,BeiDou,12,0,10
2026-03-14T05:53:08.298Z,BeiDou,11,0,10
2026-03-14T05:53:08.298Z,BeiDou,12,0,10
2026-03-14T05:53:08.298Z,BeiDou,11,0,10
2026-03-14T05:53:08.298Z,BeiDou,12,0,10
2026-03-14T05:53:08.298Z,BeiDou,11,0,10
2026-03-14T05:53:08.300Z,BeiDou,25,0,10
2026-03-14T05:53:08.301Z,BeiDou,44,0,10
2026-03-14T05:53:08.301Z,BeiDou,21,0,10
2026-03-14T05:53:08.303Z,BeiDou,22,0,10
2026-03-14T05:53:08.303Z,BeiDou,50,0,10
2026-03-14T05:53:08.306Z,BeiDou,23,0,10
2026-03-14T05:53:08.307Z,BeiDou,24,0,10
2026-03-14T05:53:08.307Z,BeiDou,42,0,10
2026-03-14T05:53:08.339Z,SBAS,137,0,8
2026-03-14T05:53:08.342Z,BeiDou,56,0,10
2026-03-14T05:53:08.343Z,BeiDou,40,0,10
2026-03-14T05:53:08.343Z,BeiDou,7,0,10
2026-03-14T05:53:08.347Z,BeiDou,10,0,10
2026-03-14T05:53:08.350Z,BeiDou,38,0,10
2026-03-14T05:53:08.356Z,BeiDou,8,0,10
2026-03-14T05:53:08.356Z,BeiDou,8,0,10
2026-03-14T05:53:08.357Z,BeiDou,8,0,10
2026-03-14T05:53:08.530Z,SBAS,128,0,8
2026-03-14T05:53:08.534Z,SBAS,129,0,8
2026-03-14T05:53:09.182Z,Galileo,18,0,8
2026-03-14T05:53:09.185Z,Galileo,13,0,8
2026-03-14T05:53:09.188Z,Galileo,27,0,8
2026-03-14T05:53:09.344Z,SBAS,137,0,8
2026-03-14T05:53:09.346Z,Galileo,21,0,8
2026-03-14T05:53:09.349Z,Galileo,23,0,8
2026-03-14T05:53:09.351Z,Galileo,26,0,8
2026-03-14T05:53:09.572Z,SBAS,128,0,8
2026-03-14T05:53:09.577Z,SBAS,129,0,8
2026-03-14T05:53:10.069Z,Galileo,18,0,8
2026-03-14T05:53:10.083Z,Galileo,26,0,8
2026-03-14T05:53:10.085Z,Galileo,13,0,8
2026-03-14T05:53:10.089Z,GLONASS,19,10,4
2026-03-14T05:53:10.089Z,Galileo,18,0,8
2026-03-14T05:53:10.089Z,Galileo,26,0,8
2026-03-14T05:53:10.090Z,Galileo,23,0,8
2026-03-14T05:53:10.090Z,GLONASS,9,5,4
2026-03-14T05:53:10.090Z,GLONASS,9,5,4
2026-03-14T05:53:10.091Z,Galileo,23,0,8
2026-03-14T05:53:10.091Z,GLONASS,9,5,4
2026-03-14T05:53:10.091Z,Galileo,13,0,8
2026-03-14T05:53:10.094Z,GLONASS,20,9,4
2026-03-14T05:53:10.094Z,GLONASS,20,9,4
2026-03-14T05:53:10.095Z,GLONASS,3,12,4
2026-03-14T05:53:10.095Z,GLONASS,4,13,4
2026-03-14T05:53:10.095Z,GLONASS,10,0,4
2026-03-14T05:53:10.096Z,GLONASS,4,13,4
2026-03-14T05:53:10.096Z,GLONASS,18,4,4
2026-03-14T05:53:10.096Z,GLONASS,18,4,4
2026-03-14T05:53:10.097Z,GLONASS,16,6,4
2026-03-14T05:53:10.097Z,GLONASS,16,6,4
2026-03-14T05:53:10.097Z,GLONASS,3,12,4
2026-03-14T05:53:10.098Z,GLONASS,20,9,4
2026-03-14T05:53:10.098Z,GLONASS,3,12,4
2026-03-14T05:53:10.098Z,GLONASS,4,13,4
2026-03-14T05:53:10.098Z,GLONASS,18,4,4
2026-03-14T05:53:10.098Z,GLONASS,16,6,4
2026-03-14T05:53:10.268Z,Galileo,21,0,8
2026-03-14T05:53:10.336Z,SBAS,137,0,8
2026-03-14T05:53:10.337Z,Galileo,21,0,8
2026-03-14T05:53:10.524Z,SBAS,128,0,8
2026-03-14T05:53:10.527Z,SBAS,129,0,8
2026-03-14T05:53:11.162Z,Galileo,18,0,8
2026-03-14T05:53:11.164Z,Galileo,13,0,8
2026-03-14T05:53:11.167Z,Galileo,27,0,8
2026-03-14T05:53:11.329Z,SBAS,137,0,8
2026-03-14T05:53:11.331Z,Galileo,21,0,8
2026-03-14T05:53:11.333Z,Galileo,23,0,8
2026-03-14T05:53:11.335Z,Galileo,26,0,8
2026-03-14T05:53:11.566Z,SBAS,128,0,8
2026-03-14T05:53:11.570Z,SBAS,129,0,8
2026-03-14T05:53:12.071Z,Galileo,18,0,8
2026-03-14T05:53:12.071Z,GPS,3,0,10
2026-03-14T05:53:12.071Z,Galileo,18,0,8
2026-03-14T05:53:12.071Z,GPS,14,0,10
2026-03-14T05:53:12.073Z,GPS,22,0,10
2026-03-14T05:53:12.073Z,GPS,1,0,10
2026-03-14T05:53:12.074Z,GPS,17,0,10
2026-03-14T05:53:12.079Z,GPS,19,0,10
2026-03-14T05:53:12.081Z,GPS,6,0,10
2026-03-14T05:53:12.081Z,GPS,2,0,10
2026-03-14T05:53:12.083Z,Galileo,21,0,8
2026-03-14T05:53:12.087Z,Galileo,26,0,8
2026-03-14T05:53:12.091Z,GLONASS,19,10,4
2026-03-14T05:53:12.091Z,Galileo,13,0,8
2026-03-14T05:53:12.091Z,GLONASS,9,5,4
2026-03-14T05:53:12.091Z,GLONASS,19,10,4
2026-03-14T05:53:12.091Z,GLONASS,9,5,4
2026-03-14T05:53:12.091Z,Galileo,21,0,8
2026-03-14T05:53:12.092Z,Galileo,26,0,8
2026-03-14T05:53:12.092Z,GLONASS,19,10,4
2026-03-14T05:53:12.092Z,Galileo,13,0,8
2026-03-14T05:53:12.092Z,GLONASS,9,5,4
2026-03-14T05:53:12.095Z,Galileo,23,0,8
2026-03-14T05:53:12.095Z,GLONASS,20,9,4
2026-03-14T05:53:12.095Z,GLONASS,4,13,4
2026-03-14T05:53:12.095Z,GLONASS,20,9,4
2026-03-14T05:53:12.095Z,GLONASS,10,0,4
2026-03-14T05:53:12.097Z,GLONASS,3,12,4
2026-03-14T05:53:12.097Z,GLONASS,16,6,4
2026-03-14T05:53:12.097Z,GLONASS,16,6,4
2026-03-14T05:53:12.097Z,GLONASS,18,4,4
2026-03-14T05:53:12.098Z,Galileo,23,0,8
2026-03-14T05:53:12.098Z,GLONASS,20,9,4
2026-03-14T05:53:12.098Z,GLONASS,4,13,4
2026-03-14T05:53:12.098Z,GLONASS,16,6,4
2026-03-14T05:53:12.126Z,QZSS,7,0,10
2026-03-14T05:53:12.127Z,QZSS,2,0,10
2026-03-14T05:53:12.130Z,QZSS,3,0,10
2026-03-14T05:53:12.335Z,SBAS,137,0,8
2026-03-14T05:53:12.543Z,SBAS,128,0,8
2026-03-14T05:53:12.547Z,SBAS,129,0,8
2026-03-14T05:53:13.163Z,Galileo,18,0,8
2026-03-14T05:53:13.165Z,Galileo,13,0,8
2026-03-14T05:53:13.167Z,Galileo,27,0,8
2026-03-14T05:53:13.343Z,SBAS,137,0,8
2026-03-14T05:53:13.345Z,Galileo,21,0,8
2026-03-14T05:53:13.347Z,Galileo,23,0,8
2026-03-14T05:53:13.349Z,Galileo,26,0,8
2026-03-14T05:53:13.558Z,SBAS,128,0,8
2026-03-14T05:53:13.562Z,SBAS,129,0,8
2026-03-14T05:53:14.071Z,Galileo,18,0,8
2026-03-14T05:53:14.086Z,Galileo,23,0,8
2026-03-14T05:53:14.089Z,GLONASS,19,10,4
2026-03-14T05:53:14.089Z,GLONASS,19,10,4
2026-03-14T05:53:14.089Z,Galileo,18,0,8
2026-03-14T05:53:14.091Z,Galileo,23,0,8
2026-03-14T05:53:14.091Z,GLONASS,9,5,4
2026-03-14T05:53:14.091Z,GLONASS,9,5,4
2026-03-14T05:53:14.091Z,GLONASS,9,5,4
2026-03-14T05:53:14.092Z,Galileo,21,0,8
2026-03-14T05:53:14.092Z,Galileo,21,0,8
2026-03-14T05:53:14.092Z,GLONASS,19,10,4
2026-03-14T05:53:14.093Z,Galileo,26,0,8
2026-03-14T05:53:14.093Z,Galileo,26,0,8
2026-03-14T05:53:14.094Z,GLONASS,20,9,4
2026-03-14T05:53:14.094Z,Galileo,13,0,8
2026-03-14T05:53:14.095Z,GLONASS,20,9,4
2026-03-14T05:53:14.095Z,GLONASS,10,0,4
2026-03-14T05:53:14.095Z,GLONASS,4,13,4
2026-03-14T05:53:14.095Z,GLONASS,3,12,4
2026-03-14T05:53:14.095Z,Galileo,13,0,8
2026-03-14T05:53:14.096Z,GLONASS,20,9,4
2026-03-14T05:53:14.097Z,GLONASS,16,6,4
2026-03-14T05:53:14.097Z,GLONASS,18,4,4
2026-03-14T05:53:14.294Z,BeiDou,34,0,10
2026-03-14T05:53:14.297Z,BeiDou,12,0,10
2026-03-14T05:53:14.297Z,BeiDou,11,0,10
2026-03-14T05:53:14.297Z,BeiDou,12,0,10
2026-03-14T05:53:14.298Z,BeiDou,11,0,10
2026-03-14T05:53:14.298Z,BeiDou,12,0,10
2026-03-14T05:53:14.298Z,BeiDou,11,0,10
2026-03-14T05:53:14.300Z,BeiDou,25,0,10
2026-03-14T05:53:14.301Z,BeiDou,44,0,10
2026-03-14T05:53:14.301Z,BeiDou,21,0,10
2026-03-14T05:53:14.303Z,BeiDou,22,0,10
2026-03-14T05:53:14.306Z,BeiDou,23,0,10
2026-03-14T05:53:14.331Z,SBAS,137,0,8
2026-03-14T05:53:14.342Z,BeiDou,56,0,10
2026-03-14T05:53:14.343Z,BeiDou,7,0,10
2026-03-14T05:53:14.343Z,BeiDou,40,0,10
2026-03-14T05:53:14.343Z,BeiDou,7,0,10
2026-03-14T05:53:14.344Z,BeiDou,7,0,10
2026-03-14T05:53:14.347Z,BeiDou,10,0,10
2026-03-14T05:53:14.350Z,BeiDou,38,0,10
2026-03-14T05:53:14.527Z,SBAS,128,0,8
2026-03-14T05:53:14.530Z,SBAS,129,0,8
2026-03-14T05:53:15.164Z,Galileo,18,0,8
2026-03-14T05:53:15.165Z,Galileo,13,0,8
2026-03-14T05:53:15.167Z,Galileo,27,0,8
2026-03-14T05:53:15.335Z,SBAS,137,0,8
2026-03-14T05:53:15.337Z,Galileo,21,0,8
2026-03-14T05:53:15.339Z,Galileo,23,0,8
2026-03-14T05:53:15.341Z,Galileo,26,0,8
2026-03-14T05:53:15.533Z,SBAS,128,0,8
2026-03-14T05:53:15.537Z,SBAS,129,0,8
2026-03-14T05:53:16.065Z,Galileo,18,0,8
2026-03-14T05:53:16.083Z,Galileo,26,0,8
2026-03-14T05:53:16.085Z,Galileo,13,0,8
2026-03-14T05:53:16.088Z,GLONASS,19,10,4
2026-03-14T05:53:16.089Z,Galileo,18,0,8
2026-03-14T05:53:16.090Z,GLONASS,19,10,4
2026-03-14T05:53:16.090Z,Galileo,23,0,8
2026-03-14T05:53:16.090Z,GLONASS,9,5,4
2026-03-14T05:53:16.090Z,GLONASS,9,5,4
2026-03-14T05:53:16.091Z,GLONASS,19,10,4
2026-03-14T05:53:16.091Z,Galileo,26,0,8
2026-03-14T05:53:16.091Z,Galileo,13,0,8
2026-03-14T05:53:16.091Z,Galileo,23,0,8
2026-03-14T05:53:16.091Z,GLONASS,9,5,4
2026-03-14T05:53:16.094Z,GLONASS,20,9,4
2026-03-14T05:53:16.094Z,GLONASS,20,9,4
2026-03-14T05:53:16.094Z,GLONASS,10,0,4
2026-03-14T05:53:16.094Z,GLONASS,3,12,4
2026-03-14T05:53:16.095Z,GLONASS,20,9,4
2026-03-14T05:53:16.096Z,GLONASS,18,4,4
2026-03-14T05:53:16.265Z,Galileo,21,0,8
2026-03-14T05:53:16.333Z,SBAS,137,0,8
2026-03-14T05:53:16.334Z,Galileo,21,0,8
2026-03-14T05:53:16.534Z,SBAS,128,0,8
2026-03-14T05:53:16.537Z,SBAS,129,0,8
2026-03-14T05:53:17.162Z,Galileo,18,0,8
2026-03-14T05:53:17.164Z,Galileo,13,0,8
2026-03-14T05:53:17.167Z,Galileo,27,0,8
2026-03-14T05:53:17.335Z,SBAS,137,0,8
2026-03-14T05:53:17.337Z,Galileo,21,0,8
2026-03-14T05:53:17.339Z,Galileo,23,0,8
2026-03-14T05:53:17.341Z,Galileo,26,0,8
2026-03-14T05:53:17.536Z,SBAS,128,0,8
2026-03-14T05:53:17.539Z,SBAS,129,0,8
2026-03-14T05:53:18.067Z,Galileo,18,0,8
2026-03-14T05:53:18.068Z,GPS,3,0,10
2026-03-14T05:53:18.069Z,Galileo,18,0,8
2026-03-14T05:53:18.069Z,GPS,14,0,10
2026-03-14T05:53:18.073Z,GPS,22,0,10
2026-03-14T05:53:18.073Z,GPS,1,0,10
2026-03-14T05:53:18.074Z,GPS,17,0,10
2026-03-14T05:53:18.078Z,GPS,19,0,10
2026-03-14T05:53:18.080Z,GPS,6,0,10
2026-03-14T05:53:18.081Z,GPS,2,0,10
2026-03-14T05:53:18.082Z,Galileo,21,0,8
2026-03-14T05:53:18.087Z,Galileo,26,0,8
2026-03-14T05:53:18.090Z,Galileo,13,0,8
2026-03-14T05:53:18.090Z,GLONASS,9,5,4
2026-03-14T05:53:18.091Z,GLONASS,19,10,4
2026-03-14T05:53:18.091Z,GLONASS,9,5,4
2026-03-14T05:53:18.091Z,Galileo,21,0,8
2026-03-14T05:53:18.091Z,Galileo,26,0,8
2026-03-14T05:53:18.091Z,Galileo,13,0,8
2026-03-14T05:53:18.091Z,GLONASS,9,5,4
2026-03-14T05:53:18.094Z,Galileo,23,0,8
2026-03-14T05:53:18.094Z,GLONASS,20,9,4
2026-03-14T05:53:18.094Z,GLONASS,20,9,4
2026-03-14T05:53:18.094Z,GLONASS,4,13,4
2026-03-14T05:53:18.095Z,GLONASS,10,0,4
2026-03-14T05:53:18.095Z,GLONASS,4,13,4
2026-03-14T05:53:18.095Z,GLONASS,3,12,4
2026-03-14T05:53:18.096Z,Galileo,23,0,8
2026-03-14T05:53:18.096Z,GLONASS,18,4,4
2026-03-14T05:53:18.096Z,GLONASS,20,9,4
2026-03-14T05:53:18.097Z,GLONASS,16,6,4
2026-03-14T05:53:18.097Z,GLONASS,4,13,4
2026-03-14T05:53:18.097Z,GLONASS,16,6,4
2026-03-14T05:53:18.097Z,GLONASS,16,6,4
2026-03-14T05:53:18.126Z,QZSS,7,0,10
2026-03-14T05:53:18.127Z,QZSS,2,0,10
2026-03-14T05:53:18.129Z,QZSS,3,0,10
2026-03-14T05:53:18.359Z,SBAS,137,0,8
2026-03-14T05:53:18.567Z,SBAS,128,0,8
2026-03-14T05:53:18.572Z,SBAS,129,0,8
2026-03-14T05:53:19.190Z,Galileo,18,0,8
2026-03-14T05:53:19.193Z,Galileo,13,0,8
2026-03-14T05:53:19.352Z,SBAS,137,0,8
2026-03-14T05:53:19.354Z,Galileo,21,0,8
2026-03-14T05:53:19.356Z,Galileo,23,0,8
2026-03-14T05:53:19.358Z,Galileo,26,0,8
2026-03-14T05:53:19.560Z,SBAS,128,0,8
2026-03-14T05:53:19.564Z,SBAS,129,0,8
2026-03-14T05:53:20.071Z,Galileo,18,0,8
2026-03-14T05:53:20.085Z,Galileo,23,0,8
2026-03-14T05:53:20.088Z,GLONASS,19,10,4
2026-03-14T05:53:20.089Z,Galileo,18,0,8
2026-03-14T05:53:20.089Z,Galileo,23,0,8
2026-03-14T05:53:20.091Z,GLONASS,9,5,4
2026-03-14T05:53:20.091Z,GLONASS,9,5,4
2026-03-14T05:53:20.091Z,GLONASS,9,5,4
2026-03-14T05:53:20.091Z,Galileo,21,0,8
2026-03-14T05:53:20.092Z,Galileo,21,0,8
2026-03-14T05:53:20.093Z,Galileo,26,0,8
2026-03-14T05:53:20.093Z,GLONASS,20,9,4
2026-03-14T05:53:20.094Z,GLONASS,20,9,4
2026-03-14T05:53:20.094Z,Galileo,13,0,8
2026-03-14T05:53:20.095Z,GLONASS,10,0,4
2026-03-14T05:53:20.095Z,GLONASS,4,13,4
2026-03-14T05:53:20.095Z,GLONASS,3,12,4
2026-03-14T05:53:20.096Z,Galileo,26,0,8
2026-03-14T05:53:20.097Z,GLONASS,16,6,4
2026-03-14T05:53:20.097Z,GLONASS,16,6,4
2026-03-14T05:53:20.097Z,GLONASS,18,4,4
2026-03-14T05:53:20.097Z,GLONASS,16,6,4
2026-03-14T05:53:20.097Z,GLONASS,20,9,4
2026-03-14T05:53:20.098Z,Galileo,13,0,8
2026-03-14T05:53:20.152Z,GPS,3,0,10
2026-03-14T05:53:20.156Z,GPS,14,0,10
2026-03-14T05:53:20.265Z,GPS,17,0,10
2026-03-14T05:53:20.265Z,QZSS,2,0,10
2026-03-14T05:53:20.265Z,QZSS,3,0,10
2026-03-14T05:53:20.265Z,QZSS,7,0,10
2026-03-14T05:53:20.293Z,BeiDou,34,0,10
2026-03-14T05:53:20.294Z,GPS,3,0,10
2026-03-14T05:53:20.294Z,GPS,14,0,10
2026-03-14T05:53:20.294Z,GPS,17,0,10
2026-03-14T05:53:20.294Z,QZSS,2,0,10
2026-03-14T05:53:20.294Z,QZSS,3,0,10
2026-03-14T05:53:20.295Z,QZSS,7,0,10
2026-03-14T05:53:20.297Z,BeiDou,12,0,10
2026-03-14T05:53:20.297Z,BeiDou,11,0,10
2026-03-14T05:53:20.297Z,BeiDou,12,0,10
2026-03-14T05:53:20.297Z,BeiDou,12,0,10
2026-03-14T05:53:20.298Z,BeiDou,11,0,10
2026-03-14T05:53:20.299Z,BeiDou,25,0,10
2026-03-14T05:53:20.300Z,BeiDou,44,0,10
2026-03-14T05:53:20.300Z,BeiDou,21,0,10
2026-03-14T05:53:20.303Z,BeiDou,22,0,10
2026-03-14T05:53:20.303Z,BeiDou,50,0,10
2026-03-14T05:53:20.306Z,BeiDou,23,0,10
2026-03-14T05:53:20.341Z,BeiDou,56,0,10
2026-03-14T05:53:20.343Z,BeiDou,40,0,10
2026-03-14T05:53:20.343Z,BeiDou,7,0,10
2026-03-14T05:53:20.347Z,BeiDou,10,0,10
2026-03-14T05:53:20.347Z,SBAS,137,0,8
2026-03-14T05:53:20.347Z,BeiDou,10,0,10
2026-03-14T05:53:20.349Z,BeiDou,38,0,10
2026-03-14T05:53:20.543Z,SBAS,128,0,8
2026-03-14T05:53:20.547Z,SBAS,129,0,8
2026-03-14T05:53:21.164Z,Galileo,18,0,8
2026-03-14T05:53:21.167Z,Galileo,13,0,8
2026-03-14T05:53:21.168Z,Galileo,27,0,8
2026-03-14T05:53:21.345Z,SBAS,137,0,8
2026-03-14T05:53:21.347Z,Galileo,21,0,8
2026-03-14T05:53:21.349Z,Galileo,23,0,8
2026-03-14T05:53:21.351Z,Galileo,26,0,8
2026-03-14T05:53:21.545Z,SBAS,128,0,8
2026-03-14T05:53:21.549Z,SBAS,129,0,8
2026-03-14T05:53:22.063Z,Galileo,18,0,8
2026-03-14T05:53:22.083Z,Galileo,26,0,8
2026-03-14T05:53:22.084Z,Galileo,13,0,8
2026-03-14T05:53:22.088Z,GLONASS,19,10,4
2026-03-14T05:53:22.088Z,Galileo,18,0,8
2026-03-14T05:53:22.089Z,Galileo,26,0,8
2026-03-14T05:53:22.090Z,Galileo,23,0,8
2026-03-14T05:53:22.090Z,GLONASS,9,5,4
2026-03-14T05:53:22.090Z,GLONASS,9,5,4
2026-03-14T05:53:22.090Z,Galileo,23,0,8
2026-03-14T05:53:22.090Z,GLONASS,9,5,4
2026-03-14T05:53:22.090Z,Galileo,13,0,8
2026-03-14T05:53:22.093Z,GLONASS,20,9,4
2026-03-14T05:53:22.094Z,GLONASS,20,9,4
2026-03-14T05:53:22.094Z,GLONASS,10,0,4
2026-03-14T05:53:22.094Z,GLONASS,4,13,4
2026-03-14T05:53:22.094Z,GLONASS,3,12,4
2026-03-14T05:53:22.095Z,GLONASS,20,9,4
2026-03-14T05:53:22.095Z,GLONASS,18,4,4
2026-03-14T05:53:22.097Z,GLONASS,16,6,4
2026-03-14T05:53:22.097Z,GLONASS,16,6,4
2026-03-14T05:53:22.097Z,GLONASS,16,6,4
2026-03-14T05:53:22.269Z,Galileo,21,0,8
2026-03-14T05:53:22.539Z,SBAS,128,0,8
2026-03-14T05:53:22.540Z,Galileo,21,0,8
2026-03-14T05:53:22.544Z,SBAS,129,0,8
2026-03-14T05:53:23.171Z,Galileo,18,0,8
2026-03-14T05:53:23.174Z,Galileo,13,0,8
2026-03-14T05:53:23.176Z,Galileo,27,0,8
2026-03-14T05:53:23.361Z,SBAS,137,0,8
2026-03-14T05:53:23.363Z,Galileo,21,0,8
2026-03-14T05:53:23.366Z,Galileo,23,0,8
2026-03-14T05:53:23.368Z,Galileo,26,0,8
2026-03-14T05:53:23.557Z,SBAS,128,0,8
2026-03-14T05:53:23.561Z,SBAS,129,0,8
2026-03-14T05:53:24.068Z,Galileo,18,0,8
2026-03-14T05:53:24.069Z,GPS,14,0,10
2026-03-14T05:53:24.069Z,Galileo,18,0,8
2026-03-14T05:53:24.072Z,GPS,22,0,10
2026-03-14T05:53:24.073Z,GPS,1,0,10
2026-03-14T05:53:24.073Z,GPS,17,0,10
2026-03-14T05:53:24.078Z,GPS,19,0,10
2026-03-14T05:53:24.080Z,GPS,6,0,10
2026-03-14T05:53:24.081Z,GPS,2,0,10
2026-03-14T05:53:24.082Z,Galileo,21,0,8
2026-03-14T05:53:24.087Z,Galileo,26,0,8
2026-03-14T05:53:24.089Z,Galileo,13,0,8
2026-03-14T05:53:24.090Z,GLONASS,9,5,4
2026-03-14T05:53:24.090Z,GLONASS,19,10,4
2026-03-14T05:53:24.090Z,GLONASS,9,5,4
2026-03-14T05:53:24.091Z,Galileo,21,0,8
2026-03-14T05:53:24.091Z,Galileo,26,0,8
2026-03-14T05:53:24.091Z,Galileo,13,0,8
2026-03-14T05:53:24.091Z,GLONASS,9,5,4
2026-03-14T05:53:24.093Z,Galileo,23,0,8
2026-03-14T05:53:24.093Z,GLONASS,20,9,4
2026-03-14T05:53:24.094Z,GLONASS,20,9,4
2026-03-14T05:53:24.094Z,GLONASS,4,13,4
2026-03-14T05:53:24.094Z,GLONASS,10,0,4
2026-03-14T05:53:24.094Z,GLONASS,4,13,4
2026-03-14T05:53:24.095Z,GLONASS,3,12,4
2026-03-14T05:53:24.095Z,Galileo,23,0,8
2026-03-14T05:53:24.096Z,GLONASS,18,4,4
2026-03-14T05:53:24.097Z,GLONASS,20,9,4
2026-03-14T05:53:24.097Z,GLONASS,4,13,4
2026-03-14T05:53:24.125Z,QZSS,7,0,10
2026-03-14T05:53:24.126Z,QZSS,2,0,10
2026-03-14T05:53:24.129Z,QZSS,3,0,10
2026-03-14T05:53:24.548Z,SBAS,128,0,8
2026-03-14T05:53:24.553Z,SBAS,129,0,8
2026-03-14T05:53:24.557Z,SBAS,137,0,8
2026-03-14T05:53:25.170Z,Galileo,18,0,8
2026-03-14T05:53:25.173Z,Galileo,13,0,8
2026-03-14T05:53:25.174Z,Galileo,27,0,8
2026-03-14T05:53:25.337Z,Galileo,21,0,8
2026-03-14T05:53:25.338Z,Galileo,23,0,8
2026-03-14T05:53:25.340Z,Galileo,26,0,8
2026-03-14T05:53:25.525Z,SBAS,128,0,8
2026-03-14T05:53:25.529Z,SBAS,129,0,8
2026-03-14T05:53:26.071Z,Galileo,18,0,8
2026-03-14T05:53:26.085Z,Galileo,23,0,8
2026-03-14T05:53:26.088Z,GLONASS,19,10,4
2026-03-14T05:53:26.088Z,Galileo,18,0,8
2026-03-14T05:53:26.088Z,Galileo,23,0,8
2026-03-14T05:53:26.090Z,GLONASS,9,5,4
2026-03-14T05:53:26.090Z,GLONASS,9,5,4
2026-03-14T05:53:26.090Z,GLONASS,9,5,4
2026-03-14T05:53:26.091Z,Galileo,21,0,8
2026-03-14T05:53:26.092Z,Galileo,26,0,8
2026-03-14T05:53:26.093Z,GLONASS,20,9,4
2026-03-14T05:53:26.094Z,GLONASS,20,9,4
2026-03-14T05:53:26.094Z,Galileo,13,0,8
2026-03-14T05:53:26.094Z,GLONASS,4,13,4
2026-03-14T05:53:26.095Z,GLONASS,10,0,4
2026-03-14T05:53:26.095Z,GLONASS,4,13,4
2026-03-14T05:53:26.096Z,GLONASS,18,4,4
2026-03-14T05:53:26.096Z,GLONASS,3,12,4
2026-03-14T05:53:26.097Z,Galileo,21,0,8
2026-03-14T05:53:26.097Z,Galileo,26,0,8
2026-03-14T05:53:26.097Z,GLONASS,20,9,4
2026-03-14T05:53:26.097Z,Galileo,13,0,8
2026-03-14T05:53:26.097Z,GLONASS,4,13,4
2026-03-14T05:53:26.293Z,BeiDou,34,0,10
2026-03-14T05:53:26.297Z,BeiDou,12,0,10
2026-03-14T05:53:26.297Z,BeiDou,11,0,10
2026-03-14T05:53:26.297Z,BeiDou,12,0,10
2026-03-14T05:53:26.297Z,BeiDou,12,0,10
2026-03-14T05:53:26.297Z,BeiDou,11,0,10
2026-03-14T05:53:26.299Z,BeiDou,25,0,10
2026-03-14T05:53:26.300Z,BeiDou,44,0,10
2026-03-14T05:53:26.300Z,BeiDou,21,0,10
2026-03-14T05:53:26.302Z,BeiDou,50,0,10
2026-03-14T05:53:26.305Z,BeiDou,23,0,10
2026-03-14T05:53:26.331Z,SBAS,137,0,8
2026-03-14T05:53:26.341Z,BeiDou,56,0,10
2026-03-14T05:53:26.342Z,BeiDou,40,0,10
2026-03-14T05:53:26.342Z,BeiDou,7,0,10
2026-03-14T05:53:26.346Z,BeiDou,10,0,10
2026-03-14T05:53:26.349Z,BeiDou,38,0,10
2026-03-14T05:53:26.518Z,SBAS,128,0,8
2026-03-14T05:53:26.522Z,SBAS,129,0,8
2026-03-14T05:53:27.159Z,Galileo,18,0,8
2026-03-14T05:53:27.161Z,Galileo,13,0,8
2026-03-14T05:53:27.163Z,Galileo,27,0,8
2026-03-14T05:53:27.327Z,SBAS,137,0,8
2026-03-14T05:53:27.329Z,Galileo,21,0,8
2026-03-14T05:53:27.331Z,Galileo,23,0,8
2026-03-14T05:53:27.333Z,Galileo,26,0,8
2026-03-14T05:53:27.530Z,SBAS,128,0,8
2026-03-14T05:53:27.534Z,SBAS,129,0,8
2026-03-14T05:53:28.065Z,Galileo,18,0,8
2026-03-14T05:53:28.083Z,Galileo,26,0,8
2026-03-14T05:53:28.084Z,Galileo,13,0,8
2026-03-14T05:53:28.088Z,GLONASS,19,10,4
2026-03-14T05:53:28.088Z,Galileo,18,0,8
2026-03-14T05:53:28.088Z,Galileo,26,0,8
2026-03-14T05:53:28.089Z,Galileo,13,0,8
2026-03-14T05:53:28.089Z,Galileo,23,0,8
2026-03-14T05:53:28.090Z,GLONASS,9,5,4
2026-03-14T05:53:28.090Z,GLONASS,9,5,4
2026-03-14T05:53:28.090Z,Galileo,23,0,8
2026-03-14T05:53:28.090Z,GLONASS,9,5,4
2026-03-14T05:53:28.093Z,GLONASS,20,9,4
2026-03-14T05:53:28.094Z,GLONASS,20,9,4
2026-03-14T05:53:28.094Z,GLONASS,10,0,4
2026-03-14T05:53:28.094Z,GLONASS,4,13,4
2026-03-14T05:53:28.094Z,GLONASS,3,12,4
2026-03-14T05:53:28.094Z,GLONASS,20,9,4
2026-03-14T05:53:28.095Z,GLONASS,18,4,4
2026-03-14T05:53:28.096Z,GLONASS,16,6,4
2026-03-14T05:53:28.097Z,GLONASS,16,6,4
2026-03-14T05:53:28.097Z,GLONASS,16,6,4
2026-03-14T05:53:28.259Z,Galileo,21,0,8
2026-03-14T05:53:28.527Z,SBAS,128,0,8
2026-03-14T05:53:28.527Z,Galileo,21,0,8
2026-03-14T05:53:28.530Z,SBAS,129,0,8
2026-03-14T05:53:29.150Z,Galileo,18,0,8
2026-03-14T05:53:29.151Z,Galileo,13,0,8
2026-03-14T05:53:29.153Z,Galileo,27,0,8
2026-03-14T05:53:29.331Z,SBAS,137,0,8
2026-03-14T05:53:29.334Z,Galileo,21,0,8
2026-03-14T05:53:29.335Z,Galileo,23,0,8
2026-03-14T05:53:29.337Z,Galileo,26,0,8
2026-03-14T05:53:29.529Z,SBAS,128,0,8
2026-03-14T05:53:29.533Z,SBAS,129,0,8
2026-03-14T05:53:30.067Z,Galileo,18,0,8
2026-03-14T05:53:30.068Z,GPS,3,0,10
2026-03-14T05:53:30.068Z,Galileo,18,0,8
2026-03-14T05:53:30.069Z,GPS,14,0,10
2026-03-14T05:53:30.072Z,GPS,22,0,10
2026-03-14T05:53:30.072Z,GPS,1,0,10
2026-03-14T05:53:30.073Z,GPS,17,0,10
2026-03-14T05:53:30.078Z,GPS,19,0,10
2026-03-14T05:53:30.080Z,GPS,6,0,10
2026-03-14T05:53:30.081Z,GPS,2,0,10
2026-03-14T05:53:30.081Z,Galileo,21,0,8
2026-03-14T05:53:30.087Z,Galileo,26,0,8
2026-03-14T05:53:30.088Z,Galileo,13,0,8
2026-03-14T05:53:30.090Z,GLONASS,9,5,4
2026-03-14T05:53:30.090Z,GLONASS,19,10,4
2026-03-14T05:53:30.090Z,GLONASS,9,5,4
2026-03-14T05:53:30.090Z,Galileo,21,0,8
2026-03-14T05:53:30.091Z,Galileo,26,0,8
2026-03-14T05:53:30.091Z,Galileo,13,0,8
2026-03-14T05:53:30.091Z,GLONASS,9,5,4
2026-03-14T05:53:30.093Z,Galileo,23,0,8
2026-03-14T05:53:30.093Z,GLONASS,20,9,4
2026-03-14T05:53:30.093Z,GLONASS,20,9,4
2026-03-14T05:53:30.094Z,GLONASS,4,13,4
2026-03-14T05:53:30.094Z,GLONASS,10,0,4
2026-03-14T05:53:30.094Z,GLONASS,3,12,4
2026-03-14T05:53:30.094Z,Galileo,23,0,8
2026-03-14T05:53:30.095Z,GLONASS,20,9,4
2026-03-14T05:53:30.095Z,GLONASS,4,13,4
2026-03-14T05:53:30.095Z,GLONASS,18,4,4
2026-03-14T05:53:30.096Z,GLONASS,16,6,4
2026-03-14T05:53:30.125Z,QZSS,7,0,10
2026-03-14T05:53:30.125Z,GLONASS,16,6,4
2026-03-14T05:53:30.126Z,QZSS,2,0,10
2026-03-14T05:53:30.129Z,QZSS,3,0,10
2026-03-14T05:53:30.331Z,SBAS,137,0,8
2026-03-14T05:53:30.531Z,SBAS,128,0,8
2026-03-14T05:53:30.535Z,SBAS,129,0,8
2026-03-14T05:53:31.160Z,Galileo,18,0,8
2026-03-14T05:53:31.161Z,Galileo,13,0,8
2026-03-14T05:53:31.164Z,Galileo,27,0,8
2026-03-14T05:53:31.329Z,SBAS,137,0,8
2026-03-14T05:53:31.331Z,Galileo,21,0,8
2026-03-14T05:53:31.334Z,Galileo,23,0,8
2026-03-14T05:53:31.336Z,Galileo,26,0,8
2026-03-14T05:53:31.533Z,SBAS,128,0,8
2026-03-14T05:53:31.537Z,SBAS,129,0,8
2026-03-14T05:53:32.071Z,Galileo,18,0,8
2026-03-14T05:53:32.085Z,Galileo,23,0,8
2026-03-14T05:53:32.088Z,GLONASS,19,10,4
2026-03-14T05:53:32.088Z,Galileo,18,0,8
2026-03-14T05:53:32.088Z,Galileo,23,0,8
2026-03-14T05:53:32.090Z,GLONASS,9,5,4
2026-03-14T05:53:32.090Z,GLONASS,9,5,4
2026-03-14T05:53:32.090Z,GLONASS,9,5,4
2026-03-14T05:53:32.091Z,Galileo,21,0,8
2026-03-14T05:53:32.093Z,Galileo,26,0,8
2026-03-14T05:53:32.093Z,GLONASS,20,9,4
2026-03-14T05:53:32.094Z,GLONASS,4,13,4
2026-03-14T05:53:32.094Z,GLONASS,20,9,4
2026-03-14T05:53:32.094Z,GLONASS,10,0,4
2026-03-14T05:53:32.096Z,Galileo,13,0,8
2026-03-14T05:53:32.096Z,GLONASS,18,4,4
2026-03-14T05:53:32.096Z,GLONASS,16,6,4
2026-03-14T05:53:32.097Z,GLONASS,18,4,4
2026-03-14T05:53:32.097Z,GLONASS,4,13,4
2026-03-14T05:53:32.097Z,GLONASS,3,12,4
2026-03-14T05:53:32.097Z,Galileo,21,0,8
2026-03-14T05:53:32.097Z,Galileo,26,0,8
2026-03-14T05:53:32.097Z,GLONASS,20,9,4
2026-03-14T05:53:32.097Z,GLONASS,4,13,4
2026-03-14T05:53:32.098Z,Galileo,13,0,8
2026-03-14T05:53:32.098Z,GLONASS,18,4,4
2026-03-14T05:53:32.153Z,GPS,3,0,10
2026-03-14T05:53:32.167Z,GPS,14,0,10
2026-03-14T05:53:32.167Z,GPS,17,0,10
2026-03-14T05:53:32.168Z,GPS,1,0,10
2026-03-14T05:53:32.266Z,QZSS,7,0,10
2026-03-14T05:53:32.266Z,QZSS,2,0,10
2026-03-14T05:53:32.266Z,QZSS,3,0,10
2026-03-14T05:53:32.293Z,BeiDou,34,0,10
2026-03-14T05:53:32.293Z,GPS,3,0,10
2026-03-14T05:53:32.293Z,GPS,14,0,10
2026-03-14T05:53:32.294Z,GPS,17,0,10
2026-03-14T05:53:32.294Z,GPS,1,0,10
2026-03-14T05:53:32.294Z,QZSS,7,0,10
2026-03-14T05:53:32.294Z,QZSS,2,0,10
2026-03-14T05:53:32.294Z,QZSS,3,0,10
2026-03-14T05:53:32.297Z,BeiDou,12,0,10
2026-03-14T05:53:32.297Z,BeiDou,11,0,10
2026-03-14T05:53:32.297Z,BeiDou,12,0,10
2026-03-14T05:53:32.297Z,BeiDou,12,0,10
2026-03-14T05:53:32.297Z,BeiDou,11,0,10
2026-03-14T05:53:32.299Z,BeiDou,25,0,10
2026-03-14T05:53:32.300Z,BeiDou,44,0,10
2026-03-14T05:53:32.300Z,BeiDou,21,0,10
2026-03-14T05:53:32.302Z,BeiDou,50,0,10
2026-03-14T05:53:32.302Z,BeiDou,43,0,10
2026-03-14T05:53:32.305Z,BeiDou,23,0,10
2026-03-14T05:53:32.340Z,SBAS,137,0,8
2026-03-14T05:53:32.341Z,BeiDou,56,0,10
2026-03-14T05:53:32.342Z,BeiDou,7,0,10
2026-03-14T05:53:32.343Z,BeiDou,40,0,10
2026-03-14T05:53:32.343Z,BeiDou,7,0,10
2026-03-14T05:53:32.343Z,BeiDou,7,0,10
2026-03-14T05:53:32.346Z,BeiDou,10,0,10
2026-03-14T05:53:32.347Z,BeiDou,10,0,10
2026-03-14T05:53:32.347Z,BeiDou,10,0,10
2026-03-14T05:53:32.349Z,BeiDou,38,0,10
2026-03-14T05:53:32.533Z,SBAS,128,0,8
2026-03-14T05:53:32.537Z,SBAS,129,0,8
2026-03-14T05:53:33.161Z,Galileo,18,0,8
2026-03-14T05:53:33.164Z,Galileo,13,0,8
2026-03-14T05:53:33.165Z,Galileo,27,0,8
2026-03-14T05:53:33.355Z,Galileo,21,0,8
2026-03-14T05:53:33.357Z,Galileo,23,0,8
2026-03-14T05:53:33.359Z,Galileo,26,0,8
2026-03-14T05:53:33.551Z,SBAS,128,0,8
2026-03-14T05:53:33.554Z,SBAS,129,0,8
2026-03-14T05:53:33.558Z,SBAS,137,0,8
2026-03-14T05:53:34.070Z,Galileo,18,0,8
2026-03-14T05:53:34.083Z,Galileo,26,0,8
2026-03-14T05:53:34.084Z,Galileo,13,0,8
2026-03-14T05:53:34.088Z,GLONASS,19,10,4
2026-03-14T05:53:34.088Z,Galileo,18,0,8
2026-03-14T05:53:34.088Z,Galileo,26,0,8
2026-03-14T05:53:34.090Z,Galileo,23,0,8
2026-03-14T05:53:34.090Z,GLONASS,9,5,4
2026-03-14T05:53:34.090Z,GLONASS,9,5,4
2026-03-14T05:53:34.090Z,Galileo,23,0,8
2026-03-14T05:53:34.090Z,GLONASS,9,5,4
2026-03-14T05:53:34.091Z,Galileo,13,0,8
2026-03-14T05:53:34.093Z,GLONASS,20,9,4
2026-03-14T05:53:34.093Z,GLONASS,20,9,4
2026-03-14T05:53:34.094Z,GLONASS,4,13,4
2026-03-14T05:53:34.094Z,GLONASS,10,0,4
2026-03-14T05:53:34.094Z,GLONASS,4,13,4
2026-03-14T05:53:34.094Z,GLONASS,3,12,4
2026-03-14T05:53:34.095Z,GLONASS,18,4,4
2026-03-14T05:53:34.095Z,GLONASS,20,9,4
2026-03-14T05:53:34.096Z,GLONASS,16,6,4
2026-03-14T05:53:34.097Z,GLONASS,16,6,4
2026-03-14T05:53:34.097Z,GLONASS,18,4,4
2026-03-14T05:53:34.097Z,GLONASS,18,4,4
2026-03-14T05:53:34.097Z,GLONASS,4,13,4
2026-03-14T05:53:34.097Z,GLONASS,16,6,4
2026-03-14T05:53:34.199Z,Galileo,21,0,8
2026-03-14T05:53:34.347Z,SBAS,137,0,8
2026-03-14T05:53:34.348Z,Galileo,21,0,8
2026-03-14T05:53:34.534Z,SBAS,128,0,8
2026-03-14T05:53:34.538Z,SBAS,129,0,8
2026-03-14T05:53:35.163Z,Galileo,18,0,8
2026-03-14T05:53:35.164Z,Galileo,13,0,8
2026-03-14T05:53:35.167Z,Galileo,27,0,8
2026-03-14T05:53:35.323Z,SBAS,137,0,8
2026-03-14T05:53:35.324Z,Galileo,21,0,8
2026-03-14T05:53:35.326Z,Galileo,23,0,8
2026-03-14T05:53:35.328Z,Galileo,26,0,8
2026-03-14T05:53:35.523Z,SBAS,128,0,8
2026-03-14T05:53:35.527Z,SBAS,129,0,8
2026-03-14T05:53:36.067Z,Galileo,18,0,8
2026-03-14T05:53:36.068Z,GPS,3,0,10
2026-03-14T05:53:36.068Z,Galileo,18,0,8
2026-03-14T05:53:36.069Z,GPS,14,0,10
2026-03-14T05:53:36.072Z,GPS,22,0,10
2026-03-14T05:53:36.072Z,GPS,1,0,10
2026-03-14T05:53:36.073Z,GPS,17,0,10
2026-03-14T05:53:36.080Z,GPS,6,0,10
2026-03-14T05:53:36.081Z,GPS,2,0,10
2026-03-14T05:53:36.081Z,Galileo,21,0,8
2026-03-14T05:53:36.085Z,Galileo,23,0,8
2026-03-14T05:53:36.086Z,Galileo,26,0,8
2026-03-14T05:53:36.088Z,Galileo,13,0,8
2026-03-14T05:53:36.088Z,GLONASS,19,10,4
2026-03-14T05:53:36.090Z,GLONASS,9,5,4
2026-03-14T05:53:36.090Z,GLONASS,9,5,4
2026-03-14T05:53:36.090Z,Galileo,21,0,8
2026-03-14T05:53:36.090Z,Galileo,23,0,8
2026-03-14T05:53:36.091Z,Galileo,26,0,8
2026-03-14T05:53:36.091Z,Galileo,13,0,8
2026-03-14T05:53:36.091Z,GLONASS,9,5,4
2026-03-14T05:53:36.093Z,GLONASS,20,9,4
2026-03-14T05:53:36.093Z,GLONASS,20,9,4
2026-03-14T05:53:36.093Z,GLONASS,20,9,4
2026-03-14T05:53:36.094Z,GLONASS,3,12,4
2026-03-14T05:53:36.094Z,GLONASS,4,13,4
2026-03-14T05:53:36.094Z,GLONASS,4,13,4
2026-03-14T05:53:36.096Z,GLONASS,3,12,4
2026-03-14T05:53:36.096Z,GLONASS,18,4,4
2026-03-14T05:53:36.096Z,GLONASS,16,6,4
2026-03-14T05:53:36.097Z,GLONASS,18,4,4
2026-03-14T05:53:36.097Z,GLONASS,3,12,4
2026-03-14T05:53:36.097Z,GLONASS,4,13,4
2026-03-14T05:53:36.097Z,GLONASS,18,4,4
2026-03-14T05:53:36.125Z,QZSS,7,0,10
2026-03-14T05:53:36.126Z,QZSS,2,0,10
2026-03-14T05:53:36.129Z,QZSS,3,0,10
2026-03-14T05:53:36.334Z,SBAS,137,0,8
2026-03-14T05:53:36.549Z,SBAS,128,0,8
2026-03-14T05:53:36.554Z,SBAS,129,0,8
2026-03-14T05:53:37.143Z,Galileo,18,0,8
2026-03-14T05:53:37.145Z,Galileo,13,0,8
2026-03-14T05:53:37.147Z,Galileo,27,0,8
2026-03-14T05:53:37.327Z,SBAS,137,0,8
2026-03-14T05:53:37.329Z,Galileo,21,0,8
2026-03-14T05:53:37.331Z,Galileo,23,0,8
2026-03-14T05:53:37.334Z,Galileo,26,0,8
2026-03-14T05:53:37.523Z,SBAS,128,0,8
2026-03-14T05:53:37.526Z,SBAS,129,0,8
2026-03-14T05:53:38.071Z,Galileo,18,0,8
2026-03-14T05:53:38.085Z,Galileo,21,0,8
2026-03-14T05:53:38.088Z,GLONASS,19,10,4
2026-03-14T05:53:38.088Z,Galileo,18,0,8
2026-03-14T05:53:38.088Z,Galileo,21,0,8
2026-03-14T05:53:38.089Z,GLONASS,9,5,4
2026-03-14T05:53:38.090Z,GLONASS,9,5,4
2026-03-14T05:53:38.090Z,GLONASS,9,5,4
2026-03-14T05:53:38.091Z,Galileo,23,0,8
2026-03-14T05:53:38.092Z,Galileo,26,0,8
2026-03-14T05:53:38.094Z,Galileo,13,0,8
2026-03-14T05:53:38.094Z,GLONASS,20,9,4
2026-03-14T05:53:38.094Z,GLONASS,3,12,4
2026-03-14T05:53:38.094Z,GLONASS,20,9,4
2026-03-14T05:53:38.094Z,GLONASS,4,13,4
2026-03-14T05:53:38.096Z,GLONASS,18,4,4
2026-03-14T05:53:38.096Z,GLONASS,3,12,4
2026-03-14T05:53:38.097Z,GLONASS,16,6,4
2026-03-14T05:53:38.097Z,GLONASS,18,4,4
2026-03-14T05:53:38.097Z,Galileo,23,0,8
2026-03-14T05:53:38.097Z,Galileo,26,0,8
2026-03-14T05:53:38.097Z,Galileo,13,0,8
2026-03-14T05:53:38.097Z,GLONASS,20,9,4
2026-03-14T05:53:38.098Z,GLONASS,3,12,4
2026-03-14T05:53:38.098Z,GLONASS,18,4,4
2026-03-14T05:53:38.293Z,BeiDou,34,0,10
2026-03-14T05:53:38.296Z,BeiDou,12,0,10
2026-03-14T05:53:38.296Z,BeiDou,11,0,10
2026-03-14T05:53:38.297Z,BeiDou,12,0,10
2026-03-14T05:53:38.297Z,BeiDou,12,0,10
2026-03-14T05:53:38.297Z,BeiDou,11,0,10
2026-03-14T05:53:38.299Z,BeiDou,25,0,10
2026-03-14T05:53:38.300Z,BeiDou,44,0,10
2026-03-14T05:53:38.300Z,BeiDou,21,0,10
2026-03-14T05:53:38.302Z,BeiDou,22,0,10
2026-03-14T05:53:38.302Z,BeiDou,50,0,10
2026-03-14T05:53:38.341Z,BeiDou,56,0,10
2026-03-14T05:53:38.342Z,BeiDou,7,0,10
2026-03-14T05:53:38.349Z,BeiDou,38,0,10
2026-03-14T05:53:38.349Z,BeiDou,7,0,10
2026-03-14T05:53:38.533Z,SBAS,128,0,8
2026-03-14T05:53:38.537Z,SBAS,129,0,8
2026-03-14T05:53:39.167Z,Galileo,18,0,8
2026-03-14T05:53:39.171Z,Galileo,13,0,8
2026-03-14T05:53:39.173Z,Galileo,27,0,8
2026-03-14T05:53:39.336Z,SBAS,137,0,8
2026-03-14T05:53:39.338Z,Galileo,21,0,8
2026-03-14T05:53:39.341Z,Galileo,23,0,8
2026-03-14T05:53:39.343Z,Galileo,26,0,8
2026-03-14T05:53:39.538Z,SBAS,128,0,8
2026-03-14T05:53:39.543Z,SBAS,129,0,8
2026-03-14T05:53:40.070Z,Galileo,18,0,8
2026-03-14T05:53:40.083Z,Galileo,26,0,8
2026-03-14T05:53:40.085Z,Galileo,13,0,8
2026-03-14T05:53:40.088Z,GLONASS,19,10,4
2026-03-14T05:53:40.088Z,Galileo,18,0,8
2026-03-14T05:53:40.088Z,Galileo,26,0,8
2026-03-14T05:53:40.088Z,Galileo,13,0,8
2026-03-14T05:53:40.089Z,GLONASS,9,5,4
2026-03-14T05:53:40.089Z,GLONASS,9,5,4
2026-03-14T05:53:40.090Z,Galileo,21,0,8
2026-03-14T05:53:40.090Z,GLONASS,9,5,4
2026-03-14T05:53:40.090Z,Galileo,21,0,8
2026-03-14T05:53:40.093Z,Galileo,23,0,8
2026-03-14T05:53:40.093Z,GLONASS,20,9,4
2026-03-14T05:53:40.094Z,GLONASS,3,12,4
2026-03-14T05:53:40.094Z,GLONASS,4,13,4
2026-03-14T05:53:40.094Z,GLONASS,20,9,4
2026-03-14T05:53:40.095Z,GLONASS,10,0,4
2026-03-14T05:53:40.095Z,GLONASS,18,4,4
2026-03-14T05:53:40.095Z,GLONASS,18,4,4
2026-03-14T05:53:40.096Z,GLONASS,4,13,4
2026-03-14T05:53:40.096Z,GLONASS,3,12,4
2026-03-14T05:53:40.097Z,Galileo,23,0,8
2026-03-14T05:53:40.097Z,GLONASS,20,9,4
2026-03-14T05:53:40.097Z,GLONASS,3,12,4
2026-03-14T05:53:40.097Z,GLONASS,4,13,4
2026-03-14T05:53:40.097Z,GLONASS,18,4,4
2026-03-14T05:53:40.327Z,SBAS,137,0,8
2026-03-14T05:53:40.528Z,SBAS,128,0,8
2026-03-14T05:53:40.532Z,SBAS,129,0,8
2026-03-14T05:53:41.150Z,Galileo,18,0,8
2026-03-14T05:53:41.153Z,Galileo,13,0,8
2026-03-14T05:53:41.154Z,Galileo,27,0,8
2026-03-14T05:53:41.326Z,SBAS,137,0,8
2026-03-14T05:53:41.328Z,Galileo,21,0,8
2026-03-14T05:53:41.330Z,Galileo,23,0,8
2026-03-14T05:53:41.331Z,Galileo,26,0,8
2026-03-14T05:53:41.522Z,SBAS,128,0,8
2026-03-14T05:53:41.526Z,SBAS,129,0,8
2026-03-14T05:53:42.066Z,Galileo,18,0,8
2026-03-14T05:53:42.068Z,GPS,3,0,10
2026-03-14T05:53:42.068Z,Galileo,18,0,8
2026-03-14T05:53:42.069Z,GPS,14,0,10
2026-03-14T05:53:42.072Z,GPS,22,0,10
2026-03-14T05:53:42.072Z,GPS,1,0,10
2026-03-14T05:53:42.073Z,GPS,17,0,10
2026-03-14T05:53:42.078Z,GPS,19,0,10
2026-03-14T05:53:42.080Z,GPS,6,0,10
2026-03-14T05:53:42.081Z,Galileo,21,0,8
2026-03-14T05:53:42.085Z,Galileo,23,0,8
2026-03-14T05:53:42.086Z,Galileo,26,0,8
2026-03-14T05:53:42.088Z,Galileo,13,0,8
2026-03-14T05:53:42.090Z,GLONASS,9,5,4
2026-03-14T05:53:42.090Z,GLONASS,19,10,4
2026-03-14T05:53:42.090Z,GLONASS,9,5,4
2026-03-14T05:53:42.090Z,Galileo,21,0,8
2026-03-14T05:53:42.090Z,Galileo,23,0,8
2026-03-14T05:53:42.091Z,Galileo,26,0,8
2026-03-14T05:53:42.091Z,Galileo,13,0,8
2026-03-14T05:53:42.091Z,GLONASS,9,5,4
2026-03-14T05:53:42.093Z,GLONASS,20,9,4
2026-03-14T05:53:42.093Z,GLONASS,20,9,4
2026-03-14T05:53:42.094Z,GLONASS,10,0,4
2026-03-14T05:53:42.094Z,GLONASS,4,13,4
2026-03-14T05:53:42.094Z,GLONASS,4,13,4
2026-03-14T05:53:42.094Z,GLONASS,3,12,4
2026-03-14T05:53:42.094Z,GLONASS,20,9,4
2026-03-14T05:53:42.095Z,GLONASS,18,4,4
2026-03-14T05:53:42.095Z,GLONASS,4,13,4
2026-03-14T05:53:42.096Z,GLONASS,16,6,4
2026-03-14T05:53:42.096Z,GLONASS,16,6,4
2026-03-14T05:53:42.096Z,GLONASS,16,6,4
2026-03-14T05:53:42.125Z,QZSS,7,0,10
2026-03-14T05:53:42.126Z,QZSS,2,0,10
2026-03-14T05:53:42.129Z,QZSS,3,0,10
2026-03-14T05:53:42.326Z,SBAS,137,0,8
2026-03-14T05:53:42.516Z,SBAS,128,0,8
2026-03-14T05:53:42.519Z,SBAS,129,0,8
2026-03-14T05:53:43.149Z,Galileo,18,0,8
2026-03-14T05:53:43.152Z,Galileo,13,0,8
2026-03-14T05:53:43.153Z,Galileo,27,0,8
2026-03-14T05:53:43.329Z,Galileo,21,0,8
2026-03-14T05:53:43.331Z,Galileo,23,0,8
2026-03-14T05:53:43.333Z,Galileo,26,0,8
2026-03-14T05:53:43.528Z,SBAS,128,0,8
2026-03-14T05:53:43.532Z,SBAS,129,0,8
2026-03-14T05:53:44.071Z,Galileo,18,0,8
2026-03-14T05:53:44.085Z,Galileo,21,0,8
2026-03-14T05:53:44.088Z,GLONASS,19,10,4
2026-03-14T05:53:44.090Z,Galileo,23,0,8
2026-03-14T05:53:44.090Z,GLONASS,9,5,4
2026-03-14T05:53:44.090Z,GLONASS,19,10,4
2026-03-14T05:53:44.090Z,GLONASS,9,5,4
2026-03-14T05:53:44.090Z,Galileo,18,0,8
2026-03-14T05:53:44.090Z,Galileo,21,0,8
2026-03-14T05:53:44.091Z,Galileo,26,0,8
2026-03-14T05:53:44.091Z,Galileo,26,0,8
2026-03-14T05:53:44.091Z,GLONASS,19,10,4
2026-03-14T05:53:44.091Z,Galileo,23,0,8
2026-03-14T05:53:44.092Z,GLONASS,9,5,4
2026-03-14T05:53:44.092Z,Galileo,13,0,8
2026-03-14T05:53:44.094Z,GLONASS,20,9,4
2026-03-14T05:53:44.094Z,GLONASS,4,13,4
2026-03-14T05:53:44.094Z,Galileo,13,0,8
2026-03-14T05:53:44.094Z,GLONASS,20,9,4
2026-03-14T05:53:44.094Z,GLONASS,10,0,4
2026-03-14T05:53:44.095Z,GLONASS,4,13,4
2026-03-14T05:53:44.096Z,GLONASS,18,4,4
2026-03-14T05:53:44.096Z,GLONASS,16,6,4
2026-03-14T05:53:44.096Z,GLONASS,16,6,4
2026-03-14T05:53:44.096Z,GLONASS,3,12,4
2026-03-14T05:53:44.096Z,GLONASS,20,9,4
2026-03-14T05:53:44.097Z,GLONASS,4,13,4
2026-03-14T05:53:44.097Z,GLONASS,16,6,4
2026-03-14T05:53:44.152Z,GPS,3,0,10
2026-03-14T05:53:44.163Z,GPS,14,0,10
2026-03-14T05:53:44.164Z,GPS,17,0,10
2026-03-14T05:53:44.176Z,GPS,1,0,10
2026-03-14T05:53:44.180Z,GPS,6,0,10
2026-03-14T05:53:44.260Z,QZSS,7,0,10
2026-03-14T05:53:44.260Z,QZSS,2,0,10
2026-03-14T05:53:44.260Z,QZSS,3,0,10
2026-03-14T05:53:44.293Z,BeiDou,34,0,10
2026-03-14T05:53:44.293Z,GPS,3,0,10
2026-03-14T05:53:44.293Z,GPS,14,0,10
2026-03-14T05:53:44.293Z,GPS,17,0,10
2026-03-14T05:53:44.293Z,GPS,1,0,10
2026-03-14T05:53:44.293Z,GPS,6,0,10
2026-03-14T05:53:44.294Z,QZSS,7,0,10
2026-03-14T05:53:44.294Z,QZSS,2,0,10
2026-03-14T05:53:44.294Z,QZSS,3,0,10
2026-03-14T05:53:44.296Z,BeiDou,12,0,10
2026-03-14T05:53:44.296Z,BeiDou,11,0,10
2026-03-14T05:53:44.296Z,BeiDou,12,0,10
2026-03-14T05:53:44.297Z,BeiDou,11,0,10
2026-03-14T05:53:44.297Z,BeiDou,12,0,10
2026-03-14T05:53:44.297Z,BeiDou,11,0,10
2026-03-14T05:53:44.299Z,BeiDou,25,0,10
2026-03-14T05:53:44.299Z,BeiDou,44,0,10
2026-03-14T05:53:44.300Z,BeiDou,21,0,10
2026-03-14T05:53:44.302Z,BeiDou,50,0,10
2026-03-14T05:53:44.306Z,BeiDou,42,0,10
2026-03-14T05:53:44.341Z,BeiDou,56,0,10
2026-03-14T05:53:44.342Z,BeiDou,7,0,10
2026-03-14T05:53:44.342Z,BeiDou,40,0,10
2026-03-14T05:53:44.343Z,BeiDou,7,0,10
2026-03-14T05:53:44.343Z,BeiDou,7,0,10
2026-03-14T05:53:44.349Z,BeiDou,38,0,10
2026-03-14T05:53:44.527Z,SBAS,128,0,8
2026-03-14T05:53:44.531Z,SBAS,129,0,8
2026-03-14T05:53:45.151Z,Galileo,13,0,8
2026-03-14T05:53:45.153Z,Galileo,27,0,8
2026-03-14T05:53:45.330Z,Galileo,21,0,8
2026-03-14T05:53:45.332Z,Galileo,23,0,8
2026-03-14T05:53:45.334Z,Galileo,26,0,8
2026-03-14T05:53:45.526Z,SBAS,128,0,8
2026-03-14T05:53:45.530Z,SBAS,129,0,8
2026-03-14T05:53:46.062Z,Galileo,18,0,8
2026-03-14T05:53:46.082Z,Galileo,26,0,8
2026-03-14T05:53:46.084Z,Galileo,13,0,8
2026-03-14T05:53:46.087Z,GLONASS,19,10,4
2026-03-14T05:53:46.088Z,Galileo,18,0,8
2026-03-14T05:53:46.088Z,GLONASS,19,10,4
2026-03-14T05:53:46.089Z,GLONASS,9,5,4
2026-03-14T05:53:46.089Z,GLONASS,19,10,4
2026-03-14T05:53:46.090Z,Galileo,21,0,8
2026-03-14T05:53:46.090Z,GLONASS,9,5,4
2026-03-14T05:53:46.090Z,GLONASS,9,5,4
2026-03-14T05:53:46.090Z,Galileo,26,0,8
2026-03-14T05:53:46.091Z,Galileo,13,0,8
2026-03-14T05:53:46.091Z,Galileo,21,0,8
2026-03-14T05:53:46.092Z,Galileo,23,0,8
2026-03-14T05:53:46.093Z,GLONASS,20,9,4
2026-03-14T05:53:46.094Z,GLONASS,20,9,4
2026-03-14T05:53:46.094Z,GLONASS,4,13,4
2026-03-14T05:53:46.094Z,GLONASS,10,0,4
2026-03-14T05:53:46.094Z,GLONASS,4,13,4
2026-03-14T05:53:46.095Z,GLONASS,18,4,4
2026-03-14T05:53:46.095Z,GLONASS,3,12,4
2026-03-14T05:53:46.095Z,Galileo,23,0,8
2026-03-14T05:53:46.095Z,GLONASS,20,9,4
2026-03-14T05:53:46.096Z,GLONASS,4,13,4
2026-03-14T05:53:46.096Z,GLONASS,16,6,4
2026-03-14T05:53:46.327Z,SBAS,137,0,8
2026-03-14T05:53:46.529Z,SBAS,128,0,8
2026-03-14T05:53:46.533Z,SBAS,129,0,8
2026-03-14T05:53:47.157Z,Galileo,18,0,8
2026-03-14T05:53:47.159Z,Galileo,13,0,8
2026-03-14T05:53:47.162Z,Galileo,27,0,8
2026-03-14T05:53:47.541Z,SBAS,128,0,8
2026-03-14T05:53:47.546Z,SBAS,129,0,8
2026-03-14T05:53:47.548Z,Galileo,21,0,8
2026-03-14T05:53:47.551Z,Galileo,23,0,8
2026-03-14T05:53:47.553Z,Galileo,26,0,8
2026-03-14T05:53:48.067Z,Galileo,18,0,8
2026-03-14T05:53:48.069Z,GPS,14,0,10
2026-03-14T05:53:48.070Z,Galileo,18,0,8
2026-03-14T05:53:48.072Z,GPS,22,0,10
2026-03-14T05:53:48.072Z,GPS,1,0,10
2026-03-14T05:53:48.073Z,GPS,17,0,10
2026-03-14T05:53:48.077Z,GPS,19,0,10
2026-03-14T05:53:48.079Z,GPS,6,0,10
2026-03-14T05:53:48.080Z,GPS,2,0,10
2026-03-14T05:53:48.081Z,Galileo,21,0,8
2026-03-14T05:53:48.086Z,Galileo,23,0,8
2026-03-14T05:53:48.086Z,Galileo,26,0,8
2026-03-14T05:53:48.088Z,Galileo,13,0,8
2026-03-14T05:53:48.089Z,GLONASS,9,5,4
2026-03-14T05:53:48.089Z,GLONASS,19,10,4
2026-03-14T05:53:48.090Z,GLONASS,9,5,4
2026-03-14T05:53:48.090Z,Galileo,21,0,8
2026-03-14T05:53:48.090Z,Galileo,23,0,8
2026-03-14T05:53:48.091Z,Galileo,26,0,8
2026-03-14T05:53:48.091Z,Galileo,13,0,8
2026-03-14T05:53:48.092Z,GLONASS,9,5,4
2026-03-14T05:53:48.092Z,GLONASS,20,9,4
2026-03-14T05:53:48.094Z,GLONASS,20,9,4
2026-03-14T05:53:48.094Z,GLONASS,3,12,4
2026-03-14T05:53:48.094Z,GLONASS,4,13,4
2026-03-14T05:53:48.094Z,GLONASS,10,0,4
2026-03-14T05:53:48.095Z,GLONASS,18,4,4
2026-03-14T05:53:48.095Z,GLONASS,18,4,4
2026-03-14T05:53:48.096Z,GLONASS,4,13,4
2026-03-14T05:53:48.096Z,GLONASS,16,6,4
2026-03-14T05:53:48.096Z,GLONASS,3,12,4
2026-03-14T05:53:48.096Z,GLONASS,20,9,4
2026-03-14T05:53:48.096Z,GLONASS,3,12,4
2026-03-14T05:53:48.097Z,GLONASS,4,13,4
2026-03-14T05:53:48.097Z,GLONASS,18,4,4
2026-03-14T05:53:48.125Z,QZSS,7,0,10
2026-03-14T05:53:48.126Z,QZSS,2,0,10
2026-03-14T05:53:48.129Z,QZSS,3,0,10
2026-03-14T05:53:48.338Z,SBAS,129,0,8
2026-03-14T05:53:48.538Z,SBAS,128,0,8
2026-03-14T05:53:49.152Z,Galileo,18,0,8
2026-03-14T05:53:49.154Z,Galileo,13,0,8
2026-03-14T05:53:49.156Z,Galileo,27,0,8
2026-03-14T05:53:49.323Z,SBAS,129,0,8
2026-03-14T05:53:49.326Z,Galileo,21,0,8
2026-03-14T05:53:49.328Z,Galileo,23,0,8
2026-03-14T05:53:49.330Z,Galileo,26,0,8
2026-03-14T05:53:49.523Z,SBAS,128,0,8
2026-03-14T05:53:50.071Z,Galileo,18,0,8
2026-03-14T05:53:50.085Z,Galileo,21,0,8
2026-03-14T05:53:50.087Z,GLONASS,19,10,4
2026-03-14T05:53:50.088Z,Galileo,23,0,8
2026-03-14T05:53:50.088Z,Galileo,18,0,8
2026-03-14T05:53:50.089Z,GLONASS,9,5,4
2026-03-14T05:53:50.090Z,GLONASS,9,5,4
2026-03-14T05:53:50.090Z,GLONASS,9,5,4
2026-03-14T05:53:50.090Z,Galileo,21,0,8
2026-03-14T05:53:50.090Z,Galileo,26,0,8
2026-03-14T05:53:50.091Z,Galileo,23,0,8
2026-03-14T05:53:50.091Z,Galileo,26,0,8
2026-03-14T05:53:50.092Z,Galileo,13,0,8
2026-03-14T05:53:50.093Z,GLONASS,20,9,4
2026-03-14T05:53:50.094Z,GLONASS,3,12,4
2026-03-14T05:53:50.094Z,GLONASS,4,13,4
2026-03-14T05:53:50.094Z,GLONASS,20,9,4
2026-03-14T05:53:50.094Z,GLONASS,10,0,4
2026-03-14T05:53:50.095Z,GLONASS,18,4,4
2026-03-14T05:53:50.096Z,GLONASS,16,6,4
2026-03-14T05:53:50.096Z,GLONASS,18,4,4
2026-03-14T05:53:50.096Z,GLONASS,4,13,4
2026-03-14T05:53:50.096Z,GLONASS,3,12,4
2026-03-14T05:53:50.096Z,Galileo,13,0,8
2026-03-14T05:53:50.096Z,GLONASS,20,9,4
2026-03-14T05:53:50.096Z,GLONASS,3,12,4
2026-03-14T05:53:50.097Z,GLONASS,4,13,4
2026-03-14T05:53:50.097Z,GLONASS,18,4,4
2026-03-14T05:53:50.293Z,BeiDou,34,0,10
2026-03-14T05:53:50.296Z,BeiDou,12,0,10
2026-03-14T05:53:50.296Z,BeiDou,11,0,10
2026-03-14T05:53:50.296Z,BeiDou,12,0,10
2026-03-14T05:53:50.296Z,BeiDou,11,0,10
2026-03-14T05:53:50.296Z,BeiDou,12,0,10
2026-03-14T05:53:50.297Z,BeiDou,11,0,10
2026-03-14T05:53:50.298Z,BeiDou,25,0,10
2026-03-14T05:53:50.299Z,BeiDou,44,0,10
2026-03-14T05:53:50.300Z,BeiDou,21,0,10
2026-03-14T05:53:50.302Z,BeiDou,22,0,10
2026-03-14T05:53:50.302Z,BeiDou,50,0,10
2026-03-14T05:53:50.302Z,BeiDou,43,0,10
2026-03-14T05:53:50.304Z,BeiDou,23,0,10
2026-03-14T05:53:50.328Z,SBAS,129,0,8
2026-03-14T05:53:50.340Z,BeiDou,56,0,10
2026-03-14T05:53:50.342Z,BeiDou,7,0,10
2026-03-14T05:53:50.342Z,BeiDou,40,0,10
2026-03-14T05:53:50.342Z,BeiDou,7,0,10
2026-03-14T05:53:50.343Z,BeiDou,7,0,10
2026-03-14T05:53:50.348Z,BeiDou,38,0,10
2026-03-14T05:53:50.354Z,BeiDou,8,0,10
2026-03-14T05:53:50.515Z,SBAS,128,0,8
2026-03-14T05:53:51.156Z,Galileo,18,0,8
2026-03-14T05:53:51.158Z,Galileo,13,0,8
2026-03-14T05:53:51.160Z,Galileo,27,0,8
2026-03-14T05:53:51.326Z,SBAS,129,0,8
2026-03-14T05:53:51.329Z,Galileo,21,0,8
2026-03-14T05:53:51.330Z,Galileo,23,0,8
2026-03-14T05:53:51.333Z,Galileo,26,0,8
2026-03-14T05:53:51.526Z,SBAS,128,0,8
2026-03-14T05:53:52.062Z,Galileo,18,0,8
2026-03-14T05:53:52.082Z,Galileo,13,0,8
2026-03-14T05:53:52.086Z,Galileo,26,0,8
2026-03-14T05:53:52.087Z,GLONASS,19,10,4
2026-03-14T05:53:52.087Z,Galileo,18,0,8
2026-03-14T05:53:52.088Z,Galileo,13,0,8
2026-03-14T05:53:52.088Z,Galileo,26,0,8
2026-03-14T05:53:52.089Z,GLONASS,9,5,4
2026-03-14T05:53:52.089Z,GLONASS,9,5,4
2026-03-14T05:53:52.089Z,Galileo,21,0,8
2026-03-14T05:53:52.089Z,GLONASS,9,5,4
2026-03-14T05:53:52.090Z,Galileo,21,0,8
2026-03-14T05:53:52.092Z,Galileo,23,0,8
2026-03-14T05:53:52.093Z,GLONASS,20,9,4
2026-03-14T05:53:52.093Z,GLONASS,20,9,4
2026-03-14T05:53:52.094Z,GLONASS,3,12,4
2026-03-14T05:53:52.094Z,GLONASS,4,13,4
2026-03-14T05:53:52.094Z,GLONASS,10,0,4
2026-03-14T05:53:52.095Z,GLONASS,18,4,4
2026-03-14T05:53:52.095Z,GLONASS,18,4,4
2026-03-14T05:53:52.096Z,GLONASS,16,6,4
2026-03-14T05:53:52.096Z,GLONASS,4,13,4
2026-03-14T05:53:52.096Z,GLONASS,3,12,4
2026-03-14T05:53:52.096Z,Galileo,23,0,8
2026-03-14T05:53:52.096Z,GLONASS,20,9,4
2026-03-14T05:53:52.096Z,GLONASS,3,12,4
2026-03-14T05:53:52.097Z,GLONASS,4,13,4
2026-03-14T05:53:52.097Z,GLONASS,18,4,4
2026-03-14T05:53:52.318Z,SBAS,129,0,8
2026-03-14T05:53:52.529Z,SBAS,128,0,8
2026-03-14T05:53:53.147Z,Galileo,18,0,8
2026-03-14T05:53:53.149Z,Galileo,13,0,8
2026-03-14T05:53:53.151Z,Galileo,27,0,8
2026-03-14T05:53:53.326Z,SBAS,129,0,8
2026-03-14T05:53:53.327Z,Galileo,21,0,8
2026-03-14T05:53:53.330Z,Galileo,23,0,8
2026-03-14T05:53:53.332Z,Galileo,26,0,8
2026-03-14T05:53:53.521Z,SBAS,128,0,8
2026-03-14T05:53:54.066Z,Galileo,18,0,8
2026-03-14T05:53:54.067Z,GPS,3,0,10
2026-03-14T05:53:54.067Z,Galileo,18,0,8
2026-03-14T05:53:54.068Z,GPS,14,0,10
2026-03-14T05:53:54.071Z,GPS,22,0,10
2026-03-14T05:53:54.072Z,GPS,1,0,10
2026-03-14T05:53:54.072Z,GPS,17,0,10
2026-03-14T05:53:54.079Z,GPS,6,0,10
2026-03-14T05:53:54.080Z,GPS,2,0,10
2026-03-14T05:53:54.081Z,Galileo,21,0,8
2026-03-14T05:53:54.084Z,Galileo,23,0,8
2026-03-14T05:53:54.086Z,Galileo,13,0,8
2026-03-14T05:53:54.087Z,GLONASS,19,10,4
2026-03-14T05:53:54.087Z,Galileo,21,0,8
2026-03-14T05:53:54.088Z,Galileo,23,0,8
2026-03-14T05:53:54.088Z,Galileo,13,0,8
2026-03-14T05:53:54.089Z,GLONASS,9,5,4
2026-03-14T05:53:54.089Z,GLONASS,9,5,4
2026-03-14T05:53:54.089Z,GLONASS,9,5,4
2026-03-14T05:53:54.090Z,Galileo,26,0,8
2026-03-14T05:53:54.092Z,GLONASS,20,9,4
2026-03-14T05:53:54.093Z,Galileo,26,0,8
2026-03-14T05:53:54.093Z,GLONASS,20,9,4
2026-03-14T05:53:54.093Z,GLONASS,3,12,4
2026-03-14T05:53:54.094Z,GLONASS,4,13,4
2026-03-14T05:53:54.094Z,GLONASS,20,9,4
2026-03-14T05:53:54.094Z,GLONASS,4,13,4
2026-03-14T05:53:54.094Z,GLONASS,18,4,4
2026-03-14T05:53:54.095Z,GLONASS,18,4,4
2026-03-14T05:53:54.095Z,GLONASS,3,12,4
2026-03-14T05:53:54.096Z,GLONASS,16,6,4
2026-03-14T05:53:54.096Z,GLONASS,16,6,4
2026-03-14T05:53:54.096Z,GLONASS,3,12,4
2026-03-14T05:53:54.096Z,GLONASS,4,13,4
2026-03-14T05:53:54.096Z,GLONASS,18,4,4
2026-03-14T05:53:54.096Z,GLONASS,16,6,4
2026-03-14T05:53:54.126Z,QZSS,2,0,10
2026-03-14T05:53:54.128Z,QZSS,3,0,10
2026-03-14T05:53:54.320Z,SBAS,129,0,8
2026-03-14T05:53:54.523Z,SBAS,128,0,8
2026-03-14T05:53:55.146Z,Galileo,18,0,8
2026-03-14T05:53:55.147Z,Galileo,13,0,8
2026-03-14T05:53:55.149Z,Galileo,27,0,8
2026-03-14T05:53:55.318Z,Galileo,21,0,8
2026-03-14T05:53:55.320Z,Galileo,23,0,8
2026-03-14T05:53:55.323Z,Galileo,26,0,8
2026-03-14T05:53:56.070Z,Galileo,18,0,8
2026-03-14T05:53:56.082Z,Galileo,26,0,8
2026-03-14T05:53:56.085Z,Galileo,21,0,8
2026-03-14T05:53:56.087Z,GLONASS,19,10,4
2026-03-14T05:53:56.087Z,Galileo,18,0,8
2026-03-14T05:53:56.087Z,Galileo,26,0,8
2026-03-14T05:53:56.088Z,Galileo,21,0,8
2026-03-14T05:53:56.089Z,GLONASS,9,5,4
2026-03-14T05:53:56.089Z,GLONASS,9,5,4
2026-03-14T05:53:56.089Z,GLONASS,9,5,4
2026-03-14T05:53:56.090Z,Galileo,13,0,8
2026-03-14T05:53:56.091Z,Galileo,13,0,8
2026-03-14T05:53:56.092Z,Galileo,23,0,8
2026-03-14T05:53:56.092Z,GLONASS,20,9,4
2026-03-14T05:53:56.092Z,Galileo,23,0,8
2026-03-14T05:53:56.093Z,GLONASS,20,9,4
2026-03-14T05:53:56.094Z,GLONASS,3,12,4
2026-03-14T05:53:56.094Z,GLONASS,4,13,4
2026-03-14T05:53:56.094Z,GLONASS,4,13,4
2026-03-14T05:53:56.094Z,GLONASS,18,4,4
2026-03-14T05:53:56.094Z,GLONASS,18,4,4
2026-03-14T05:53:56.095Z,GLONASS,3,12,4
2026-03-14T05:53:56.096Z,GLONASS,16,6,4
2026-03-14T05:53:56.096Z,GLONASS,16,6,4
2026-03-14T05:53:56.096Z,GLONASS,20,9,4
2026-03-14T05:53:56.096Z,GLONASS,3,12,4
2026-03-14T05:53:56.096Z,GLONASS,4,13,4
2026-03-14T05:53:56.096Z,GLONASS,18,4,4
2026-03-14T05:53:56.096Z,GLONASS,16,6,4
2026-03-14T05:53:56.156Z,GPS,3,0,10
2026-03-14T05:53:56.156Z,GPS,14,0,10
2026-03-14T05:53:56.169Z,GPS,17,0,10
2026-03-14T05:53:56.173Z,GPS,1,0,10
2026-03-14T05:53:56.176Z,GPS,6,0,10
2026-03-14T05:53:56.270Z,QZSS,7,0,10
2026-03-14T05:53:56.270Z,QZSS,2,0,10
2026-03-14T05:53:56.270Z,QZSS,3,0,10
2026-03-14T05:53:56.292Z,BeiDou,34,0,10
2026-03-14T05:53:56.293Z,GPS,3,0,10
2026-03-14T05:53:56.293Z,GPS,14,0,10
2026-03-14T05:53:56.293Z,GPS,17,0,10
2026-03-14T05:53:56.293Z,GPS,1,0,10
2026-03-14T05:53:56.293Z,GPS,6,0,10
2026-03-14T05:53:56.294Z,QZSS,7,0,10
2026-03-14T05:53:56.294Z,QZSS,2,0,10
2026-03-14T05:53:56.294Z,QZSS,3,0,10
2026-03-14T05:53:56.296Z,BeiDou,12,0,10
2026-03-14T05:53:56.296Z,BeiDou,11,0,10
2026-03-14T05:53:56.296Z,BeiDou,11,0,10
2026-03-14T05:53:56.296Z,BeiDou,12,0,10
2026-03-14T05:53:56.297Z,BeiDou,11,0,10
2026-03-14T05:53:56.298Z,BeiDou,25,0,10
2026-03-14T05:53:56.299Z,BeiDou,44,0,10
2026-03-14T05:53:56.299Z,BeiDou,21,0,10
2026-03-14T05:53:56.301Z,BeiDou,22,0,10
2026-03-14T05:53:56.302Z,BeiDou,50,0,10
2026-03-14T05:53:56.305Z,BeiDou,24,0,10
2026-03-14T05:53:56.342Z,BeiDou,7,0,10
2026-03-14T05:53:56.342Z,BeiDou,40,0,10
2026-03-14T05:53:56.342Z,BeiDou,7,0,10
2026-03-14T05:53:56.343Z,BeiDou,7,0,10
2026-03-14T05:53:56.348Z,BeiDou,38,0,10
2026-03-14T05:53:56.354Z,BeiDou,8,0,10
2026-03-14T05:53:56.536Z,SBAS,128,0,8
2026-03-14T05:53:56.541Z,SBAS,129,0,8
2026-03-14T05:53:57.163Z,Galileo,18,0,8
2026-03-14T05:53:57.166Z,Galileo,13,0,8
2026-03-14T05:53:57.167Z,Galileo,27,0,8
2026-03-14T05:53:57.333Z,SBAS,137,0,8
2026-03-14T05:53:57.334Z,Galileo,21,0,8
2026-03-14T05:53:57.336Z,Galileo,23,0,8
2026-03-14T05:53:57.339Z,Galileo,26,0,8
2026-03-14T05:53:57.537Z,SBAS,128,0,8
2026-03-14T05:53:57.541Z,SBAS,129,0,8
2026-03-14T05:53:58.067Z,Galileo,18,0,8
2026-03-14T05:53:58.082Z,Galileo,13,0,8
2026-03-14T05:53:58.085Z,Galileo,23,0,8
2026-03-14T05:53:58.086Z,Galileo,26,0,8
2026-03-14T05:53:58.087Z,GLONASS,19,10,4
2026-03-14T05:53:58.087Z,Galileo,18,0,8
2026-03-14T05:53:58.087Z,Galileo,13,0,8
2026-03-14T05:53:58.087Z,Galileo,23,0,8
2026-03-14T05:53:58.088Z,Galileo,26,0,8
2026-03-14T05:53:58.088Z,GLONASS,9,5,4
2026-03-14T05:53:58.088Z,GLONASS,9,5,4
2026-03-14T05:53:58.089Z,Galileo,21,0,8
2026-03-14T05:53:58.089Z,GLONASS,9,5,4
2026-03-14T05:53:58.089Z,Galileo,21,0,8
2026-03-14T05:53:58.093Z,GLONASS,20,9,4
2026-03-14T05:53:58.093Z,GLONASS,3,12,4
2026-03-14T05:53:58.094Z,GLONASS,4,13,4
2026-03-14T05:53:58.094Z,GLONASS,20,9,4
2026-03-14T05:53:58.096Z,GLONASS,18,4,4
2026-03-14T05:53:58.096Z,GLONASS,16,6,4
2026-03-14T05:53:58.096Z,GLONASS,16,6,4
2026-03-14T05:53:58.096Z,GLONASS,18,4,4
2026-03-14T05:53:58.096Z,GLONASS,3,12,4
2026-03-14T05:53:58.096Z,GLONASS,20,9,4
2026-03-14T05:53:58.096Z,GLONASS,3,12,4
2026-03-14T05:53:58.097Z,GLONASS,4,13,4
2026-03-14T05:53:58.097Z,GLONASS,18,4,4
2026-03-14T05:53:58.097Z,GLONASS,16,6,4
2026-03-14T05:53:58.329Z,SBAS,137,0,8
2026-03-14T05:53:58.520Z,SBAS,128,0,8
2026-03-14T05:53:58.524Z,SBAS,129,0,8
2026-03-14T05:53:59.142Z,Galileo,18,0,8
2026-03-14T05:53:59.143Z,Galileo,13,0,8
2026-03-14T05:53:59.146Z,Galileo,27,0,8
2026-03-14T05:53:59.313Z,SBAS,137,0,8
2026-03-14T05:53:59.316Z,Galileo,21,0,8
2026-03-14T05:53:59.317Z,Galileo,23,0,8
2026-03-14T05:53:59.320Z,Galileo,26,0,8
2026-03-14T05:53:59.509Z,SBAS,128,0,8
2026-03-14T05:53:59.513Z,SBAS,129,0,8
2026-03-14T05:54:00.066Z,Galileo,18,0,8
2026-03-14T05:54:00.067Z,GPS,3,0,10
2026-03-14T05:54:00.067Z,Galileo,18,0,8
2026-03-14T05:54:00.068Z,GPS,14,0,10
2026-03-14T05:54:00.071Z,GPS,22,0,10
2026-03-14T05:54:00.071Z,GPS,1,0,10
2026-03-14T05:54:00.072Z,GPS,17,0,10
2026-03-14T05:54:00.079Z,GPS,6,0,10
2026-03-14T05:54:00.080Z,GPS,2,0,10
2026-03-14T05:54:00.080Z,Galileo,21,0,8
2026-03-14T05:54:00.080Z,Galileo,21,0,8
2026-03-14T05:54:00.086Z,Galileo,13,0,8
2026-03-14T05:54:00.089Z,Galileo,23,0,8
2026-03-14T05:54:00.089Z,GLONASS,9,5,4
2026-03-14T05:54:00.089Z,GLONASS,19,10,4
2026-03-14T05:54:00.089Z,GLONASS,9,5,4
2026-03-14T05:54:00.090Z,Galileo,13,0,8
2026-03-14T05:54:00.090Z,Galileo,26,0,8
2026-03-14T05:54:00.090Z,Galileo,26,0,8
2026-03-14T05:54:00.090Z,Galileo,23,0,8
2026-03-14T05:54:00.090Z,GLONASS,9,5,4
2026-03-14T05:54:00.093Z,GLONASS,20,9,4
2026-03-14T05:54:00.094Z,GLONASS,3,12,4
2026-03-14T05:54:00.094Z,GLONASS,4,13,4
2026-03-14T05:54:00.094Z,GLONASS,18,4,4
2026-03-14T05:54:00.094Z,GLONASS,18,4,4
2026-03-14T05:54:00.096Z,GLONASS,16,6,4
2026-03-14T05:54:00.096Z,GLONASS,3,12,4
2026-03-14T05:54:00.096Z,GLONASS,16,6,4
2026-03-14T05:54:00.096Z,GLONASS,20,9,4
2026-03-14T05:54:00.096Z,GLONASS,3,12,4
2026-03-14T05:54:00.096Z,GLONASS,4,13,4
2026-03-14T05:54:00.097Z,GLONASS,18,4,4
2026-03-14T05:54:00.097Z,GLONASS,16,6,4
2026-03-14T05:54:00.124Z,QZSS,7,0,10
2026-03-14T05:54:00.125Z,QZSS,2,0,10
2026-03-14T05:54:00.128Z,QZSS,3,0,10
2026-03-14T05:54:00.305Z,SBAS,137,0,8
2026-03-14T05:54:00.517Z,SBAS,129,0,8
2026-03-14T05:54:01.139Z,Galileo,18,0,8
2026-03-14T05:54:01.141Z,Galileo,13,0,8
2026-03-14T05:54:01.143Z,Galileo,27,0,8
2026-03-14T05:54:01.312Z,SBAS,137,0,8
2026-03-14T05:54:01.314Z,Galileo,21,0,8
2026-03-14T05:54:01.316Z,Galileo,23,0,8
2026-03-14T05:54:01.317Z,Galileo,26,0,8
2026-03-14T05:54:01.516Z,SBAS,128,0,8
2026-03-14T05:54:01.520Z,SBAS,129,0,8
2026-03-14T05:54:02.070Z,Galileo,18,0,8
2026-03-14T05:54:02.082Z,Galileo,26,0,8
2026-03-14T05:54:02.084Z,Galileo,21,0,8
2026-03-14T05:54:02.087Z,GLONASS,19,10,4
2026-03-14T05:54:02.087Z,Galileo,18,0,8
2026-03-14T05:54:02.087Z,Galileo,26,0,8
2026-03-14T05:54:02.087Z,Galileo,21,0,8
2026-03-14T05:54:02.089Z,GLONASS,9,5,4
2026-03-14T05:54:02.089Z,GLONASS,9,5,4
2026-03-14T05:54:02.089Z,GLONASS,9,5,4
2026-03-14T05:54:02.090Z,Galileo,13,0,8
2026-03-14T05:54:02.091Z,Galileo,23,0,8
2026-03-14T05:54:02.093Z,GLONASS,4,13,4
2026-03-14T05:54:02.093Z,GLONASS,20,9,4
2026-03-14T05:54:02.093Z,GLONASS,3,12,4
2026-03-14T05:54:02.093Z,GLONASS,3,12,4
2026-03-14T05:54:02.094Z,Galileo,13,0,8
2026-03-14T05:54:02.094Z,Galileo,23,0,8
2026-03-14T05:54:02.094Z,GLONASS,18,4,4
2026-03-14T05:54:02.094Z,GLONASS,18,4,4
2026-03-14T05:54:02.095Z,GLONASS,18,4,4
2026-03-14T05:54:02.095Z,GLONASS,16,6,4
2026-03-14T05:54:02.095Z,GLONASS,16,6,4
2026-03-14T05:54:02.096Z,GLONASS,16,6,4
2026-03-14T05:54:02.096Z,GLONASS,4,13,4
2026-03-14T05:54:02.096Z,GLONASS,20,9,4
2026-03-14T05:54:02.096Z,GLONASS,3,12,4
2026-03-14T05:54:02.292Z,BeiDou,34,0,10
2026-03-14T05:54:02.296Z,BeiDou,12,0,10
2026-03-14T05:54:02.296Z,BeiDou,11,0,10
2026-03-14T05:54:02.296Z,BeiDou,12,0,10
2026-03-14T05:54:02.296Z,BeiDou,11,0,10
2026-03-14T05:54:02.296Z,BeiDou,12,0,10
2026-03-14T05:54:02.297Z,BeiDou,11,0,10
2026-03-14T05:54:02.298Z,BeiDou,25,0,10
2026-03-14T05:54:02.299Z,BeiDou,44,0,10
2026-03-14T05:54:02.299Z,BeiDou,21,0,10
2026-03-14T05:54:02.301Z,BeiDou,22,0,10
2026-03-14T05:54:02.301Z,BeiDou,50,0,10
2026-03-14T05:54:02.305Z,BeiDou,24,0,10
2026-03-14T05:54:02.305Z,BeiDou,42,0,10
2026-03-14T05:54:02.323Z,SBAS,137,0,8
2026-03-14T05:54:02.341Z,BeiDou,7,0,10
2026-03-14T05:54:02.342Z,BeiDou,40,0,10
2026-03-14T05:54:02.342Z,BeiDou,7,0,10
2026-03-14T05:54:02.342Z,BeiDou,7,0,10
2026-03-14T05:54:02.348Z,BeiDou,38,0,10
2026-03-14T05:54:02.354Z,BeiDou,8,0,10
2026-03-14T05:54:02.516Z,SBAS,128,0,8
2026-03-14T05:54:02.519Z,SBAS,129,0,8
2026-03-14T05:54:03.146Z,Galileo,18,0,8
2026-03-14T05:54:03.149Z,Galileo,13,0,8
2026-03-14T05:54:03.150Z,Galileo,27,0,8
2026-03-14T05:54:03.329Z,SBAS,137,0,8
2026-03-14T05:54:03.332Z,Galileo,21,0,8
2026-03-14T05:54:03.333Z,Galileo,23,0,8
2026-03-14T05:54:03.336Z,Galileo,26,0,8
2026-03-14T05:54:03.531Z,SBAS,128,0,8
2026-03-14T05:54:03.534Z,SBAS,129,0,8
2026-03-14T05:54:04.063Z,Galileo,18,0,8
2026-03-14T05:54:04.082Z,Galileo,13,0,8
2026-03-14T05:54:04.084Z,Galileo,23,0,8
2026-03-14T05:54:04.086Z,Galileo,26,0,8
2026-03-14T05:54:04.087Z,GLONASS,19,10,4
2026-03-14T05:54:04.087Z,Galileo,18,0,8
2026-03-14T05:54:04.087Z,Galileo,13,0,8
2026-03-14T05:54:04.087Z,Galileo,23,0,8
2026-03-14T05:54:04.088Z,GLONASS,9,5,4
2026-03-14T05:54:04.088Z,Galileo,26,0,8
2026-03-14T05:54:04.088Z,GLONASS,9,5,4
2026-03-14T05:54:04.089Z,Galileo,21,0,8
2026-03-14T05:54:04.089Z,GLONASS,9,5,4
2026-03-14T05:54:04.089Z,Galileo,21,0,8
2026-03-14T05:54:04.093Z,GLONASS,4,13,4
2026-03-14T05:54:04.093Z,GLONASS,20,9,4
2026-03-14T05:54:04.093Z,GLONASS,3,12,4
2026-03-14T05:54:04.094Z,GLONASS,20,9,4
2026-03-14T05:54:04.096Z,GLONASS,18,4,4
2026-03-14T05:54:04.096Z,GLONASS,16,6,4
2026-03-14T05:54:04.096Z,GLONASS,16,6,4
2026-03-14T05:54:04.096Z,GLONASS,18,4,4
2026-03-14T05:54:04.096Z,GLONASS,3,12,4
2026-03-14T05:54:04.096Z,GLONASS,4,13,4
2026-03-14T05:54:04.096Z,GLONASS,20,9,4
2026-03-14T05:54:04.097Z,GLONASS,3,12,4
2026-03-14T05:54:04.097Z,GLONASS,18,4,4
2026-03-14T05:54:04.097Z,GLONASS,16,6,4
2026-03-14T05:54:04.325Z,SBAS,137,0,8
2026-03-14T05:54:04.528Z,SBAS,128,0,8
2026-03-14T05:54:04.532Z,SBAS,129,0,8
2026-03-14T05:54:05.153Z,Galileo,18,0,8
2026-03-14T05:54:05.155Z,Galileo,13,0,8
2026-03-14T05:54:05.157Z,Galileo,27,0,8
2026-03-14T05:54:05.339Z,SBAS,137,0,8
2026-03-14T05:54:05.341Z,Galileo,21,0,8
2026-03-14T05:54:05.344Z,Galileo,23,0,8
2026-03-14T05:54:05.346Z,Galileo,26,0,8
2026-03-14T05:54:05.534Z,SBAS,128,0,8
2026-03-14T05:54:05.538Z,SBAS,129,0,8
2026-03-14T05:54:06.066Z,Galileo,18,0,8
2026-03-14T05:54:06.067Z,GPS,3,0,10
2026-03-14T05:54:06.067Z,Galileo,18,0,8
2026-03-14T05:54:06.068Z,GPS,14,0,10
2026-03-14T05:54:06.071Z,GPS,22,0,10
2026-03-14T05:54:06.071Z,GPS,1,0,10
2026-03-14T05:54:06.072Z,GPS,17,0,10
2026-03-14T05:54:06.079Z,GPS,6,0,10
2026-03-14T05:54:06.080Z,GPS,2,0,10
2026-03-14T05:54:06.080Z,Galileo,21,0,8
2026-03-14T05:54:06.084Z,Galileo,23,0,8
2026-03-14T05:54:06.086Z,Galileo,13,0,8
2026-03-14T05:54:06.087Z,GLONASS,19,10,4
2026-03-14T05:54:06.089Z,GLONASS,19,10,4
2026-03-14T05:54:06.089Z,GLONASS,9,5,4
2026-03-14T05:54:06.089Z,GLONASS,9,5,4
2026-03-14T05:54:06.089Z,Galileo,21,0,8
2026-03-14T05:54:06.089Z,Galileo,23,0,8
2026-03-14T05:54:06.090Z,Galileo,26,0,8
2026-03-14T05:54:06.090Z,Galileo,13,0,8
2026-03-14T05:54:06.091Z,Galileo,26,0,8
2026-03-14T05:54:06.091Z,GLONASS,19,10,4
2026-03-14T05:54:06.091Z,GLONASS,9,5,4
2026-03-14T05:54:06.093Z,GLONASS,4,13,4
2026-03-14T05:54:06.093Z,GLONASS,20,9,4
2026-03-14T05:54:06.093Z,GLONASS,3,12,4
2026-03-14T05:54:06.093Z,GLONASS,20,9,4
2026-03-14T05:54:06.094Z,GLONASS,4,13,4
2026-03-14T05:54:06.094Z,GLONASS,3,12,4
2026-03-14T05:54:06.094Z,GLONASS,18,4,4
2026-03-14T05:54:06.094Z,GLONASS,4,13,4
2026-03-14T05:54:06.094Z,GLONASS,18,4,4
2026-03-14T05:54:06.096Z,GLONASS,16,6,4
2026-03-14T05:54:06.096Z,GLONASS,18,4,4
2026-03-14T05:54:06.096Z,GLONASS,16,6,4
2026-03-14T05:54:06.096Z,GLONASS,16,6,4
2026-03-14T05:54:06.096Z,GLONASS,20,9,4
2026-03-14T05:54:06.096Z,GLONASS,3,12,4
2026-03-14T05:54:06.124Z,QZSS,7,0,10
2026-03-14T05:54:06.125Z,QZSS,2,0,10
2026-03-14T05:54:06.128Z,QZSS,3,0,10
2026-03-14T05:54:06.325Z,SBAS,137,0,8
2026-03-14T05:54:06.522Z,SBAS,128,0,8
2026-03-14T05:54:06.525Z,SBAS,129,0,8
2026-03-14T05:54:07.170Z,Galileo,18,0,8
2026-03-14T05:54:07.176Z,Galileo,27,0,8
2026-03-14T05:54:07.344Z,SBAS,137,0,8
2026-03-14T05:54:07.347Z,Galileo,21,0,8
2026-03-14T05:54:07.349Z,Galileo,23,0,8
2026-03-14T05:54:07.352Z,Galileo,26,0,8
2026-03-14T05:54:07.536Z,SBAS,128,0,8
2026-03-14T05:54:07.540Z,SBAS,129,0,8
2026-03-14T05:54:08.069Z,Galileo,18,0,8
2026-03-14T05:54:08.085Z,Galileo,21,0,8
2026-03-14T05:54:08.087Z,GLONASS,19,10,4
2026-03-14T05:54:08.089Z,Galileo,23,0,8
2026-03-14T05:54:08.089Z,GLONASS,9,5,4
2026-03-14T05:54:08.089Z,GLONASS,19,10,4
2026-03-14T05:54:08.089Z,GLONASS,9,5,4
2026-03-14T05:54:08.090Z,Galileo,18,0,8
2026-03-14T05:54:08.090Z,Galileo,21,0,8
2026-03-14T05:54:08.090Z,GLONASS,19,10,4
2026-03-14T05:54:08.091Z,Galileo,13,0,8
2026-03-14T05:54:08.093Z,GLONASS,4,13,4
2026-03-14T05:54:08.093Z,GLONASS,20,9,4
2026-03-14T05:54:08.093Z,Galileo,13,0,8
2026-03-14T05:54:08.093Z,GLONASS,10,0,4
2026-03-14T05:54:08.093Z,GLONASS,4,13,4
2026-03-14T05:54:08.093Z,GLONASS,3,12,4
2026-03-14T05:54:08.094Z,GLONASS,4,13,4
2026-03-14T05:54:08.094Z,GLONASS,20,9,4
2026-03-14T05:54:08.094Z,GLONASS,18,4,4
2026-03-14T05:54:08.094Z,GLONASS,18,4,4
2026-03-14T05:54:08.095Z,GLONASS,18,4,4
2026-03-14T05:54:08.095Z,GLONASS,16,6,4
2026-03-14T05:54:08.096Z,GLONASS,16,6,4
2026-03-14T05:54:08.096Z,GLONASS,16,6,4
2026-03-14T05:54:08.096Z,Galileo,23,0,8
2026-03-14T05:54:08.096Z,GLONASS,9,5,4
2026-03-14T05:54:08.151Z,GPS,3,0,10
2026-03-14T05:54:08.155Z,GPS,14,0,10
2026-03-14T05:54:08.168Z,GPS,17,0,10
2026-03-14T05:54:08.168Z,GPS,1,0,10
2026-03-14T05:54:08.169Z,GPS,6,0,10
2026-03-14T05:54:08.265Z,QZSS,7,0,10
2026-03-14T05:54:08.265Z,QZSS,2,0,10
2026-03-14T05:54:08.266Z,QZSS,3,0,10
2026-03-14T05:54:08.292Z,BeiDou,34,0,10
2026-03-14T05:54:08.292Z,GPS,3,0,10
2026-03-14T05:54:08.293Z,GPS,14,0,10
2026-03-14T05:54:08.293Z,GPS,17,0,10
2026-03-14T05:54:08.293Z,GPS,1,0,10
2026-03-14T05:54:08.293Z,GPS,6,0,10
2026-03-14T05:54:08.293Z,QZSS,7,0,10
2026-03-14T05:54:08.294Z,QZSS,2,0,10
2026-03-14T05:54:08.294Z,QZSS,3,0,10
2026-03-14T05:54:08.295Z,BeiDou,12,0,10
2026-03-14T05:54:08.296Z,BeiDou,11,0,10
2026-03-14T05:54:08.296Z,BeiDou,12,0,10
2026-03-14T05:54:08.296Z,BeiDou,11,0,10
2026-03-14T05:54:08.296Z,BeiDou,12,0,10
2026-03-14T05:54:08.296Z,BeiDou,11,0,10
2026-03-14T05:54:08.299Z,BeiDou,44,0,10
2026-03-14T05:54:08.299Z,BeiDou,21,0,10
2026-03-14T05:54:08.301Z,BeiDou,22,0,10
2026-03-14T05:54:08.301Z,BeiDou,50,0,10
2026-03-14T05:54:08.305Z,BeiDou,24,0,10
2026-03-14T05:54:08.305Z,BeiDou,42,0,10
2026-03-14T05:54:08.326Z,SBAS,137,0,8
2026-03-14T05:54:08.340Z,BeiDou,56,0,10
2026-03-14T05:54:08.341Z,BeiDou,7,0,10
2026-03-14T05:54:08.341Z,BeiDou,40,0,10
2026-03-14T05:54:08.342Z,BeiDou,7,0,10
2026-03-14T05:54:08.342Z,BeiDou,7,0,10
2026-03-14T05:54:08.345Z,BeiDou,10,0,10
2026-03-14T05:54:08.348Z,BeiDou,38,0,10
2026-03-14T05:54:08.354Z,BeiDou,8,0,10
2026-03-14T05:54:08.529Z,SBAS,128,0,8
2026-03-14T05:54:08.533Z,SBAS,129,0,8
2026-03-14T05:54:09.153Z,Galileo,18,0,8
2026-03-14T05:54:09.154Z,Galileo,13,0,8
2026-03-14T05:54:09.156Z,Galileo,27,0,8
2026-03-14T05:54:09.323Z,SBAS,137,0,8
2026-03-14T05:54:09.326Z,Galileo,21,0,8
2026-03-14T05:54:09.328Z,Galileo,23,0,8
2026-03-14T05:54:09.330Z,Galileo,26,0,8
2026-03-14T05:54:09.524Z,SBAS,128,0,8
2026-03-14T05:54:09.527Z,SBAS,129,0,8
2026-03-14T05:54:10.061Z,Galileo,18,0,8
2026-03-14T05:54:10.082Z,Galileo,26,0,8
2026-03-14T05:54:10.083Z,Galileo,13,0,8
2026-03-14T05:54:10.087Z,GLONASS,19,10,4
2026-03-14T05:54:10.087Z,Galileo,18,0,8
2026-03-14T05:54:10.087Z,GLONASS,19,10,4
2026-03-14T05:54:10.087Z,GLONASS,19,10,4
2026-03-14T05:54:10.088Z,GLONASS,9,5,4
2026-03-14T05:54:10.088Z,GLONASS,9,5,4
2026-03-14T05:54:10.089Z,Galileo,21,0,8
2026-03-14T05:54:10.089Z,GLONASS,9,5,4
2026-03-14T05:54:10.089Z,Galileo,26,0,8
2026-03-14T05:54:10.089Z,Galileo,13,0,8
2026-03-14T05:54:10.089Z,Galileo,21,0,8
2026-03-14T05:54:10.091Z,Galileo,23,0,8
2026-03-14T05:54:10.093Z,GLONASS,4,13,4
2026-03-14T05:54:10.093Z,GLONASS,20,9,4
2026-03-14T05:54:10.093Z,GLONASS,3,12,4
2026-03-14T05:54:10.093Z,GLONASS,10,0,4
2026-03-14T05:54:10.094Z,GLONASS,3,12,4
2026-03-14T05:54:10.094Z,GLONASS,18,4,4
2026-03-14T05:54:10.095Z,GLONASS,16,6,4
2026-03-14T05:54:10.095Z,Galileo,23,0,8
2026-03-14T05:54:10.095Z,GLONASS,16,6,4
2026-03-14T05:54:10.095Z,GLONASS,16,6,4
2026-03-14T05:54:10.096Z,GLONASS,4,13,4
2026-03-14T05:54:10.096Z,GLONASS,20,9,4
2026-03-14T05:54:10.096Z,GLONASS,3,12,4
2026-03-14T05:54:10.533Z,SBAS,128,0,8
2026-03-14T05:54:10.537Z,SBAS,129,0,8
2026-03-14T05:54:11.194Z,Galileo,18,0,8
2026-03-14T05:54:11.199Z,Galileo,13,0,8
2026-03-14T05:54:11.203Z,Galileo,27,0,8
2026-03-14T05:54:11.360Z,SBAS,137,0,8
2026-03-14T05:54:11.362Z,Galileo,21,0,8
2026-03-14T05:54:11.363Z,Galileo,23,0,8
2026-03-14T05:54:11.366Z,Galileo,26,0,8
2026-03-14T05:54:11.555Z,SBAS,128,0,8
2026-03-14T05:54:11.561Z,SBAS,129,0,8
2026-03-14T05:54:12.081Z,Galileo,18,0,8
2026-03-14T05:54:12.081Z,GPS,3,0,10
2026-03-14T05:54:12.081Z,GPS,14,0,10
2026-03-14T05:54:12.081Z,Galileo,18,0,8
2026-03-14T05:54:12.081Z,GPS,1,0,10
2026-03-14T05:54:12.082Z,GPS,17,0,10
2026-03-14T05:54:12.082Z,GPS,2,0,10
2026-03-14T05:54:12.082Z,Galileo,21,0,8
2026-03-14T05:54:12.082Z,Galileo,21,0,8
2026-03-14T05:54:12.086Z,Galileo,26,0,8
2026-03-14T05:54:12.090Z,GLONASS,19,10,4
2026-03-14T05:54:12.090Z,Galileo,13,0,8
2026-03-14T05:54:12.090Z,GLONASS,9,5,4
2026-03-14T05:54:12.090Z,GLONASS,19,10,4
2026-03-14T05:54:12.091Z,GLONASS,9,5,4
2026-03-14T05:54:12.091Z,Galileo,26,0,8
2026-03-14T05:54:12.091Z,GLONASS,19,10,4
2026-03-14T05:54:12.092Z,Galileo,13,0,8
2026-03-14T05:54:12.093Z,GLONASS,4,13,4
2026-03-14T05:54:12.093Z,GLONASS,20,9,4
2026-03-14T05:54:12.093Z,GLONASS,3,12,4
2026-03-14T05:54:12.093Z,GLONASS,10,0,4
2026-03-14T05:54:12.093Z,GLONASS,3,12,4
2026-03-14T05:54:12.093Z,GLONASS,4,13,4
2026-03-14T05:54:12.094Z,GLONASS,18,4,4
2026-03-14T05:54:12.094Z,GLONASS,20,9,4
2026-03-14T05:54:12.095Z,GLONASS,16,6,4
2026-03-14T05:54:12.096Z,GLONASS,18,4,4
2026-03-14T05:54:12.096Z,GLONASS,16,6,4
2026-03-14T05:54:12.096Z,GLONASS,18,4,4
2026-03-14T05:54:12.096Z,GLONASS,16,6,4
2026-03-14T05:54:12.097Z,GLONASS,3,12,4
2026-03-14T05:54:12.097Z,GLONASS,9,5,4
2026-03-14T05:54:12.125Z,QZSS,2,0,10
2026-03-14T05:54:12.128Z,QZSS,3,0,10
2026-03-14T05:54:12.198Z,Galileo,23,0,8
2026-03-14T05:54:12.519Z,SBAS,128,0,8
2026-03-14T05:54:12.519Z,Galileo,23,0,8
2026-03-14T05:54:12.522Z,SBAS,129,0,8
2026-03-14T05:54:12.526Z,SBAS,137,0,8
2026-03-14T05:54:13.144Z,Galileo,18,0,8
2026-03-14T05:54:13.146Z,Galileo,13,0,8
2026-03-14T05:54:13.148Z,Galileo,27,0,8
2026-03-14T05:54:13.315Z,SBAS,137,0,8
2026-03-14T05:54:13.317Z,Galileo,21,0,8
2026-03-14T05:54:13.319Z,Galileo,23,0,8
2026-03-14T05:54:13.322Z,Galileo,26,0,8
2026-03-14T05:54:14.069Z,Galileo,18,0,8
2026-03-14T05:54:14.085Z,Galileo,21,0,8
2026-03-14T05:54:14.087Z,GLONASS,19,10,4
2026-03-14T05:54:14.087Z,GLONASS,19,10,4
2026-03-14T05:54:14.087Z,Galileo,18,0,8
2026-03-14T05:54:14.088Z,Galileo,21,0,8
2026-03-14T05:54:14.089Z,GLONASS,9,5,4
2026-03-14T05:54:14.089Z,GLONASS,9,5,4
2026-03-14T05:54:14.089Z,GLONASS,9,5,4
2026-03-14T05:54:14.090Z,Galileo,26,0,8
2026-03-14T05:54:14.091Z,Galileo,26,0,8
2026-03-14T05:54:14.091Z,GLONASS,19,10,4
2026-03-14T05:54:14.092Z,Galileo,13,0,8
2026-03-14T05:54:14.092Z,GLONASS,4,13,4
2026-03-14T05:54:14.093Z,GLONASS,3,12,4
2026-03-14T05:54:14.093Z,GLONASS,10,0,4
2026-03-14T05:54:14.093Z,GLONASS,3,12,4
2026-03-14T05:54:14.093Z,Galileo,13,0,8
2026-03-14T05:54:14.093Z,GLONASS,4,13,4
2026-03-14T05:54:14.094Z,GLONASS,18,4,4
2026-03-14T05:54:14.094Z,GLONASS,3,12,4
2026-03-14T05:54:14.094Z,GLONASS,18,4,4
2026-03-14T05:54:14.095Z,GLONASS,16,6,4
2026-03-14T05:54:14.095Z,GLONASS,16,6,4
2026-03-14T05:54:14.095Z,GLONASS,18,4,4
2026-03-14T05:54:14.096Z,GLONASS,16,6,4
2026-03-14T05:54:14.263Z,Galileo,23,0,8
2026-03-14T05:54:14.292Z,BeiDou,34,0,10
2026-03-14T05:54:14.292Z,Galileo,23,0,8
2026-03-14T05:54:14.295Z,BeiDou,12,0,10
2026-03-14T05:54:14.295Z,BeiDou,11,0,10
2026-03-14T05:54:14.296Z,BeiDou,12,0,10
2026-03-14T05:54:14.296Z,BeiDou,12,0,10
2026-03-14T05:54:14.296Z,BeiDou,11,0,10
2026-03-14T05:54:14.299Z,BeiDou,44,0,10
2026-03-14T05:54:14.299Z,BeiDou,21,0,10
2026-03-14T05:54:14.301Z,BeiDou,22,0,10
2026-03-14T05:54:14.301Z,BeiDou,50,0,10
2026-03-14T05:54:14.305Z,BeiDou,24,0,10
2026-03-14T05:54:14.305Z,BeiDou,42,0,10
2026-03-14T05:54:14.325Z,SBAS,137,0,8
2026-03-14T05:54:14.340Z,BeiDou,56,0,10
2026-03-14T05:54:14.341Z,BeiDou,7,0,10
2026-03-14T05:54:14.341Z,BeiDou,40,0,10
2026-03-14T05:54:14.342Z,BeiDou,7,0,10
2026-03-14T05:54:14.342Z,BeiDou,7,0,10
2026-03-14T05:54:14.345Z,BeiDou,10,0,10
2026-03-14T05:54:14.348Z,BeiDou,38,0,10
2026-03-14T05:54:14.354Z,BeiDou,8,0,10
2026-03-14T05:54:14.354Z,BeiDou,8,0,10
2026-03-14T05:54:14.355Z,BeiDou,8,0,10
2026-03-14T05:54:14.513Z,SBAS,128,0,8
2026-03-14T05:54:14.516Z,SBAS,129,0,8
2026-03-14T05:54:15.142Z,Galileo,18,0,8
2026-03-14T05:54:15.143Z,Galileo,13,0,8
2026-03-14T05:54:15.146Z,Galileo,27,0,8
2026-03-14T05:54:15.319Z,SBAS,137,0,8
2026-03-14T05:54:15.322Z,Galileo,21,0,8
2026-03-14T05:54:15.323Z,Galileo,23,0,8
2026-03-14T05:54:15.325Z,Galileo,26,0,8
2026-03-14T05:54:15.507Z,SBAS,128,0,8
2026-03-14T05:54:15.511Z,SBAS,129,0,8
2026-03-14T05:54:16.061Z,Galileo,18,0,8
2026-03-14T05:54:16.082Z,Galileo,26,0,8
2026-03-14T05:54:16.083Z,Galileo,13,0,8
2026-03-14T05:54:16.087Z,GLONASS,19,10,4
2026-03-14T05:54:16.088Z,GLONASS,9,5,4
2026-03-14T05:54:16.088Z,GLONASS,19,10,4
2026-03-14T05:54:16.089Z,Galileo,21,0,8
2026-03-14T05:54:16.089Z,GLONASS,9,5,4
2026-03-14T05:54:16.089Z,Galileo,18,0,8
2026-03-14T05:54:16.089Z,Galileo,26,0,8
2026-03-14T05:54:16.090Z,Galileo,13,0,8
2026-03-14T05:54:16.090Z,GLONASS,19,10,4
2026-03-14T05:54:16.090Z,GLONASS,9,5,4
2026-03-14T05:54:16.090Z,Galileo,21,0,8
2026-03-14T05:54:16.091Z,Galileo,23,0,8
2026-03-14T05:54:16.092Z,GLONASS,4,13,4
2026-03-14T05:54:16.093Z,GLONASS,4,13,4
2026-03-14T05:54:16.093Z,GLONASS,20,9,4
2026-03-14T05:54:16.093Z,GLONASS,3,12,4
2026-03-14T05:54:16.093Z,Galileo,23,0,8
2026-03-14T05:54:16.093Z,GLONASS,3,12,4
2026-03-14T05:54:16.093Z,GLONASS,4,13,4
2026-03-14T05:54:16.093Z,GLONASS,18,4,4
2026-03-14T05:54:16.094Z,GLONASS,20,9,4
2026-03-14T05:54:16.094Z,GLONASS,3,12,4
2026-03-14T05:54:16.095Z,GLONASS,16,6,4
2026-03-14T05:54:16.095Z,GLONASS,16,6,4
2026-03-14T05:54:16.095Z,GLONASS,16,6,4
2026-03-14T05:54:16.307Z,SBAS,137,0,8
2026-03-14T05:54:16.515Z,SBAS,128,0,8
2026-03-14T05:54:16.519Z,SBAS,129,0,8
2026-03-14T05:54:17.146Z,Galileo,18,0,8
2026-03-14T05:54:17.148Z,Galileo,13,0,8
2026-03-14T05:54:17.150Z,Galileo,27,0,8
2026-03-14T05:54:17.332Z,SBAS,137,0,8
2026-03-14T05:54:17.334Z,Galileo,21,0,8
2026-03-14T05:54:17.336Z,Galileo,23,0,8
2026-03-14T05:54:17.339Z,Galileo,26,0,8
2026-03-14T05:54:17.534Z,SBAS,128,0,8
2026-03-14T05:54:17.539Z,SBAS,129,0,8
2026-03-14T05:54:18.066Z,Galileo,18,0,8
2026-03-14T05:54:18.068Z,GPS,14,0,10
2026-03-14T05:54:18.068Z,Galileo,18,0,8
2026-03-14T05:54:18.072Z,GPS,22,0,10
2026-03-14T05:54:18.072Z,GPS,17,0,10
2026-03-14T05:54:18.080Z,Galileo,21,0,8
2026-03-14T05:54:18.080Z,GPS,2,0,10
2026-03-14T05:54:18.081Z,Galileo,21,0,8
2026-03-14T05:54:18.083Z,Galileo,23,0,8
2026-03-14T05:54:18.086Z,Galileo,26,0,8
2026-03-14T05:54:18.086Z,GLONASS,19,10,4
2026-03-14T05:54:18.088Z,GLONASS,19,10,4
2026-03-14T05:54:18.088Z,Galileo,13,0,8
2026-03-14T05:54:18.088Z,GLONASS,9,5,4
2026-03-14T05:54:18.088Z,GLONASS,9,5,4
2026-03-14T05:54:18.089Z,Galileo,23,0,8
2026-03-14T05:54:18.089Z,Galileo,26,0,8
2026-03-14T05:54:18.089Z,GLONASS,19,10,4
2026-03-14T05:54:18.089Z,Galileo,13,0,8
2026-03-14T05:54:18.089Z,GLONASS,9,5,4
2026-03-14T05:54:18.092Z,GLONASS,4,13,4
2026-03-14T05:54:18.093Z,GLONASS,20,9,4
2026-03-14T05:54:18.093Z,GLONASS,3,12,4
2026-03-14T05:54:18.093Z,GLONASS,20,9,4
2026-03-14T05:54:18.093Z,GLONASS,10,0,4
2026-03-14T05:54:18.093Z,GLONASS,3,12,4
2026-03-14T05:54:18.093Z,GLONASS,4,13,4
2026-03-14T05:54:18.094Z,GLONASS,18,4,4
2026-03-14T05:54:18.094Z,GLONASS,20,9,4
2026-03-14T05:54:18.094Z,GLONASS,3,12,4
2026-03-14T05:54:18.095Z,GLONASS,16,6,4
2026-03-14T05:54:18.124Z,QZSS,7,0,10
2026-03-14T05:54:18.124Z,GLONASS,16,6,4
2026-03-14T05:54:18.125Z,QZSS,2,0,10
2026-03-14T05:54:18.128Z,QZSS,3,0,10
2026-03-14T05:54:18.334Z,SBAS,137,0,8
2026-03-14T05:54:18.544Z,SBAS,129,0,8
2026-03-14T05:54:19.145Z,Galileo,18,0,8
2026-03-14T05:54:19.147Z,Galileo,13,0,8
2026-03-14T05:54:19.149Z,Galileo,27,0,8
2026-03-14T05:54:19.321Z,SBAS,137,0,8
2026-03-14T05:54:19.323Z,Galileo,21,0,8
2026-03-14T05:54:19.325Z,Galileo,23,0,8
2026-03-14T05:54:19.327Z,Galileo,26,0,8
2026-03-14T05:54:20.069Z,Galileo,18,0,8
2026-03-14T05:54:20.085Z,Galileo,21,0,8
2026-03-14T05:54:20.087Z,GLONASS,19,10,4
2026-03-14T05:54:20.087Z,GLONASS,19,10,4
2026-03-14T05:54:20.087Z,Galileo,18,0,8
2026-03-14T05:54:20.088Z,Galileo,21,0,8
2026-03-14T05:54:20.088Z,GLONASS,9,5,4
2026-03-14T05:54:20.089Z,GLONASS,9,5,4
2026-03-14T05:54:20.089Z,GLONASS,9,5,4
2026-03-14T05:54:20.089Z,GLONASS,19,10,4
2026-03-14T05:54:20.090Z,Galileo,26,0,8
2026-03-14T05:54:20.091Z,Galileo,26,0,8
2026-03-14T05:54:20.092Z,Galileo,13,0,8
2026-03-14T05:54:20.093Z,GLONASS,4,13,4
2026-03-14T05:54:20.093Z,GLONASS,3,12,4
2026-03-14T05:54:20.093Z,GLONASS,20,9,4
2026-03-14T05:54:20.093Z,GLONASS,10,0,4
2026-03-14T05:54:20.093Z,GLONASS,4,13,4
2026-03-14T05:54:20.093Z,GLONASS,3,12,4
2026-03-14T05:54:20.093Z,GLONASS,18,4,4
2026-03-14T05:54:20.094Z,Galileo,13,0,8
2026-03-14T05:54:20.094Z,GLONASS,4,13,4
2026-03-14T05:54:20.094Z,GLONASS,3,12,4
2026-03-14T05:54:20.095Z,GLONASS,16,6,4
2026-03-14T05:54:20.095Z,GLONASS,16,6,4
2026-03-14T05:54:20.095Z,GLONASS,16,6,4
2026-03-14T05:54:20.153Z,Galileo,23,0,8
2026-03-14T05:54:20.155Z,GPS,3,0,10
2026-03-14T05:54:20.169Z,GPS,6,0,10
2026-03-14T05:54:20.261Z,GPS,17,0,10
2026-03-14T05:54:20.261Z,GPS,1,0,10
2026-03-14T05:54:20.261Z,QZSS,2,0,10
2026-03-14T05:54:20.262Z,QZSS,3,0,10
2026-03-14T05:54:20.262Z,QZSS,7,0,10
2026-03-14T05:54:20.292Z,BeiDou,34,0,10
2026-03-14T05:54:20.292Z,Galileo,23,0,8
2026-03-14T05:54:20.292Z,GPS,3,0,10
2026-03-14T05:54:20.292Z,GPS,6,0,10
2026-03-14T05:54:20.292Z,GPS,17,0,10
2026-03-14T05:54:20.292Z,GPS,1,0,10
2026-03-14T05:54:20.293Z,QZSS,2,0,10
2026-03-14T05:54:20.293Z,QZSS,3,0,10
2026-03-14T05:54:20.293Z,QZSS,7,0,10
2026-03-14T05:54:20.295Z,BeiDou,12,0,10
2026-03-14T05:54:20.295Z,BeiDou,11,0,10
2026-03-14T05:54:20.295Z,BeiDou,12,0,10
2026-03-14T05:54:20.296Z,BeiDou,11,0,10
2026-03-14T05:54:20.296Z,BeiDou,12,0,10
2026-03-14T05:54:20.296Z,BeiDou,11,0,10
2026-03-14T05:54:20.299Z,BeiDou,44,0,10
2026-03-14T05:54:20.299Z,BeiDou,21,0,10
2026-03-14T05:54:20.301Z,BeiDou,50,0,10
2026-03-14T05:54:20.305Z,BeiDou,24,0,10
2026-03-14T05:54:20.326Z,SBAS,137,0,8
2026-03-14T05:54:20.340Z,BeiDou,56,0,10
2026-03-14T05:54:20.341Z,BeiDou,7,0,10
2026-03-14T05:54:20.342Z,BeiDou,40,0,10
2026-03-14T05:54:20.342Z,BeiDou,7,0,10
2026-03-14T05:54:20.342Z,BeiDou,7,0,10
2026-03-14T05:54:20.348Z,BeiDou,38,0,10
2026-03-14T05:54:21.145Z,Galileo,18,0,8
2026-03-14T05:54:21.147Z,Galileo,13,0,8
2026-03-14T05:54:21.150Z,Galileo,27,0,8
2026-03-14T05:54:21.337Z,SBAS,137,0,8
2026-03-14T05:54:21.340Z,Galileo,21,0,8
2026-03-14T05:54:21.342Z,Galileo,23,0,8
2026-03-14T05:54:21.344Z,Galileo,26,0,8
2026-03-14T05:54:21.525Z,SBAS,128,0,8
2026-03-14T05:54:22.061Z,Galileo,18,0,8
2026-03-14T05:54:22.081Z,Galileo,13,0,8
2026-03-14T05:54:22.086Z,Galileo,26,0,8
2026-03-14T05:54:22.087Z,GLONASS,19,10,4
2026-03-14T05:54:22.087Z,Galileo,18,0,8
2026-03-14T05:54:22.088Z,Galileo,13,0,8
2026-03-14T05:54:22.088Z,GLONASS,9,5,4
2026-03-14T05:54:22.089Z,Galileo,21,0,8
2026-03-14T05:54:22.089Z,GLONASS,9,5,4
2026-03-14T05:54:22.089Z,GLONASS,9,5,4
2026-03-14T05:54:22.089Z,Galileo,21,0,8
2026-03-14T05:54:22.089Z,Galileo,26,0,8
2026-03-14T05:54:22.092Z,Galileo,23,0,8
2026-03-14T05:54:22.092Z,GLONASS,20,9,4
2026-03-14T05:54:22.092Z,GLONASS,10,0,4
2026-03-14T05:54:22.092Z,GLONASS,3,12,4
2026-03-14T05:54:22.092Z,GLONASS,4,13,4
2026-03-14T05:54:22.093Z,GLONASS,3,12,4
2026-03-14T05:54:22.093Z,Galileo,23,0,8
2026-03-14T05:54:22.095Z,GLONASS,3,12,4
2026-03-14T05:54:22.095Z,GLONASS,18,4,4
2026-03-14T05:54:22.095Z,GLONASS,16,6,4
2026-03-14T05:54:22.095Z,GLONASS,16,6,4
2026-03-14T05:54:22.095Z,GLONASS,18,4,4
2026-03-14T05:54:22.096Z,GLONASS,18,4,4
2026-03-14T05:54:22.096Z,GLONASS,16,6,4
2026-03-14T05:54:22.312Z,SBAS,137,0,8
2026-03-14T05:54:23.142Z,Galileo,18,0,8
2026-03-14T05:54:23.145Z,Galileo,13,0,8
2026-03-14T05:54:23.146Z,Galileo,27,0,8
2026-03-14T05:54:23.319Z,SBAS,137,0,8
2026-03-14T05:54:23.322Z,Galileo,21,0,8
2026-03-14T05:54:23.324Z,Galileo,23,0,8
2026-03-14T05:54:23.325Z,Galileo,26,0,8
2026-03-14T05:54:24.066Z,Galileo,18,0,8
2026-03-14T05:54:24.066Z,GPS,3,0,10
2026-03-14T05:54:24.066Z,Galileo,18,0,8
2026-03-14T05:54:24.068Z,GPS,14,0,10
2026-03-14T05:54:24.070Z,GPS,22,0,10
2026-03-14T05:54:24.071Z,GPS,1,0,10
2026-03-14T05:54:24.071Z,GPS,17,0,10
2026-03-14T05:54:24.079Z,GPS,2,0,10
2026-03-14T05:54:24.084Z,Galileo,23,0,8
2026-03-14T05:54:24.085Z,Galileo,21,0,8
2026-03-14T05:54:24.086Z,GLONASS,19,10,4
2026-03-14T05:54:24.087Z,GLONASS,19,10,4
2026-03-14T05:54:24.088Z,Galileo,13,0,8
2026-03-14T05:54:24.088Z,GLONASS,9,5,4
2026-03-14T05:54:24.088Z,Galileo,23,0,8
2026-03-14T05:54:24.089Z,GLONASS,9,5,4
2026-03-14T05:54:24.089Z,Galileo,13,0,8
2026-03-14T05:54:24.089Z,Galileo,21,0,8
2026-03-14T05:54:24.089Z,Galileo,26,0,8
2026-03-14T05:54:24.090Z,Galileo,26,0,8
2026-03-14T05:54:24.090Z,GLONASS,19,10,4
2026-03-14T05:54:24.090Z,GLONASS,9,5,4
2026-03-14T05:54:24.092Z,GLONASS,4,13,4
2026-03-14T05:54:24.092Z,GLONASS,20,9,4
2026-03-14T05:54:24.092Z,GLONASS,10,0,4
2026-03-14T05:54:24.092Z,GLONASS,4,13,4
2026-03-14T05:54:24.095Z,GLONASS,16,6,4
2026-03-14T05:54:24.123Z,QZSS,7,0,10
2026-03-14T05:54:24.124Z,GLONASS,16,6,4
2026-03-14T05:54:24.125Z,QZSS,2,0,10
2026-03-14T05:54:24.127Z,QZSS,3,0,10
2026-03-14T05:54:24.312Z,SBAS,137,0,8
2026-03-14T05:54:25.146Z,Galileo,18,0,8
2026-03-14T05:54:25.148Z,Galileo,13,0,8
2026-03-14T05:54:25.150Z,Galileo,27,0,8
2026-03-14T05:54:25.310Z,SBAS,137,0,8
2026-03-14T05:54:25.312Z,Galileo,21,0,8
2026-03-14T05:54:25.315Z,Galileo,23,0,8
2026-03-14T05:54:25.316Z,Galileo,26,0,8
2026-03-14T05:54:26.069Z,Galileo,18,0,8
2026-03-14T05:54:26.081Z,Galileo,26,0,8
2026-03-14T05:54:26.086Z,GLONASS,19,10,4
2026-03-14T05:54:26.086Z,Galileo,18,0,8
2026-03-14T05:54:26.086Z,Galileo,26,0,8
2026-03-14T05:54:26.088Z,Galileo,23,0,8
2026-03-14T05:54:26.088Z,GLONASS,19,10,4
2026-03-14T05:54:26.088Z,GLONASS,9,5,4
2026-03-14T05:54:26.089Z,Galileo,21,0,8
2026-03-14T05:54:26.089Z,GLONASS,9,5,4
2026-03-14T05:54:26.089Z,Galileo,23,0,8
2026-03-14T05:54:26.090Z,Galileo,13,0,8
2026-03-14T05:54:26.090Z,Galileo,13,0,8
2026-03-14T05:54:26.091Z,GLONASS,19,10,4
2026-03-14T05:54:26.091Z,GLONASS,9,5,4
2026-03-14T05:54:26.091Z,Galileo,21,0,8
2026-03-14T05:54:26.092Z,GLONASS,3,12,4
2026-03-14T05:54:26.095Z,GLONASS,18,4,4
2026-03-14T05:54:26.095Z,GLONASS,16,6,4
2026-03-14T05:54:26.095Z,GLONASS,16,6,4
2026-03-14T05:54:26.095Z,GLONASS,18,4,4
2026-03-14T05:54:26.095Z,GLONASS,18,4,4
2026-03-14T05:54:26.095Z,GLONASS,16,6,4
2026-03-14T05:54:26.292Z,BeiDou,34,0,10
2026-03-14T05:54:26.295Z,BeiDou,12,0,10
2026-03-14T05:54:26.295Z,BeiDou,11,0,10
2026-03-14T05:54:26.296Z,BeiDou,12,0,10
2026-03-14T05:54:26.296Z,BeiDou,11,0,10
2026-03-14T05:54:26.296Z,BeiDou,12,0,10
2026-03-14T05:54:26.296Z,BeiDou,11,0,10
2026-03-14T05:54:26.298Z,BeiDou,44,0,10
2026-03-14T05:54:26.299Z,BeiDou,21,0,10
2026-03-14T05:54:26.305Z,BeiDou,24,0,10
2026-03-14T05:54:26.319Z,SBAS,137,0,8
2026-03-14T05:54:26.339Z,BeiDou,56,0,10
2026-03-14T05:54:26.341Z,BeiDou,7,0,10
2026-03-14T05:54:26.341Z,BeiDou,40,0,10
2026-03-14T05:54:26.341Z,BeiDou,7,0,10
2026-03-14T05:54:26.341Z,BeiDou,7,0,10
2026-03-14T05:54:26.347Z,BeiDou,38,0,10
2026-03-14T05:54:27.135Z,Galileo,18,0,8
2026-03-14T05:54:27.137Z,Galileo,13,0,8
2026-03-14T05:54:27.139Z,Galileo,27,0,8
2026-03-14T05:54:27.311Z,SBAS,137,0,8
2026-03-14T05:54:27.313Z,Galileo,21,0,8
2026-03-14T05:54:27.315Z,Galileo,23,0,8
2026-03-14T05:54:27.316Z,Galileo,26,0,8
2026-03-14T05:54:28.073Z,Galileo,18,0,8
2026-03-14T05:54:28.082Z,Galileo,21,0,8
2026-03-14T05:54:28.082Z,Galileo,13,0,8
2026-03-14T05:54:28.085Z,Galileo,26,0,8
2026-03-14T05:54:28.088Z,GLONASS,19,10,4
2026-03-14T05:54:28.088Z,GLONASS,9,5,4
2026-03-14T05:54:28.088Z,GLONASS,19,10,4
2026-03-14T05:54:28.089Z,GLONASS,9,5,4
2026-03-14T05:54:28.089Z,Galileo,18,0,8
2026-03-14T05:54:28.089Z,Galileo,21,0,8
2026-03-14T05:54:28.090Z,Galileo,13,0,8
2026-03-14T05:54:28.090Z,Galileo,26,0,8
2026-03-14T05:54:28.090Z,GLONASS,19,10,4
2026-03-14T05:54:28.090Z,GLONASS,9,5,4
2026-03-14T05:54:28.092Z,Galileo,23,0,8
2026-03-14T05:54:28.092Z,GLONASS,3,12,4
2026-03-14T05:54:28.092Z,GLONASS,3,12,4
2026-03-14T05:54:28.092Z,Galileo,23,0,8
2026-03-14T05:54:28.093Z,GLONASS,3,12,4
2026-03-14T05:54:28.093Z,GLONASS,18,4,4
2026-03-14T05:54:28.094Z,GLONASS,18,4,4
2026-03-14T05:54:28.095Z,GLONASS,16,6,4
2026-03-14T05:54:28.095Z,GLONASS,18,4,4
2026-03-14T05:54:28.095Z,GLONASS,16,6,4
2026-03-14T05:54:28.095Z,GLONASS,16,6,4
2026-03-14T05:54:28.337Z,SBAS,137,0,8
2026-03-14T05:54:29.178Z,Galileo,18,0,8
2026-03-14T05:54:29.182Z,Galileo,13,0,8
2026-03-14T05:54:29.185Z,Galileo,27,0,8
2026-03-14T05:54:29.345Z,SBAS,137,0,8
2026-03-14T05:54:29.346Z,Galileo,21,0,8
2026-03-14T05:54:29.349Z,Galileo,23,0,8
2026-03-14T05:54:29.352Z,Galileo,26,0,8
2026-03-14T05:54:30.073Z,Galileo,18,0,8
2026-03-14T05:54:30.073Z,GPS,3,0,10
2026-03-14T05:54:30.074Z,Galileo,18,0,8
2026-03-14T05:54:30.074Z,GPS,14,0,10
2026-03-14T05:54:30.074Z,GPS,22,0,10
2026-03-14T05:54:30.074Z,GPS,1,0,10
2026-03-14T05:54:30.074Z,GPS,17,0,10
2026-03-14T05:54:30.079Z,GPS,2,0,10
2026-03-14T05:54:30.083Z,Galileo,23,0,8
2026-03-14T05:54:30.086Z,Galileo,21,0,8
2026-03-14T05:54:30.086Z,GLONASS,19,10,4
2026-03-14T05:54:30.088Z,Galileo,13,0,8
2026-03-14T05:54:30.088Z,GLONASS,19,10,4
2026-03-14T05:54:30.088Z,GLONASS,9,5,4
2026-03-14T05:54:30.088Z,GLONASS,9,5,4
2026-03-14T05:54:30.089Z,Galileo,23,0,8
2026-03-14T05:54:30.089Z,Galileo,21,0,8
2026-03-14T05:54:30.089Z,Galileo,26,0,8
2026-03-14T05:54:30.089Z,Galileo,26,0,8
2026-03-14T05:54:30.089Z,Galileo,13,0,8
2026-03-14T05:54:30.090Z,GLONASS,19,10,4
2026-03-14T05:54:30.090Z,GLONASS,9,5,4
2026-03-14T05:54:30.092Z,GLONASS,4,13,4
2026-03-14T05:54:30.092Z,GLONASS,3,12,4
2026-03-14T05:54:30.092Z,GLONASS,3,12,4
2026-03-14T05:54:30.092Z,GLONASS,3,12,4
2026-03-14T05:54:30.095Z,GLONASS,18,4,4
2026-03-14T05:54:30.095Z,GLONASS,16,6,4
2026-03-14T05:54:30.095Z,GLONASS,16,6,4
2026-03-14T05:54:30.095Z,GLONASS,18,4,4
2026-03-14T05:54:30.095Z,GLONASS,18,4,4
2026-03-14T05:54:30.096Z,GLONASS,16,6,4
2026-03-14T05:54:30.123Z,QZSS,7,0,10
2026-03-14T05:54:30.125Z,QZSS,2,0,10
2026-03-14T05:54:30.127Z,QZSS,3,0,10
2026-03-14T05:54:30.346Z,SBAS,137,0,8
2026-03-14T05:54:30.537Z,SBAS,128,0,8
2026-03-14T05:54:31.142Z,Galileo,18,0,8
2026-03-14T05:54:31.144Z,Galileo,13,0,8
2026-03-14T05:54:31.145Z,Galileo,27,0,8
2026-03-14T05:54:31.313Z,Galileo,21,0,8
2026-03-14T05:54:31.315Z,Galileo,23,0,8
2026-03-14T05:54:31.317Z,Galileo,26,0,8
2026-03-14T05:54:31.508Z,SBAS,128,0,8
2026-03-14T05:54:31.515Z,SBAS,137,0,8
2026-03-14T05:54:32.069Z,Galileo,18,0,8
2026-03-14T05:54:32.080Z,Galileo,26,0,8
2026-03-14T05:54:32.086Z,GLONASS,19,10,4
2026-03-14T05:54:32.086Z,Galileo,18,0,8
2026-03-14T05:54:32.086Z,GLONASS,19,10,4
2026-03-14T05:54:32.088Z,Galileo,26,0,8
2026-03-14T05:54:32.088Z,Galileo,23,0,8
2026-03-14T05:54:32.088Z,GLONASS,9,5,4
2026-03-14T05:54:32.089Z,GLONASS,9,5,4
2026-03-14T05:54:32.089Z,GLONASS,19,10,4
2026-03-14T05:54:32.090Z,Galileo,21,0,8
2026-03-14T05:54:32.090Z,Galileo,13,0,8
2026-03-14T05:54:32.090Z,Galileo,21,0,8
2026-03-14T05:54:32.091Z,Galileo,23,0,8
2026-03-14T05:54:32.091Z,GLONASS,9,5,4
2026-03-14T05:54:32.092Z,GLONASS,4,13,4
2026-03-14T05:54:32.092Z,GLONASS,3,12,4
2026-03-14T05:54:32.092Z,GLONASS,4,13,4
2026-03-14T05:54:32.092Z,GLONASS,3,12,4
2026-03-14T05:54:32.093Z,GLONASS,4,13,4
2026-03-14T05:54:32.093Z,GLONASS,3,12,4
2026-03-14T05:54:32.093Z,GLONASS,18,4,4
2026-03-14T05:54:32.093Z,Galileo,13,0,8
2026-03-14T05:54:32.095Z,GLONASS,16,6,4
2026-03-14T05:54:32.095Z,GLONASS,16,6,4
2026-03-14T05:54:32.095Z,GLONASS,16,6,4
2026-03-14T05:54:32.158Z,GPS,3,0,10
2026-03-14T05:54:32.260Z,GPS,17,0,10
2026-03-14T05:54:32.260Z,GPS,1,0,10
2026-03-14T05:54:32.260Z,QZSS,2,0,10
2026-03-14T05:54:32.260Z,QZSS,3,0,10
2026-03-14T05:54:32.261Z,QZSS,7,0,10
2026-03-14T05:54:32.291Z,BeiDou,34,0,10
2026-03-14T05:54:32.291Z,GPS,3,0,10
2026-03-14T05:54:32.292Z,GPS,17,0,10
2026-03-14T05:54:32.292Z,GPS,1,0,10
2026-03-14T05:54:32.292Z,QZSS,2,0,10
2026-03-14T05:54:32.292Z,QZSS,3,0,10
2026-03-14T05:54:32.292Z,QZSS,7,0,10
2026-03-14T05:54:32.294Z,BeiDou,12,0,10
2026-03-14T05:54:32.295Z,BeiDou,11,0,10
2026-03-14T05:54:32.295Z,BeiDou,12,0,10
2026-03-14T05:54:32.295Z,BeiDou,11,0,10
2026-03-14T05:54:32.295Z,BeiDou,12,0,10
2026-03-14T05:54:32.295Z,BeiDou,11,0,10
2026-03-14T05:54:32.297Z,BeiDou,25,0,10
2026-03-14T05:54:32.298Z,BeiDou,44,0,10
2026-03-14T05:54:32.298Z,BeiDou,21,0,10
2026-03-14T05:54:32.300Z,BeiDou,22,0,10
2026-03-14T05:54:32.339Z,BeiDou,56,0,10
2026-03-14T05:54:32.340Z,BeiDou,7,0,10
2026-03-14T05:54:32.341Z,BeiDou,40,0,10
2026-03-14T05:54:32.341Z,BeiDou,7,0,10
2026-03-14T05:54:32.341Z,BeiDou,7,0,10
2026-03-14T05:54:32.344Z,BeiDou,10,0,10
2026-03-14T05:54:32.345Z,BeiDou,10,0,10
2026-03-14T05:54:32.345Z,BeiDou,10,0,10
2026-03-14T05:54:32.347Z,BeiDou,38,0,10
2026-03-14T05:54:32.510Z,SBAS,128,0,8
2026-03-14T05:54:33.141Z,Galileo,18,0,8
2026-03-14T05:54:33.143Z,Galileo,13,0,8
2026-03-14T05:54:33.145Z,Galileo,27,0,8
2026-03-14T05:54:33.321Z,SBAS,137,0,8
2026-03-14T05:54:33.323Z,Galileo,21,0,8
2026-03-14T05:54:33.325Z,Galileo,23,0,8
2026-03-14T05:54:33.328Z,Galileo,26,0,8
2026-03-14T05:54:33.521Z,SBAS,128,0,8
2026-03-14T05:54:33.525Z,SBAS,129,0,8
2026-03-14T05:54:34.060Z,Galileo,18,0,8
2026-03-14T05:54:34.079Z,Galileo,21,0,8
2026-03-14T05:54:34.085Z,Galileo,26,0,8
2026-03-14T05:54:34.087Z,GLONASS,19,10,4
2026-03-14T05:54:34.088Z,Galileo,13,0,8
2026-03-14T05:54:34.088Z,GLONASS,9,5,4
2026-03-14T05:54:34.088Z,GLONASS,19,10,4
2026-03-14T05:54:34.088Z,GLONASS,9,5,4
2026-03-14T05:54:34.088Z,Galileo,18,0,8
2026-03-14T05:54:34.089Z,Galileo,21,0,8
2026-03-14T05:54:34.089Z,Galileo,26,0,8
2026-03-14T05:54:34.089Z,GLONASS,19,10,4
2026-03-14T05:54:34.089Z,Galileo,13,0,8
2026-03-14T05:54:34.089Z,GLONASS,9,5,4
2026-03-14T05:54:34.091Z,Galileo,23,0,8
2026-03-14T05:54:34.092Z,GLONASS,4,13,4
2026-03-14T05:54:34.092Z,GLONASS,4,13,4
2026-03-14T05:54:34.092Z,GLONASS,3,12,4
2026-03-14T05:54:34.092Z,Galileo,23,0,8
2026-03-14T05:54:34.092Z,GLONASS,4,13,4
2026-03-14T05:54:34.093Z,GLONASS,18,4,4
2026-03-14T05:54:34.094Z,GLONASS,16,6,4
2026-03-14T05:54:34.094Z,GLONASS,16,6,4
2026-03-14T05:54:34.095Z,GLONASS,16,6,4
2026-03-14T05:54:34.312Z,SBAS,137,0,8
2026-03-14T05:54:34.513Z,SBAS,128,0,8
2026-03-14T05:54:34.516Z,SBAS,129,0,8
2026-03-14T05:54:35.141Z,Galileo,18,0,8
2026-03-14T05:54:35.142Z,Galileo,13,0,8
2026-03-14T05:54:35.145Z,Galileo,27,0,8
2026-03-14T05:54:35.332Z,SBAS,137,0,8
2026-03-14T05:54:35.335Z,Galileo,21,0,8
2026-03-14T05:54:35.338Z,Galileo,23,0,8
2026-03-14T05:54:35.340Z,Galileo,26,0,8
2026-03-14T05:54:35.535Z,SBAS,128,0,8
2026-03-14T05:54:35.538Z,SBAS,129,0,8
2026-03-14T05:54:36.082Z,Galileo,18,0,8
2026-03-14T05:54:36.082Z,GPS,3,0,10
2026-03-14T05:54:36.082Z,GPS,14,0,10
2026-03-14T05:54:36.082Z,Galileo,18,0,8
2026-03-14T05:54:36.082Z,GPS,22,0,10
2026-03-14T05:54:36.083Z,GPS,1,0,10
2026-03-14T05:54:36.083Z,GPS,17,0,10
2026-03-14T05:54:36.083Z,GPS,2,0,10
2026-03-14T05:54:36.083Z,Galileo,23,0,8
2026-03-14T05:54:36.086Z,GLONASS,19,10,4
2026-03-14T05:54:36.086Z,GLONASS,19,10,4
2026-03-14T05:54:36.086Z,Galileo,23,0,8
2026-03-14T05:54:36.088Z,GLONASS,9,5,4
2026-03-14T05:54:36.088Z,GLONASS,9,5,4
2026-03-14T05:54:36.088Z,GLONASS,9,5,4
2026-03-14T05:54:36.088Z,GLONASS,19,10,4
2026-03-14T05:54:36.090Z,Galileo,21,0,8
2026-03-14T05:54:36.090Z,Galileo,26,0,8
2026-03-14T05:54:36.093Z,GLONASS,4,13,4
2026-03-14T05:54:36.093Z,Galileo,13,0,8
2026-03-14T05:54:36.093Z,GLONASS,18,4,4
2026-03-14T05:54:36.093Z,GLONASS,4,13,4
2026-03-14T05:54:36.094Z,GLONASS,3,12,4
2026-03-14T05:54:36.095Z,GLONASS,16,6,4
2026-03-14T05:54:36.095Z,GLONASS,16,6,4
2026-03-14T05:54:36.096Z,Galileo,21,0,8
2026-03-14T05:54:36.096Z,Galileo,26,0,8
2026-03-14T05:54:36.096Z,GLONASS,4,13,4
2026-03-14T05:54:36.096Z,Galileo,13,0,8
2026-03-14T05:54:36.097Z,GLONASS,16,6,4
2026-03-14T05:54:36.123Z,QZSS,7,0,10
2026-03-14T05:54:36.124Z,QZSS,2,0,10
2026-03-14T05:54:36.127Z,QZSS,3,0,10
2026-03-14T05:54:36.553Z,SBAS,128,0,8
2026-03-14T05:54:36.557Z,SBAS,129,0,8
2026-03-14T05:54:36.562Z,SBAS,137,0,8
2026-03-14T05:54:37.171Z,Galileo,18,0,8
2026-03-14T05:54:37.173Z,Galileo,13,0,8
2026-03-14T05:54:37.175Z,Galileo,27,0,8
2026-03-14T05:54:37.341Z,SBAS,137,0,8
2026-03-14T05:54:37.344Z,Galileo,21,0,8
2026-03-14T05:54:37.347Z,Galileo,23,0,8
2026-03-14T05:54:37.349Z,Galileo,26,0,8
2026-03-14T05:54:37.555Z,SBAS,128,0,8
2026-03-14T05:54:37.560Z,SBAS,129,0,8
2026-03-14T05:54:38.069Z,Galileo,18,0,8
2026-03-14T05:54:38.082Z,Galileo,26,0,8
2026-03-14T05:54:38.083Z,Galileo,13,0,8
2026-03-14T05:54:38.086Z,GLONASS,19,10,4
2026-03-14T05:54:38.086Z,Galileo,18,0,8
2026-03-14T05:54:38.086Z,Galileo,26,0,8
2026-03-14T05:54:38.089Z,GLONASS,19,10,4
2026-03-14T05:54:38.089Z,Galileo,23,0,8
2026-03-14T05:54:38.089Z,GLONASS,9,5,4
2026-03-14T05:54:38.090Z,GLONASS,9,5,4
2026-03-14T05:54:38.090Z,GLONASS,19,10,4
2026-03-14T05:54:38.090Z,Galileo,23,0,8
2026-03-14T05:54:38.090Z,Galileo,13,0,8
2026-03-14T05:54:38.091Z,GLONASS,9,5,4
2026-03-14T05:54:38.092Z,GLONASS,4,13,4
2026-03-14T05:54:38.092Z,GLONASS,4,13,4
2026-03-14T05:54:38.092Z,GLONASS,3,12,4
2026-03-14T05:54:38.092Z,GLONASS,4,13,4
2026-03-14T05:54:38.093Z,GLONASS,18,4,4
2026-03-14T05:54:38.095Z,GLONASS,16,6,4
2026-03-14T05:54:38.095Z,GLONASS,16,6,4
2026-03-14T05:54:38.197Z,Galileo,21,0,8
2026-03-14T05:54:38.291Z,BeiDou,34,0,10
2026-03-14T05:54:38.291Z,GLONASS,16,6,4
2026-03-14T05:54:38.292Z,Galileo,21,0,8
2026-03-14T05:54:38.295Z,BeiDou,12,0,10
2026-03-14T05:54:38.295Z,BeiDou,11,0,10
2026-03-14T05:54:38.295Z,BeiDou,12,0,10
2026-03-14T05:54:38.295Z,BeiDou,11,0,10
2026-03-14T05:54:38.295Z,BeiDou,12,0,10
2026-03-14T05:54:38.296Z,BeiDou,11,0,10
2026-03-14T05:54:38.297Z,BeiDou,25,0,10
2026-03-14T05:54:38.298Z,BeiDou,44,0,10
2026-03-14T05:54:38.299Z,BeiDou,21,0,10
2026-03-14T05:54:38.300Z,BeiDou,22,0,10
2026-03-14T05:54:38.339Z,BeiDou,56,0,10
2026-03-14T05:54:38.340Z,BeiDou,40,0,10
2026-03-14T05:54:38.340Z,BeiDou,7,0,10
2026-03-14T05:54:38.341Z,BeiDou,7,0,10
2026-03-14T05:54:38.345Z,BeiDou,10,0,10
2026-03-14T05:54:38.345Z,BeiDou,10,0,10
2026-03-14T05:54:38.345Z,BeiDou,7,0,10
2026-03-14T05:54:38.345Z,BeiDou,10,0,10
2026-03-14T05:54:38.347Z,BeiDou,38,0,10
2026-03-14T05:54:38.348Z,SBAS,137,0,8
2026-03-14T05:54:38.517Z,SBAS,128,0,8
2026-03-14T05:54:38.520Z,SBAS,129,0,8
2026-03-14T05:54:39.145Z,Galileo,18,0,8
2026-03-14T05:54:39.146Z,Galileo,13,0,8
2026-03-14T05:54:39.148Z,Galileo,27,0,8
2026-03-14T05:54:39.317Z,Galileo,21,0,8
2026-03-14T05:54:39.319Z,Galileo,23,0,8
2026-03-14T05:54:39.322Z,Galileo,26,0,8
2026-03-14T05:54:39.510Z,SBAS,128,0,8
2026-03-14T05:54:39.513Z,SBAS,129,0,8
2026-03-14T05:54:39.517Z,SBAS,137,0,8
2026-03-14T05:54:40.063Z,Galileo,18,0,8
2026-03-14T05:54:40.080Z,Galileo,21,0,8
2026-03-14T05:54:40.088Z,Galileo,26,0,8
2026-03-14T05:54:40.088Z,GLONASS,19,10,4
2026-03-14T05:54:40.088Z,GLONASS,9,5,4
2026-03-14T05:54:40.088Z,GLONASS,19,10,4
2026-03-14T05:54:40.088Z,Galileo,13,0,8
2026-03-14T05:54:40.089Z,GLONASS,9,5,4
2026-03-14T05:54:40.089Z,Galileo,18,0,8
2026-03-14T05:54:40.089Z,Galileo,21,0,8
2026-03-14T05:54:40.089Z,Galileo,26,0,8
2026-03-14T05:54:40.089Z,GLONASS,19,10,4
2026-03-14T05:54:40.090Z,GLONASS,9,5,4
2026-03-14T05:54:40.090Z,Galileo,13,0,8
2026-03-14T05:54:40.091Z,GLONASS,4,13,4
2026-03-14T05:54:40.092Z,GLONASS,4,13,4
2026-03-14T05:54:40.092Z,GLONASS,3,12,4
2026-03-14T05:54:40.092Z,GLONASS,4,13,4
2026-03-14T05:54:40.093Z,Galileo,23,0,8
2026-03-14T05:54:40.093Z,GLONASS,18,4,4
2026-03-14T05:54:40.094Z,Galileo,23,0,8
2026-03-14T05:54:40.095Z,GLONASS,16,6,4
2026-03-14T05:54:40.096Z,GLONASS,16,6,4
2026-03-14T05:54:40.334Z,SBAS,137,0,8
2026-03-14T05:54:40.334Z,GLONASS,16,6,4
2026-03-14T05:54:40.545Z,SBAS,128,0,8
2026-03-14T05:54:40.550Z,SBAS,129,0,8
2026-03-14T05:54:41.149Z,Galileo,18,0,8
2026-03-14T05:54:41.152Z,Galileo,13,0,8
2026-03-14T05:54:41.153Z,Galileo,27,0,8
2026-03-14T05:54:41.317Z,SBAS,137,0,8
2026-03-14T05:54:41.319Z,Galileo,21,0,8
2026-03-14T05:54:41.321Z,Galileo,23,0,8
2026-03-14T05:54:41.323Z,Galileo,26,0,8
2026-03-14T05:54:41.529Z,SBAS,128,0,8
2026-03-14T05:54:41.534Z,SBAS,129,0,8
2026-03-14T05:54:42.067Z,GPS,3,0,10
2026-03-14T05:54:42.067Z,Galileo,18,0,8
2026-03-14T05:54:42.067Z,GPS,14,0,10
2026-03-14T05:54:42.067Z,Galileo,18,0,8
2026-03-14T05:54:42.070Z,GPS,22,0,10
2026-03-14T05:54:42.070Z,GPS,1,0,10
2026-03-14T05:54:42.071Z,GPS,17,0,10
2026-03-14T05:54:42.079Z,GPS,2,0,10
2026-03-14T05:54:42.080Z,Galileo,26,0,8
2026-03-14T05:54:42.083Z,Galileo,23,0,8
2026-03-14T05:54:42.086Z,GLONASS,19,10,4
2026-03-14T05:54:42.086Z,Galileo,26,0,8
2026-03-14T05:54:42.086Z,Galileo,23,0,8
2026-03-14T05:54:42.086Z,GLONASS,19,10,4
2026-03-14T05:54:42.086Z,GLONASS,19,10,4
2026-03-14T05:54:42.087Z,GLONASS,9,5,4
2026-03-14T05:54:42.088Z,GLONASS,9,5,4
2026-03-14T05:54:42.090Z,Galileo,21,0,8
2026-03-14T05:54:42.091Z,GLONASS,4,13,4
2026-03-14T05:54:42.092Z,GLONASS,4,13,4
2026-03-14T05:54:42.092Z,GLONASS,3,12,4
2026-03-14T05:54:42.092Z,Galileo,13,0,8
2026-03-14T05:54:42.092Z,GLONASS,9,5,4
2026-03-14T05:54:42.093Z,Galileo,21,0,8
2026-03-14T05:54:42.093Z,GLONASS,18,4,4
2026-03-14T05:54:42.093Z,GLONASS,4,13,4
2026-03-14T05:54:42.094Z,Galileo,13,0,8
2026-03-14T05:54:42.095Z,GLONASS,16,6,4
2026-03-14T05:54:42.123Z,QZSS,7,0,10
2026-03-14T05:54:42.124Z,QZSS,2,0,10
2026-03-14T05:54:42.127Z,QZSS,3,0,10
2026-03-14T05:54:42.328Z,SBAS,137,0,8
2026-03-14T05:54:42.531Z,SBAS,128,0,8
2026-03-14T05:54:42.535Z,SBAS,129,0,8
2026-03-14T05:54:43.156Z,Galileo,18,0,8
2026-03-14T05:54:43.158Z,Galileo,13,0,8
2026-03-14T05:54:43.161Z,Galileo,27,0,8
2026-03-14T05:54:43.323Z,SBAS,137,0,8
2026-03-14T05:54:43.325Z,Galileo,21,0,8
2026-03-14T05:54:43.328Z,Galileo,23,0,8
2026-03-14T05:54:43.330Z,Galileo,26,0,8
2026-03-14T05:54:43.521Z,SBAS,128,0,8
2026-03-14T05:54:43.525Z,SBAS,129,0,8
2026-03-14T05:54:44.069Z,Galileo,18,0,8
2026-03-14T05:54:44.080Z,Galileo,13,0,8
2026-03-14T05:54:44.085Z,Galileo,26,0,8
2026-03-14T05:54:44.086Z,GLONASS,19,10,4
2026-03-14T05:54:44.086Z,Galileo,18,0,8
2026-03-14T05:54:44.086Z,Galileo,13,0,8
2026-03-14T05:54:44.086Z,Galileo,26,0,8
2026-03-14T05:54:44.088Z,Galileo,23,0,8
2026-03-14T05:54:44.088Z,GLONASS,9,5,4
2026-03-14T05:54:44.088Z,GLONASS,9,5,4
2026-03-14T05:54:44.088Z,Galileo,23,0,8
2026-03-14T05:54:44.088Z,GLONASS,9,5,4
2026-03-14T05:54:44.091Z,GLONASS,4,13,4
2026-03-14T05:54:44.091Z,GLONASS,3,12,4
2026-03-14T05:54:44.092Z,GLONASS,3,12,4
2026-03-14T05:54:44.092Z,GLONASS,3,12,4
2026-03-14T05:54:44.093Z,GLONASS,18,4,4
2026-03-14T05:54:44.094Z,GLONASS,16,6,4
2026-03-14T05:54:44.095Z,GLONASS,16,6,4
2026-03-14T05:54:44.155Z,Galileo,21,0,8
2026-03-14T05:54:44.155Z,GPS,3,0,10
2026-03-14T05:54:44.156Z,GPS,14,0,10
2026-03-14T05:54:44.261Z,GPS,17,0,10
2026-03-14T05:54:44.261Z,GPS,1,0,10
2026-03-14T05:54:44.261Z,QZSS,2,0,10
2026-03-14T05:54:44.261Z,QZSS,3,0,10
2026-03-14T05:54:44.261Z,QZSS,7,0,10
2026-03-14T05:54:44.291Z,BeiDou,34,0,10
2026-03-14T05:54:44.291Z,GLONASS,16,6,4
2026-03-14T05:54:44.291Z,Galileo,21,0,8
2026-03-14T05:54:44.292Z,GPS,3,0,10
2026-03-14T05:54:44.292Z,GPS,14,0,10
2026-03-14T05:54:44.292Z,GPS,17,0,10
2026-03-14T05:54:44.292Z,GPS,1,0,10
2026-03-14T05:54:44.292Z,QZSS,2,0,10
2026-03-14T05:54:44.292Z,QZSS,3,0,10
2026-03-14T05:54:44.293Z,QZSS,7,0,10
2026-03-14T05:54:44.294Z,BeiDou,12,0,10
2026-03-14T05:54:44.295Z,BeiDou,11,0,10
2026-03-14T05:54:44.295Z,BeiDou,12,0,10
2026-03-14T05:54:44.295Z,BeiDou,11,0,10
2026-03-14T05:54:44.295Z,BeiDou,12,0,10
2026-03-14T05:54:44.295Z,BeiDou,11,0,10
2026-03-14T05:54:44.297Z,BeiDou,25,0,10
2026-03-14T05:54:44.298Z,BeiDou,44,0,10
2026-03-14T05:54:44.298Z,BeiDou,21,0,10
2026-03-14T05:54:44.299Z,BeiDou,50,0,10
2026-03-14T05:54:44.300Z,BeiDou,22,0,10
2026-03-14T05:54:44.304Z,BeiDou,24,0,10
2026-03-14T05:54:44.304Z,BeiDou,42,0,10
2026-03-14T05:54:44.328Z,SBAS,137,0,8
2026-03-14T05:54:44.339Z,BeiDou,56,0,10
2026-03-14T05:54:44.340Z,BeiDou,40,0,10
2026-03-14T05:54:44.340Z,BeiDou,7,0,10
2026-03-14T05:54:44.344Z,BeiDou,10,0,10
2026-03-14T05:54:44.344Z,BeiDou,10,0,10
2026-03-14T05:54:44.344Z,BeiDou,10,0,10
2026-03-14T05:54:44.347Z,BeiDou,38,0,10
2026-03-14T05:54:44.353Z,BeiDou,8,0,10
2026-03-14T05:54:44.521Z,SBAS,128,0,8
2026-03-14T05:54:44.524Z,SBAS,129,0,8
2026-03-14T05:54:45.141Z,Galileo,18,0,8
2026-03-14T05:54:45.143Z,Galileo,13,0,8
2026-03-14T05:54:45.145Z,Galileo,27,0,8
2026-03-14T05:54:45.316Z,SBAS,137,0,8
2026-03-14T05:54:45.318Z,Galileo,21,0,8
2026-03-14T05:54:45.321Z,Galileo,23,0,8
2026-03-14T05:54:45.322Z,Galileo,26,0,8
2026-03-14T05:54:45.522Z,SBAS,128,0,8
2026-03-14T05:54:45.526Z,SBAS,129,0,8
2026-03-14T05:54:46.066Z,Galileo,18,0,8
2026-03-14T05:54:46.079Z,Galileo,21,0,8
2026-03-14T05:54:46.085Z,Galileo,26,0,8
2026-03-14T05:54:46.086Z,Galileo,13,0,8
2026-03-14T05:54:46.088Z,GLONASS,9,5,4
2026-03-14T05:54:46.089Z,GLONASS,19,10,4
2026-03-14T05:54:46.089Z,GLONASS,9,5,4
2026-03-14T05:54:46.089Z,Galileo,18,0,8
2026-03-14T05:54:46.089Z,Galileo,21,0,8
2026-03-14T05:54:46.089Z,Galileo,26,0,8
2026-03-14T05:54:46.090Z,Galileo,13,0,8
2026-03-14T05:54:46.090Z,GLONASS,9,5,4
2026-03-14T05:54:46.091Z,Galileo,23,0,8
2026-03-14T05:54:46.091Z,GLONASS,4,13,4
2026-03-14T05:54:46.092Z,GLONASS,3,12,4
2026-03-14T05:54:46.092Z,GLONASS,3,12,4
2026-03-14T05:54:46.092Z,Galileo,23,0,8
2026-03-14T05:54:46.092Z,GLONASS,3,12,4
2026-03-14T05:54:46.093Z,GLONASS,18,4,4
2026-03-14T05:54:46.094Z,GLONASS,18,4,4
2026-03-14T05:54:46.094Z,GLONASS,18,4,4
2026-03-14T05:54:46.094Z,GLONASS,16,6,4
2026-03-14T05:54:46.095Z,GLONASS,16,6,4
2026-03-14T05:54:46.324Z,SBAS,137,0,8
2026-03-14T05:54:46.325Z,GLONASS,16,6,4
2026-03-14T05:54:46.522Z,SBAS,128,0,8
2026-03-14T05:54:46.526Z,SBAS,129,0,8
2026-03-14T05:54:47.156Z,Galileo,18,0,8
2026-03-14T05:54:47.159Z,Galileo,13,0,8
2026-03-14T05:54:47.162Z,Galileo,27,0,8
2026-03-14T05:54:47.324Z,SBAS,137,0,8
2026-03-14T05:54:47.325Z,Galileo,21,0,8
2026-03-14T05:54:47.328Z,Galileo,23,0,8
2026-03-14T05:54:47.330Z,Galileo,26,0,8
2026-03-14T05:54:47.515Z,SBAS,128,0,8
2026-03-14T05:54:47.519Z,SBAS,129,0,8
2026-03-14T05:54:48.064Z,Galileo,18,0,8
2026-03-14T05:54:48.066Z,GPS,3,0,10
2026-03-14T05:54:48.066Z,Galileo,18,0,8
2026-03-14T05:54:48.067Z,GPS,14,0,10
2026-03-14T05:54:48.070Z,GPS,22,0,10
2026-03-14T05:54:48.070Z,GPS,1,0,10
2026-03-14T05:54:48.071Z,GPS,17,0,10
2026-03-14T05:54:48.079Z,GPS,2,0,10
2026-03-14T05:54:48.083Z,Galileo,23,0,8
2026-03-14T05:54:48.086Z,GLONASS,19,10,4
2026-03-14T05:54:48.086Z,Galileo,23,0,8
2026-03-14T05:54:48.087Z,GLONASS,9,5,4
2026-03-14T05:54:48.087Z,GLONASS,9,5,4
2026-03-14T05:54:48.089Z,Galileo,21,0,8
2026-03-14T05:54:48.090Z,Galileo,26,0,8
2026-03-14T05:54:48.092Z,GLONASS,4,13,4
2026-03-14T05:54:48.092Z,Galileo,13,0,8
2026-03-14T05:54:48.092Z,GLONASS,3,12,4
2026-03-14T05:54:48.092Z,GLONASS,4,13,4
2026-03-14T05:54:48.092Z,GLONASS,3,12,4
2026-03-14T05:54:48.092Z,GLONASS,9,5,4
2026-03-14T05:54:48.093Z,GLONASS,18,4,4
2026-03-14T05:54:48.094Z,Galileo,21,0,8
2026-03-14T05:54:48.094Z,Galileo,26,0,8
2026-03-14T05:54:48.094Z,GLONASS,4,13,4
2026-03-14T05:54:48.094Z,Galileo,13,0,8
2026-03-14T05:54:48.094Z,GLONASS,16,6,4
2026-03-14T05:54:48.095Z,GLONASS,3,12,4
2026-03-14T05:54:48.123Z,QZSS,7,0,10
2026-03-14T05:54:48.124Z,QZSS,2,0,10
2026-03-14T05:54:48.127Z,QZSS,3,0,10
2026-03-14T05:54:48.309Z,SBAS,137,0,8
2026-03-14T05:54:48.518Z,SBAS,128,0,8
2026-03-14T05:54:48.524Z,SBAS,129,0,8
2026-03-14T05:54:49.141Z,Galileo,18,0,8
2026-03-14T05:54:49.142Z,Galileo,13,0,8
2026-03-14T05:54:49.144Z,Galileo,27,0,8
2026-03-14T05:54:49.304Z,SBAS,137,0,8
2026-03-14T05:54:49.306Z,Galileo,21,0,8
2026-03-14T05:54:49.308Z,Galileo,23,0,8
2026-03-14T05:54:49.310Z,Galileo,26,0,8
2026-03-14T05:54:49.511Z,SBAS,128,0,8
2026-03-14T05:54:50.069Z,Galileo,18,0,8
2026-03-14T05:54:50.081Z,Galileo,26,0,8
2026-03-14T05:54:50.082Z,Galileo,13,0,8
2026-03-14T05:54:50.085Z,GLONASS,19,10,4
2026-03-14T05:54:50.086Z,Galileo,18,0,8
2026-03-14T05:54:50.086Z,Galileo,26,0,8
2026-03-14T05:54:50.086Z,Galileo,13,0,8
2026-03-14T05:54:50.087Z,Galileo,23,0,8
2026-03-14T05:54:50.088Z,GLONASS,9,5,4
2026-03-14T05:54:50.088Z,GLONASS,9,5,4
2026-03-14T05:54:50.088Z,Galileo,23,0,8
2026-03-14T05:54:50.088Z,GLONASS,9,5,4
2026-03-14T05:54:50.091Z,GLONASS,3,12,4
2026-03-14T05:54:50.093Z,GLONASS,18,4,4
2026-03-14T05:54:50.095Z,GLONASS,18,4,4
2026-03-14T05:54:50.095Z,GLONASS,16,6,4
2026-03-14T05:54:50.095Z,GLONASS,18,4,4
2026-03-14T05:54:50.262Z,Galileo,21,0,8
2026-03-14T05:54:50.291Z,BeiDou,34,0,10
2026-03-14T05:54:50.291Z,Galileo,21,0,8
2026-03-14T05:54:50.294Z,BeiDou,12,0,10
2026-03-14T05:54:50.294Z,BeiDou,11,0,10
2026-03-14T05:54:50.295Z,BeiDou,12,0,10
2026-03-14T05:54:50.295Z,BeiDou,11,0,10
2026-03-14T05:54:50.295Z,BeiDou,12,0,10
2026-03-14T05:54:50.295Z,BeiDou,11,0,10
2026-03-14T05:54:50.297Z,BeiDou,25,0,10
2026-03-14T05:54:50.298Z,BeiDou,44,0,10
2026-03-14T05:54:50.298Z,BeiDou,21,0,10
2026-03-14T05:54:50.299Z,BeiDou,50,0,10
2026-03-14T05:54:50.300Z,BeiDou,22,0,10
2026-03-14T05:54:50.324Z,SBAS,137,0,8
2026-03-14T05:54:50.339Z,BeiDou,56,0,10
2026-03-14T05:54:50.340Z,BeiDou,40,0,10
2026-03-14T05:54:50.340Z,BeiDou,7,0,10
2026-03-14T05:54:50.344Z,BeiDou,10,0,10
2026-03-14T05:54:50.344Z,BeiDou,10,0,10
2026-03-14T05:54:50.344Z,BeiDou,10,0,10
2026-03-14T05:54:50.347Z,BeiDou,38,0,10
2026-03-14T05:54:51.143Z,Galileo,18,0,8
2026-03-14T05:54:51.145Z,Galileo,13,0,8
2026-03-14T05:54:51.147Z,Galileo,27,0,8
2026-03-14T05:54:51.322Z,SBAS,137,0,8
2026-03-14T05:54:51.324Z,Galileo,21,0,8
2026-03-14T05:54:51.326Z,Galileo,23,0,8
2026-03-14T05:54:51.328Z,Galileo,26,0,8
2026-03-14T05:54:52.063Z,Galileo,18,0,8
2026-03-14T05:54:52.080Z,Galileo,21,0,8
2026-03-14T05:54:52.085Z,Galileo,26,0,8
2026-03-14T05:54:52.087Z,GLONASS,19,10,4
2026-03-14T05:54:52.088Z,Galileo,13,0,8
2026-03-14T05:54:52.088Z,GLONASS,9,5,4
2026-03-14T05:54:52.088Z,GLONASS,19,10,4
2026-03-14T05:54:52.088Z,GLONASS,9,5,4
2026-03-14T05:54:52.088Z,Galileo,18,0,8
2026-03-14T05:54:52.088Z,Galileo,21,0,8
2026-03-14T05:54:52.089Z,Galileo,26,0,8
2026-03-14T05:54:52.089Z,GLONASS,19,10,4
2026-03-14T05:54:52.089Z,Galileo,13,0,8
2026-03-14T05:54:52.089Z,GLONASS,9,5,4
2026-03-14T05:54:52.090Z,Galileo,23,0,8
2026-03-14T05:54:52.091Z,GLONASS,4,13,4
2026-03-14T05:54:52.091Z,Galileo,23,0,8
2026-03-14T05:54:52.091Z,GLONASS,3,12,4
2026-03-14T05:54:52.093Z,GLONASS,18,4,4
2026-03-14T05:54:52.093Z,GLONASS,18,4,4
2026-03-14T05:54:52.094Z,GLONASS,18,4,4
2026-03-14T05:54:52.094Z,GLONASS,16,6,4
2026-03-14T05:54:52.095Z,GLONASS,16,6,4
2026-03-14T05:54:52.321Z,SBAS,137,0,8
2026-03-14T05:54:52.321Z,GLONASS,16,6,4
2026-03-14T05:54:53.154Z,Galileo,18,0,8
2026-03-14T05:54:53.156Z,Galileo,13,0,8
2026-03-14T05:54:53.159Z,Galileo,27,0,8
2026-03-14T05:54:53.326Z,SBAS,137,0,8
2026-03-14T05:54:53.329Z,Galileo,21,0,8
2026-03-14T05:54:53.331Z,Galileo,23,0,8
2026-03-14T05:54:53.333Z,Galileo,26,0,8
2026-03-14T05:54:54.064Z,Galileo,18,0,8
2026-03-14T05:54:54.066Z,GPS,3,0,10
2026-03-14T05:54:54.066Z,Galileo,18,0,8
2026-03-14T05:54:54.067Z,GPS,14,0,10
2026-03-14T05:54:54.070Z,GPS,22,0,10
2026-03-14T05:54:54.070Z,GPS,1,0,10
2026-03-14T05:54:54.071Z,GPS,17,0,10
2026-03-14T05:54:54.083Z,Galileo,23,0,8
2026-03-14T05:54:54.086Z,GLONASS,19,10,4
2026-03-14T05:54:54.086Z,GLONASS,19,10,4
2026-03-14T05:54:54.086Z,Galileo,23,0,8
2026-03-14T05:54:54.087Z,GLONASS,19,10,4
2026-03-14T05:54:54.087Z,GLONASS,9,5,4
2026-03-14T05:54:54.087Z,GLONASS,9,5,4
2026-03-14T05:54:54.087Z,GLONASS,9,5,4
2026-03-14T05:54:54.089Z,Galileo,21,0,8
2026-03-14T05:54:54.090Z,Galileo,26,0,8
2026-03-14T05:54:54.091Z,GLONASS,4,13,4
2026-03-14T05:54:54.091Z,Galileo,21,0,8
2026-03-14T05:54:54.091Z,Galileo,13,0,8
2026-03-14T05:54:54.092Z,GLONASS,4,13,4
2026-03-14T05:54:54.092Z,GLONASS,3,12,4
2026-03-14T05:54:54.092Z,Galileo,13,0,8
2026-03-14T05:54:54.092Z,Galileo,26,0,8
2026-03-14T05:54:54.092Z,GLONASS,4,13,4
2026-03-14T05:54:54.094Z,GLONASS,16,6,4
2026-03-14T05:54:54.122Z,QZSS,7,0,10
2026-03-14T05:54:54.124Z,QZSS,2,0,10
2026-03-14T05:54:54.127Z,QZSS,3,0,10
2026-03-14T05:54:54.311Z,SBAS,137,0,8
2026-03-14T05:54:55.156Z,Galileo,18,0,8
2026-03-14T05:54:55.159Z,Galileo,13,0,8
2026-03-14T05:54:55.161Z,Galileo,27,0,8
2026-03-14T05:54:55.311Z,SBAS,137,0,8
2026-03-14T05:54:55.313Z,Galileo,21,0,8
2026-03-14T05:54:55.315Z,Galileo,23,0,8
2026-03-14T05:54:55.317Z,Galileo,26,0,8
2026-03-14T05:54:55.519Z,SBAS,128,0,8
2026-03-14T05:54:56.068Z,Galileo,18,0,8
2026-03-14T05:54:56.081Z,Galileo,26,0,8
2026-03-14T05:54:56.085Z,Galileo,13,0,8
2026-03-14T05:54:56.085Z,GLONASS,19,10,4
2026-03-14T05:54:56.086Z,Galileo,18,0,8
2026-03-14T05:54:56.086Z,Galileo,26,0,8
2026-03-14T05:54:56.086Z,Galileo,13,0,8
2026-03-14T05:54:56.087Z,Galileo,23,0,8
2026-03-14T05:54:56.088Z,GLONASS,9,5,4
2026-03-14T05:54:56.088Z,GLONASS,9,5,4
2026-03-14T05:54:56.088Z,Galileo,23,0,8
2026-03-14T05:54:56.088Z,GLONASS,9,5,4
2026-03-14T05:54:56.091Z,GLONASS,4,13,4
2026-03-14T05:54:56.091Z,GLONASS,4,13,4
2026-03-14T05:54:56.091Z,GLONASS,3,12,4
2026-03-14T05:54:56.091Z,GLONASS,4,13,4
2026-03-14T05:54:56.094Z,GLONASS,18,4,4
2026-03-14T05:54:56.094Z,GLONASS,18,4,4
2026-03-14T05:54:56.094Z,GLONASS,18,4,4
2026-03-14T05:54:56.094Z,GLONASS,16,6,4
2026-03-14T05:54:56.095Z,GLONASS,16,6,4
2026-03-14T05:54:56.157Z,Galileo,21,0,8
2026-03-14T05:54:56.160Z,GPS,17,0,10
2026-03-14T05:54:56.164Z,GPS,1,0,10
2026-03-14T05:54:56.167Z,GPS,3,0,10
2026-03-14T05:54:56.170Z,GPS,14,0,10
2026-03-14T05:54:56.268Z,QZSS,7,0,10
2026-03-14T05:54:56.269Z,QZSS,2,0,10
2026-03-14T05:54:56.269Z,QZSS,3,0,10
2026-03-14T05:54:56.291Z,BeiDou,34,0,10
2026-03-14T05:54:56.291Z,GLONASS,16,6,4
2026-03-14T05:54:56.291Z,Galileo,21,0,8
2026-03-14T05:54:56.291Z,GPS,17,0,10
2026-03-14T05:54:56.291Z,GPS,1,0,10
2026-03-14T05:54:56.292Z,GPS,3,0,10
2026-03-14T05:54:56.292Z,GPS,14,0,10
2026-03-14T05:54:56.292Z,QZSS,7,0,10
2026-03-14T05:54:56.292Z,QZSS,2,0,10
2026-03-14T05:54:56.292Z,QZSS,3,0,10
2026-03-14T05:54:56.294Z,BeiDou,12,0,10
2026-03-14T05:54:56.294Z,BeiDou,11,0,10
2026-03-14T05:54:56.294Z,BeiDou,12,0,10
2026-03-14T05:54:56.295Z,BeiDou,11,0,10
2026-03-14T05:54:56.295Z,BeiDou,12,0,10
2026-03-14T05:54:56.295Z,BeiDou,11,0,10
2026-03-14T05:54:56.297Z,BeiDou,25,0,10
2026-03-14T05:54:56.298Z,BeiDou,21,0,10
2026-03-14T05:54:56.304Z,BeiDou,42,0,10
2026-03-14T05:54:56.329Z,SBAS,137,0,8
2026-03-14T05:54:56.338Z,BeiDou,56,0,10
2026-03-14T05:54:56.341Z,BeiDou,7,0,10
2026-03-14T05:54:56.341Z,BeiDou,40,0,10
2026-03-14T05:54:56.341Z,BeiDou,7,0,10
2026-03-14T05:54:56.341Z,BeiDou,7,0,10
2026-03-14T05:54:56.344Z,BeiDou,10,0,10
2026-03-14T05:54:56.347Z,BeiDou,38,0,10
2026-03-14T05:54:57.154Z,Galileo,18,0,8
2026-03-14T05:54:57.157Z,Galileo,13,0,8
2026-03-14T05:54:57.159Z,Galileo,27,0,8
2026-03-14T05:54:57.314Z,SBAS,137,0,8
2026-03-14T05:54:57.316Z,Galileo,21,0,8
2026-03-14T05:54:57.318Z,Galileo,23,0,8
2026-03-14T05:54:57.321Z,Galileo,26,0,8
2026-03-14T05:54:58.060Z,Galileo,18,0,8
2026-03-14T05:54:58.079Z,Galileo,21,0,8
2026-03-14T05:54:58.084Z,Galileo,26,0,8
2026-03-14T05:54:58.086Z,GLONASS,19,10,4
2026-03-14T05:54:58.086Z,Galileo,18,0,8
2026-03-14T05:54:58.087Z,GLONASS,9,5,4
2026-03-14T05:54:58.087Z,Galileo,21,0,8
2026-03-14T05:54:58.088Z,GLONASS,9,5,4
2026-03-14T05:54:58.088Z,GLONASS,9,5,4
2026-03-14T05:54:58.088Z,Galileo,13,0,8
2026-03-14T05:54:58.088Z,Galileo,13,0,8
2026-03-14T05:54:58.088Z,Galileo,26,0,8
2026-03-14T05:54:58.090Z,Galileo,23,0,8
2026-03-14T05:54:58.091Z,GLONASS,20,9,4
2026-03-14T05:54:58.091Z,GLONASS,10,0,4
2026-03-14T05:54:58.091Z,GLONASS,4,13,4
2026-03-14T05:54:58.091Z,GLONASS,3,12,4
2026-03-14T05:54:58.091Z,Galileo,23,0,8
2026-03-14T05:54:58.093Z,GLONASS,18,4,4
2026-03-14T05:54:58.094Z,GLONASS,16,6,4
2026-03-14T05:54:58.094Z,GLONASS,18,4,4
2026-03-14T05:54:58.307Z,SBAS,137,0,8
2026-03-14T05:54:59.124Z,Galileo,18,0,8
2026-03-14T05:54:59.126Z,Galileo,13,0,8
2026-03-14T05:54:59.128Z,Galileo,27,0,8
2026-03-14T05:54:59.306Z,SBAS,137,0,8
2026-03-14T05:54:59.309Z,Galileo,21,0,8
2026-03-14T05:54:59.311Z,Galileo,23,0,8
2026-03-14T05:54:59.312Z,Galileo,26,0,8
2026-03-14T05:55:00.064Z,Galileo,18,0,8
2026-03-14T05:55:00.065Z,GPS,3,0,10
2026-03-14T05:55:00.066Z,Galileo,18,0,8
2026-03-14T05:55:00.066Z,GPS,14,0,10
2026-03-14T05:55:00.069Z,GPS,22,0,10
2026-03-14T05:55:00.070Z,GPS,1,0,10
2026-03-14T05:55:00.071Z,GPS,17,0,10
2026-03-14T05:55:00.080Z,Galileo,13,0,8
2026-03-14T05:55:00.083Z,Galileo,23,0,8
2026-03-14T05:55:00.085Z,GLONASS,19,10,4
2026-03-14T05:55:00.085Z,Galileo,13,0,8
2026-03-14T05:55:00.086Z,Galileo,23,0,8
2026-03-14T05:55:00.086Z,GLONASS,9,5,4
2026-03-14T05:55:00.087Z,GLONASS,9,5,4
2026-03-14T05:55:00.088Z,Galileo,21,0,8
2026-03-14T05:55:00.089Z,Galileo,26,0,8
2026-03-14T05:55:00.091Z,GLONASS,20,9,4
2026-03-14T05:55:00.091Z,GLONASS,10,0,4
2026-03-14T05:55:00.091Z,GLONASS,3,12,4
2026-03-14T05:55:00.091Z,GLONASS,4,13,4
2026-03-14T05:55:00.092Z,GLONASS,3,12,4
2026-03-14T05:55:00.092Z,GLONASS,9,5,4
2026-03-14T05:55:00.092Z,Galileo,21,0,8
2026-03-14T05:55:00.092Z,Galileo,26,0,8
2026-03-14T05:55:00.092Z,GLONASS,3,12,4
2026-03-14T05:55:00.094Z,GLONASS,16,6,4
2026-03-14T05:55:00.094Z,GLONASS,16,6,4
2026-03-14T05:55:00.095Z,GLONASS,16,6,4
2026-03-14T05:55:00.122Z,QZSS,7,0,10
2026-03-14T05:55:00.126Z,QZSS,3,0,10
2026-03-14T05:55:00.321Z,SBAS,137,0,8
2026-03-14T05:55:01.149Z,Galileo,18,0,8
2026-03-14T05:55:01.151Z,Galileo,13,0,8
2026-03-14T05:55:01.153Z,Galileo,27,0,8
2026-03-14T05:55:01.276Z,GPS,19,0,10
2026-03-14T05:55:01.304Z,Galileo,21,0,8
2026-03-14T05:55:01.307Z,Galileo,23,0,8
2026-03-14T05:55:01.309Z,Galileo,26,0,8
2026-03-14T05:55:01.507Z,SBAS,137,0,8
2026-03-14T05:55:02.068Z,Galileo,18,0,8
2026-03-14T05:55:02.080Z,Galileo,26,0,8
2026-03-14T05:55:02.084Z,Galileo,13,0,8
2026-03-14T05:55:02.085Z,GLONASS,19,10,4
2026-03-14T05:55:02.085Z,Galileo,18,0,8
2026-03-14T05:55:02.086Z,Galileo,26,0,8
2026-03-14T05:55:02.086Z,Galileo,13,0,8
2026-03-14T05:55:02.087Z,Galileo,23,0,8
2026-03-14T05:55:02.087Z,GLONASS,9,5,4
2026-03-14T05:55:02.087Z,GLONASS,9,5,4
2026-03-14T05:55:02.088Z,Galileo,23,0,8
2026-03-14T05:55:02.088Z,GLONASS,9,5,4
2026-03-14T05:55:02.090Z,GLONASS,20,9,4
2026-03-14T05:55:02.091Z,GLONASS,10,0,4
2026-03-14T05:55:02.091Z,GLONASS,4,13,4
2026-03-14T05:55:02.091Z,GLONASS,3,12,4
2026-03-14T05:55:02.091Z,GLONASS,3,12,4
2026-03-14T05:55:02.091Z,GLONASS,3,12,4
2026-03-14T05:55:02.092Z,GLONASS,18,4,4
2026-03-14T05:55:02.093Z,GLONASS,18,4,4
2026-03-14T05:55:02.093Z,GLONASS,18,4,4
2026-03-14T05:55:02.094Z,GLONASS,16,6,4
2026-03-14T05:55:02.094Z,GLONASS,16,6,4
2026-03-14T05:55:02.258Z,Galileo,21,0,8
2026-03-14T05:55:02.291Z,BeiDou,34,0,10
2026-03-14T05:55:02.291Z,GLONASS,16,6,4
2026-03-14T05:55:02.291Z,Galileo,21,0,8
2026-03-14T05:55:02.294Z,BeiDou,12,0,10
2026-03-14T05:55:02.294Z,BeiDou,11,0,10
2026-03-14T05:55:02.294Z,BeiDou,12,0,10
2026-03-14T05:55:02.294Z,BeiDou,11,0,10
2026-03-14T05:55:02.294Z,BeiDou,12,0,10
2026-03-14T05:55:02.295Z,BeiDou,11,0,10
2026-03-14T05:55:02.296Z,BeiDou,25,0,10
2026-03-14T05:55:02.297Z,BeiDou,21,0,10
2026-03-14T05:55:02.303Z,BeiDou,42,0,10
2026-03-14T05:55:02.304Z,BeiDou,24,0,10
2026-03-14T05:55:02.314Z,SBAS,137,0,8
2026-03-14T05:55:02.338Z,BeiDou,56,0,10
2026-03-14T05:55:02.339Z,BeiDou,7,0,10
2026-03-14T05:55:02.340Z,BeiDou,7,0,10
2026-03-14T05:55:02.340Z,BeiDou,7,0,10
2026-03-14T05:55:02.344Z,BeiDou,10,0,10
2026-03-14T05:55:02.344Z,BeiDou,10,0,10
2026-03-14T05:55:02.344Z,BeiDou,10,0,10
2026-03-14T05:55:02.346Z,BeiDou,38,0,10
2026-03-14T05:55:03.147Z,Galileo,18,0,8
2026-03-14T05:55:03.149Z,Galileo,13,0,8
2026-03-14T05:55:03.151Z,Galileo,27,0,8
2026-03-14T05:55:03.320Z,SBAS,137,0,8
2026-03-14T05:55:03.322Z,Galileo,21,0,8
2026-03-14T05:55:03.324Z,Galileo,23,0,8
2026-03-14T05:55:03.326Z,Galileo,26,0,8
2026-03-14T05:55:04.060Z,Galileo,18,0,8
2026-03-14T05:55:04.079Z,Galileo,21,0,8
2026-03-14T05:55:04.084Z,Galileo,26,0,8
2026-03-14T05:55:04.086Z,GLONASS,19,10,4
2026-03-14T05:55:04.087Z,GLONASS,9,5,4
2026-03-14T05:55:04.087Z,GLONASS,19,10,4
2026-03-14T05:55:04.087Z,GLONASS,9,5,4
2026-03-14T05:55:04.088Z,Galileo,18,0,8
2026-03-14T05:55:04.088Z,Galileo,13,0,8
2026-03-14T05:55:04.088Z,Galileo,13,0,8
2026-03-14T05:55:04.088Z,Galileo,21,0,8
2026-03-14T05:55:04.089Z,Galileo,26,0,8
2026-03-14T05:55:04.089Z,GLONASS,19,10,4
2026-03-14T05:55:04.089Z,GLONASS,9,5,4
2026-03-14T05:55:04.090Z,Galileo,23,0,8
2026-03-14T05:55:04.091Z,GLONASS,20,9,4
2026-03-14T05:55:04.091Z,GLONASS,3,12,4
2026-03-14T05:55:04.091Z,GLONASS,20,9,4
2026-03-14T05:55:04.091Z,GLONASS,10,0,4
2026-03-14T05:55:04.092Z,GLONASS,4,13,4
2026-03-14T05:55:04.092Z,GLONASS,3,12,4
2026-03-14T05:55:04.092Z,GLONASS,18,4,4
2026-03-14T05:55:04.093Z,Galileo,23,0,8
2026-03-14T05:55:04.093Z,GLONASS,18,4,4
2026-03-14T05:55:04.093Z,GLONASS,18,4,4
2026-03-14T05:55:04.093Z,GLONASS,20,9,4
2026-03-14T05:55:04.094Z,GLONASS,3,12,4
2026-03-14T05:55:04.094Z,GLONASS,16,6,4
2026-03-14T05:55:04.094Z,GLONASS,16,6,4
2026-03-14T05:55:04.325Z,SBAS,137,0,8
2026-03-14T05:55:04.325Z,GLONASS,16,6,4
2026-03-14T05:55:05.148Z,Galileo,18,0,8
2026-03-14T05:55:05.149Z,Galileo,13,0,8
2026-03-14T05:55:05.151Z,Galileo,27,0,8
2026-03-14T05:55:05.308Z,SBAS,137,0,8
2026-03-14T05:55:05.311Z,Galileo,21,0,8
2026-03-14T05:55:05.312Z,Galileo,23,0,8
2026-03-14T05:55:05.314Z,Galileo,26,0,8
2026-03-14T05:55:06.065Z,GPS,3,0,10
2026-03-14T05:55:06.066Z,GPS,14,0,10
2026-03-14T05:55:06.069Z,GPS,22,0,10
2026-03-14T05:55:06.069Z,GPS,1,0,10
2026-03-14T05:55:06.070Z,GPS,17,0,10
2026-03-14T05:55:06.075Z,GPS,19,0,10
2026-03-14T05:55:06.076Z,Galileo,18,0,8
2026-03-14T05:55:06.080Z,Galileo,13,0,8
2026-03-14T05:55:06.082Z,Galileo,23,0,8
2026-03-14T05:55:06.085Z,GLONASS,19,10,4
2026-03-14T05:55:06.085Z,GLONASS,19,10,4
2026-03-14T05:55:06.086Z,Galileo,18,0,8
2026-03-14T05:55:06.086Z,GLONASS,9,5,4
2026-03-14T05:55:06.087Z,Galileo,13,0,8
2026-03-14T05:55:06.087Z,GLONASS,9,5,4
2026-03-14T05:55:06.087Z,GLONASS,9,5,4
2026-03-14T05:55:06.087Z,Galileo,23,0,8
2026-03-14T05:55:06.087Z,GLONASS,19,10,4
2026-03-14T05:55:06.088Z,Galileo,21,0,8
2026-03-14T05:55:06.089Z,Galileo,26,0,8
2026-03-14T05:55:06.091Z,GLONASS,20,9,4
2026-03-14T05:55:06.091Z,GLONASS,20,9,4
2026-03-14T05:55:06.091Z,GLONASS,10,0,4
2026-03-14T05:55:06.091Z,GLONASS,4,13,4
2026-03-14T05:55:06.091Z,GLONASS,3,12,4
2026-03-14T05:55:06.091Z,Galileo,21,0,8
2026-03-14T05:55:06.092Z,Galileo,26,0,8
2026-03-14T05:55:06.092Z,GLONASS,20,9,4
2026-03-14T05:55:06.092Z,GLONASS,18,4,4
2026-03-14T05:55:06.092Z,GLONASS,18,4,4
2026-03-14T05:55:06.093Z,GLONASS,18,4,4
2026-03-14T05:55:06.094Z,GLONASS,16,6,4
2026-03-14T05:55:06.094Z,GLONASS,16,6,4
2026-03-14T05:55:06.122Z,QZSS,7,0,10
2026-03-14T05:55:06.122Z,GLONASS,16,6,4
2026-03-14T05:55:06.126Z,QZSS,3,0,10
2026-03-14T05:55:06.358Z,SBAS,137,0,8
2026-03-14T05:55:07.146Z,Galileo,18,0,8
2026-03-14T05:55:07.148Z,Galileo,13,0,8
2026-03-14T05:55:07.150Z,Galileo,27,0,8
2026-03-14T05:55:07.324Z,SBAS,137,0,8
2026-03-14T05:55:07.325Z,Galileo,21,0,8
2026-03-14T05:55:07.327Z,Galileo,23,0,8
2026-03-14T05:55:07.331Z,Galileo,26,0,8
2026-03-14T05:55:08.064Z,Galileo,18,0,8
2026-03-14T05:55:08.080Z,Galileo,26,0,8
2026-03-14T05:55:08.084Z,Galileo,13,0,8
2026-03-14T05:55:08.085Z,GLONASS,19,10,4
2026-03-14T05:55:08.085Z,Galileo,18,0,8
2026-03-14T05:55:08.086Z,GLONASS,19,10,4
2026-03-14T05:55:08.087Z,Galileo,23,0,8
2026-03-14T05:55:08.087Z,GLONASS,9,5,4
2026-03-14T05:55:08.087Z,GLONASS,9,5,4
2026-03-14T05:55:08.087Z,GLONASS,19,10,4
2026-03-14T05:55:08.088Z,Galileo,26,0,8
2026-03-14T05:55:08.088Z,Galileo,13,0,8
2026-03-14T05:55:08.088Z,Galileo,23,0,8
2026-03-14T05:55:08.088Z,GLONASS,9,5,4
2026-03-14T05:55:08.090Z,GLONASS,20,9,4
2026-03-14T05:55:08.091Z,GLONASS,3,12,4
2026-03-14T05:55:08.091Z,GLONASS,20,9,4
2026-03-14T05:55:08.091Z,GLONASS,10,0,4
2026-03-14T05:55:08.091Z,GLONASS,4,13,4
2026-03-14T05:55:08.091Z,GLONASS,3,12,4
2026-03-14T05:55:08.092Z,GLONASS,18,4,4
2026-03-14T05:55:08.092Z,GLONASS,20,9,4
2026-03-14T05:55:08.093Z,GLONASS,18,4,4
2026-03-14T05:55:08.093Z,GLONASS,18,4,4
2026-03-14T05:55:08.093Z,GLONASS,3,12,4
2026-03-14T05:55:08.094Z,GLONASS,16,6,4
2026-03-14T05:55:08.094Z,GLONASS,16,6,4
2026-03-14T05:55:08.157Z,Galileo,21,0,8
2026-03-14T05:55:08.161Z,GPS,17,0,10
2026-03-14T05:55:08.167Z,GPS,3,0,10
2026-03-14T05:55:08.170Z,GPS,14,0,10
2026-03-14T05:55:08.256Z,QZSS,7,0,10
2026-03-14T05:55:08.293Z,BeiDou,12,0,10
2026-03-14T05:55:08.294Z,BeiDou,11,0,10
2026-03-14T05:55:08.294Z,BeiDou,12,0,10
2026-03-14T05:55:08.294Z,BeiDou,11,0,10
2026-03-14T05:55:08.294Z,GLONASS,16,6,4
2026-03-14T05:55:08.294Z,Galileo,21,0,8
2026-03-14T05:55:08.295Z,GPS,17,0,10
2026-03-14T05:55:08.295Z,GPS,3,0,10
2026-03-14T05:55:08.295Z,GPS,14,0,10
2026-03-14T05:55:08.295Z,QZSS,7,0,10
2026-03-14T05:55:08.295Z,BeiDou,12,0,10
2026-03-14T05:55:08.296Z,BeiDou,11,0,10
2026-03-14T05:55:08.296Z,BeiDou,25,0,10
2026-03-14T05:55:08.297Z,BeiDou,21,0,10
2026-03-14T05:55:08.298Z,BeiDou,50,0,10
2026-03-14T05:55:08.299Z,BeiDou,43,0,10
2026-03-14T05:55:08.302Z,BeiDou,23,0,10
2026-03-14T05:55:08.303Z,BeiDou,42,0,10
2026-03-14T05:55:08.304Z,BeiDou,24,0,10
2026-03-14T05:55:08.317Z,SBAS,137,0,8
2026-03-14T05:55:08.338Z,BeiDou,56,0,10
2026-03-14T05:55:08.339Z,BeiDou,40,0,10
2026-03-14T05:55:08.339Z,BeiDou,7,0,10
2026-03-14T05:55:08.339Z,BeiDou,7,0,10
2026-03-14T05:55:08.343Z,QZSS,2,0,10
2026-03-14T05:55:08.344Z,BeiDou,10,0,10
2026-03-14T05:55:08.344Z,BeiDou,10,0,10
2026-03-14T05:55:08.344Z,BeiDou,7,0,10
2026-03-14T05:55:08.344Z,QZSS,2,0,10
2026-03-14T05:55:08.344Z,BeiDou,10,0,10
2026-03-14T05:55:08.346Z,QZSS,3,0,10
2026-03-14T05:55:08.347Z,BeiDou,38,0,10
2026-03-14T05:55:08.347Z,QZSS,3,0,10
2026-03-14T05:55:08.352Z,BeiDou,8,0,10
2026-03-14T05:55:09.139Z,Galileo,18,0,8
2026-03-14T05:55:09.141Z,Galileo,13,0,8
2026-03-14T05:55:09.143Z,Galileo,27,0,8
2026-03-14T05:55:09.310Z,SBAS,137,0,8
2026-03-14T05:55:09.313Z,Galileo,21,0,8
2026-03-14T05:55:09.315Z,Galileo,23,0,8
2026-03-14T05:55:09.317Z,Galileo,26,0,8
2026-03-14T05:55:10.067Z,Galileo,18,0,8
2026-03-14T05:55:10.079Z,Galileo,21,0,8
2026-03-14T05:55:10.084Z,Galileo,26,0,8
2026-03-14T05:55:10.085Z,GLONASS,19,10,4
2026-03-14T05:55:10.085Z,GLONASS,19,10,4
2026-03-14T05:55:10.085Z,Galileo,18,0,8
2026-03-14T05:55:10.087Z,GLONASS,9,5,4
2026-03-14T05:55:10.087Z,Galileo,21,0,8
2026-03-14T05:55:10.087Z,GLONASS,9,5,4
2026-03-14T05:55:10.087Z,GLONASS,9,5,4
2026-03-14T05:55:10.088Z,Galileo,13,0,8
2026-03-14T05:55:10.088Z,Galileo,13,0,8
2026-03-14T05:55:10.088Z,Galileo,26,0,8
2026-03-14T05:55:10.089Z,GLONASS,19,10,4
2026-03-14T05:55:10.089Z,Galileo,23,0,8
2026-03-14T05:55:10.090Z,GLONASS,20,9,4
2026-03-14T05:55:10.091Z,GLONASS,20,9,4
2026-03-14T05:55:10.091Z,GLONASS,10,0,4
2026-03-14T05:55:10.091Z,GLONASS,4,13,4
2026-03-14T05:55:10.091Z,Galileo,23,0,8
2026-03-14T05:55:10.091Z,GLONASS,20,9,4
2026-03-14T05:55:10.094Z,GLONASS,16,6,4
2026-03-14T05:55:10.094Z,GLONASS,16,6,4
2026-03-14T05:55:10.094Z,GLONASS,16,6,4
2026-03-14T05:55:10.311Z,SBAS,137,0,8
2026-03-14T05:55:11.137Z,Galileo,18,0,8
2026-03-14T05:55:11.141Z,Galileo,13,0,8
2026-03-14T05:55:11.142Z,Galileo,27,0,8
2026-03-14T05:55:11.314Z,Galileo,21,0,8
2026-03-14T05:55:11.316Z,Galileo,23,0,8
2026-03-14T05:55:11.318Z,Galileo,26,0,8
2026-03-14T05:55:12.060Z,Galileo,18,0,8
2026-03-14T05:55:12.066Z,GPS,14,0,10
2026-03-14T05:55:12.066Z,Galileo,18,0,8
2026-03-14T05:55:12.069Z,GPS,22,0,10
2026-03-14T05:55:12.069Z,GPS,1,0,10
2026-03-14T05:55:12.070Z,GPS,17,0,10
2026-03-14T05:55:12.075Z,GPS,19,0,10
2026-03-14T05:55:12.082Z,Galileo,23,0,8
2026-03-14T05:55:12.085Z,GLONASS,19,10,4
2026-03-14T05:55:12.086Z,GLONASS,19,10,4
2026-03-14T05:55:12.087Z,GLONASS,9,5,4
2026-03-14T05:55:12.087Z,GLONASS,9,5,4
2026-03-14T05:55:12.087Z,Galileo,23,0,8
2026-03-14T05:55:12.087Z,GLONASS,19,10,4
2026-03-14T05:55:12.088Z,Galileo,21,0,8
2026-03-14T05:55:12.088Z,Galileo,21,0,8
2026-03-14T05:55:12.089Z,Galileo,26,0,8
2026-03-14T05:55:12.089Z,Galileo,26,0,8
2026-03-14T05:55:12.089Z,GLONASS,9,5,4
2026-03-14T05:55:12.091Z,Galileo,13,0,8
2026-03-14T05:55:12.091Z,GLONASS,20,9,4
2026-03-14T05:55:12.091Z,GLONASS,20,9,4
2026-03-14T05:55:12.091Z,GLONASS,10,0,4
2026-03-14T05:55:12.091Z,GLONASS,4,13,4
2026-03-14T05:55:12.091Z,Galileo,13,0,8
2026-03-14T05:55:12.092Z,GLONASS,20,9,4
2026-03-14T05:55:12.093Z,GLONASS,18,4,4
2026-03-14T05:55:12.094Z,GLONASS,16,6,4
2026-03-14T05:55:12.122Z,QZSS,7,0,10
2026-03-14T05:55:12.122Z,GLONASS,18,4,4
2026-03-14T05:55:12.122Z,GLONASS,16,6,4
2026-03-14T05:55:12.307Z,SBAS,137,0,8
2026-03-14T05:55:13.134Z,Galileo,18,0,8
2026-03-14T05:55:13.136Z,Galileo,13,0,8
2026-03-14T05:55:13.138Z,Galileo,27,0,8
2026-03-14T05:55:13.304Z,Galileo,21,0,8
2026-03-14T05:55:13.306Z,Galileo,23,0,8
2026-03-14T05:55:13.308Z,Galileo,26,0,8
2026-03-14T05:55:14.068Z,Galileo,18,0,8
2026-03-14T05:55:14.080Z,Galileo,26,0,8
2026-03-14T05:55:14.081Z,Galileo,13,0,8
2026-03-14T05:55:14.085Z,GLONASS,19,10,4
2026-03-14T05:55:14.086Z,Galileo,18,0,8
2026-03-14T05:55:14.086Z,Galileo,23,0,8
2026-03-14T05:55:14.087Z,GLONASS,9,5,4
2026-03-14T05:55:14.087Z,GLONASS,9,5,4
2026-03-14T05:55:14.087Z,Galileo,23,0,8
2026-03-14T05:55:14.087Z,Galileo,26,0,8
2026-03-14T05:55:14.087Z,Galileo,13,0,8
2026-03-14T05:55:14.087Z,GLONASS,9,5,4
2026-03-14T05:55:14.091Z,GLONASS,20,9,4
2026-03-14T05:55:14.091Z,GLONASS,3,12,4
2026-03-14T05:55:14.091Z,GLONASS,20,9,4
2026-03-14T05:55:14.091Z,GLONASS,10,0,4
2026-03-14T05:55:14.091Z,GLONASS,4,13,4
2026-03-14T05:55:14.092Z,GLONASS,3,12,4
2026-03-14T05:55:14.092Z,GLONASS,20,9,4
2026-03-14T05:55:14.092Z,GLONASS,3,12,4
2026-03-14T05:55:14.094Z,GLONASS,16,6,4
2026-03-14T05:55:14.094Z,GLONASS,16,6,4
2026-03-14T05:55:14.258Z,Galileo,21,0,8
2026-03-14T05:55:14.294Z,BeiDou,12,0,10
2026-03-14T05:55:14.294Z,BeiDou,11,0,10
2026-03-14T05:55:14.294Z,BeiDou,11,0,10
2026-03-14T05:55:14.294Z,GLONASS,16,6,4
2026-03-14T05:55:14.294Z,Galileo,21,0,8
2026-03-14T05:55:14.295Z,BeiDou,12,0,10
2026-03-14T05:55:14.295Z,BeiDou,11,0,10
2026-03-14T05:55:14.296Z,BeiDou,25,0,10
2026-03-14T05:55:14.297Z,BeiDou,21,0,10
2026-03-14T05:55:14.298Z,BeiDou,50,0,10
2026-03-14T05:55:14.303Z,BeiDou,42,0,10
2026-03-14T05:55:14.338Z,BeiDou,56,0,10
2026-03-14T05:55:14.340Z,BeiDou,7,0,10
2026-03-14T05:55:15.129Z,Galileo,18,0,8
2026-03-14T05:55:15.129Z,BeiDou,7,0,10
2026-03-14T05:55:15.131Z,Galileo,13,0,8
2026-03-14T05:55:15.133Z,Galileo,27,0,8
2026-03-14T05:55:15.314Z,Galileo,21,0,8
2026-03-14T05:55:15.315Z,Galileo,23,0,8
2026-03-14T05:55:15.318Z,Galileo,26,0,8
2026-03-14T05:55:16.068Z,Galileo,18,0,8
2026-03-14T05:55:16.080Z,Galileo,21,0,8
2026-03-14T05:55:16.084Z,Galileo,26,0,8
2026-03-14T05:55:16.085Z,GLONASS,19,10,4
2026-03-14T05:55:16.085Z,GLONASS,19,10,4
2026-03-14T05:55:16.085Z,Galileo,18,0,8
2026-03-14T05:55:16.086Z,GLONASS,9,5,4
2026-03-14T05:55:16.087Z,GLONASS,9,5,4
2026-03-14T05:55:16.087Z,Galileo,21,0,8
2026-03-14T05:55:16.087Z,GLONASS,9,5,4
2026-03-14T05:55:16.087Z,Galileo,26,0,8
2026-03-14T05:55:16.087Z,GLONASS,19,10,4
2026-03-14T05:55:16.089Z,Galileo,13,0,8
2026-03-14T05:55:16.090Z,GLONASS,20,9,4
2026-03-14T05:55:16.090Z,GLONASS,10,0,4
2026-03-14T05:55:16.090Z,GLONASS,4,13,4
2026-03-14T05:55:16.091Z,Galileo,13,0,8
2026-03-14T05:55:16.091Z,Galileo,23,0,8
2026-03-14T05:55:16.091Z,GLONASS,20,9,4
2026-03-14T05:55:16.092Z,GLONASS,3,12,4
2026-03-14T05:55:16.092Z,Galileo,23,0,8
2026-03-14T05:55:16.092Z,GLONASS,18,4,4
2026-03-14T05:55:16.092Z,GLONASS,20,9,4
2026-03-14T05:55:16.092Z,GLONASS,3,12,4
2026-03-14T05:55:16.094Z,GLONASS,16,6,4
2026-03-14T05:55:16.096Z,GLONASS,18,4,4
2026-03-14T05:55:16.096Z,GLONASS,16,6,4
2026-03-14T05:55:17.096Z,GLONASS,18,4,4
2026-03-14T05:55:17.096Z,GLONASS,16,6,4
2026-03-14T05:55:17.137Z,Galileo,18,0,8
2026-03-14T05:55:17.139Z,Galileo,13,0,8
2026-03-14T05:55:17.141Z,Galileo,27,0,8
2026-03-14T05:55:17.335Z,Galileo,21,0,8
2026-03-14T05:55:17.337Z,Galileo,23,0,8
2026-03-14T05:55:17.340Z,Galileo,26,0,8
2026-03-14T05:55:18.060Z,Galileo,18,0,8
2026-03-14T05:55:18.065Z,GPS,3,0,10
2026-03-14T05:55:18.065Z,Galileo,18,0,8
2026-03-14T05:55:18.066Z,GPS,14,0,10
2026-03-14T05:55:18.069Z,GPS,22,0,10
2026-03-14T05:55:18.069Z,GPS,1,0,10
2026-03-14T05:55:18.070Z,GPS,17,0,10
2026-03-14T05:55:18.075Z,GPS,19,0,10
2026-03-14T05:55:18.082Z,Galileo,23,0,8
2026-03-14T05:55:18.084Z,Galileo,21,0,8
2026-03-14T05:55:18.085Z,Galileo,13,0,8
2026-03-14T05:55:18.085Z,GLONASS,19,10,4
2026-03-14T05:55:18.085Z,GLONASS,19,10,4
2026-03-14T05:55:18.087Z,GLONASS,9,5,4
2026-03-14T05:55:18.087Z,GLONASS,9,5,4
2026-03-14T05:55:18.088Z,Galileo,26,0,8
2026-03-14T05:55:18.088Z,Galileo,23,0,8
2026-03-14T05:55:18.088Z,Galileo,26,0,8
2026-03-14T05:55:18.089Z,Galileo,21,0,8
2026-03-14T05:55:18.089Z,Galileo,13,0,8
2026-03-14T05:55:18.089Z,GLONASS,19,10,4
2026-03-14T05:55:18.091Z,GLONASS,9,5,4
2026-03-14T05:55:18.091Z,GLONASS,4,13,4
2026-03-14T05:55:18.091Z,GLONASS,20,9,4
2026-03-14T05:55:18.091Z,GLONASS,3,12,4
2026-03-14T05:55:18.091Z,GLONASS,20,9,4
2026-03-14T05:55:18.091Z,GLONASS,10,0,4
2026-03-14T05:55:18.092Z,GLONASS,4,13,4
2026-03-14T05:55:18.092Z,GLONASS,3,12,4
2026-03-14T05:55:18.092Z,GLONASS,4,13,4
2026-03-14T05:55:18.092Z,GLONASS,18,4,4
2026-03-14T05:55:18.093Z,GLONASS,18,4,4
2026-03-14T05:55:18.093Z,GLONASS,20,9,4
2026-03-14T05:55:18.094Z,GLONASS,16,6,4
2026-03-14T05:55:18.094Z,GLONASS,3,12,4
2026-03-14T05:55:18.094Z,GLONASS,16,6,4
2026-03-14T05:55:18.094Z,GLONASS,16,6,4
2026-03-14T05:55:18.126Z,QZSS,3,0,10
2026-03-14T05:55:19.136Z,Galileo,18,0,8
2026-03-14T05:55:19.138Z,Galileo,13,0,8
2026-03-14T05:55:19.309Z,Galileo,21,0,8
2026-03-14T05:55:19.311Z,Galileo,23,0,8
2026-03-14T05:55:19.314Z,Galileo,26,0,8
2026-03-14T05:55:20.064Z,Galileo,18,0,8
2026-03-14T05:55:20.079Z,Galileo,26,0,8
2026-03-14T05:55:20.085Z,GLONASS,19,10,4
2026-03-14T05:55:20.087Z,Galileo,23,0,8
2026-03-14T05:55:20.087Z,GLONASS,9,5,4
2026-03-14T05:55:20.087Z,GLONASS,9,5,4
2026-03-14T05:55:20.087Z,Galileo,18,0,8
2026-03-14T05:55:20.087Z,Galileo,26,0,8
2026-03-14T05:55:20.088Z,Galileo,21,0,8
2026-03-14T05:55:20.088Z,Galileo,21,0,8
2026-03-14T05:55:20.088Z,Galileo,23,0,8
2026-03-14T05:55:20.089Z,Galileo,13,0,8
2026-03-14T05:55:20.091Z,GLONASS,4,13,4
2026-03-14T05:55:20.091Z,GLONASS,20,9,4
2026-03-14T05:55:20.091Z,GLONASS,3,12,4
2026-03-14T05:55:20.091Z,GLONASS,20,9,4
2026-03-14T05:55:20.091Z,GLONASS,4,13,4
2026-03-14T05:55:20.091Z,GLONASS,3,12,4
2026-03-14T05:55:20.092Z,GLONASS,18,4,4
2026-03-14T05:55:20.092Z,GLONASS,18,4,4
2026-03-14T05:55:20.093Z,Galileo,13,0,8
2026-03-14T05:55:20.093Z,GLONASS,4,13,4
2026-03-14T05:55:20.093Z,GLONASS,20,9,4
2026-03-14T05:55:20.094Z,GLONASS,9,5,4
2026-03-14T05:55:20.094Z,GLONASS,3,12,4
2026-03-14T05:55:20.094Z,GLONASS,18,4,4
2026-03-14T05:55:20.152Z,GPS,3,0,10
2026-03-14T05:55:20.155Z,GPS,14,0,10
2026-03-14T05:55:20.261Z,GPS,17,0,10
2026-03-14T05:55:20.261Z,GPS,1,0,10
2026-03-14T05:55:20.262Z,QZSS,2,0,10
2026-03-14T05:55:20.262Z,QZSS,7,0,10
2026-03-14T05:55:20.290Z,BeiDou,34,0,10
2026-03-14T05:55:20.290Z,GPS,3,0,10
2026-03-14T05:55:20.290Z,GPS,14,0,10
2026-03-14T05:55:20.291Z,GPS,17,0,10
2026-03-14T05:55:20.291Z,GPS,1,0,10
2026-03-14T05:55:20.291Z,QZSS,2,0,10
2026-03-14T05:55:20.291Z,QZSS,7,0,10
2026-03-14T05:55:20.293Z,BeiDou,12,0,10
2026-03-14T05:55:20.293Z,BeiDou,11,0,10
2026-03-14T05:55:20.293Z,BeiDou,11,0,10
2026-03-14T05:55:20.294Z,BeiDou,12,0,10
2026-03-14T05:55:20.294Z,BeiDou,11,0,10
2026-03-14T05:55:20.296Z,BeiDou,25,0,10
2026-03-14T05:55:20.297Z,BeiDou,44,0,10
2026-03-14T05:55:20.338Z,BeiDou,56,0,10
2026-03-14T05:55:20.339Z,BeiDou,7,0,10
2026-03-14T05:55:20.339Z,BeiDou,40,0,10
2026-03-14T05:55:20.340Z,BeiDou,7,0,10
2026-03-14T05:55:20.340Z,BeiDou,7,0,10
2026-03-14T05:55:20.343Z,BeiDou,10,0,10
2026-03-14T05:55:21.124Z,Galileo,18,0,8
2026-03-14T05:55:21.124Z,BeiDou,10,0,10
2026-03-14T05:55:21.126Z,Galileo,13,0,8
2026-03-14T05:55:21.128Z,Galileo,27,0,8
2026-03-14T05:55:21.292Z,Galileo,21,0,8
2026-03-14T05:55:21.294Z,Galileo,23,0,8
2026-03-14T05:55:21.296Z,Galileo,26,0,8
2026-03-14T05:55:22.068Z,Galileo,18,0,8
2026-03-14T05:55:22.079Z,Galileo,21,0,8
2026-03-14T05:55:22.080Z,Galileo,13,0,8
2026-03-14T05:55:22.084Z,Galileo,26,0,8
2026-03-14T05:55:22.085Z,GLONASS,19,10,4
2026-03-14T05:55:22.085Z,GLONASS,19,10,4
2026-03-14T05:55:22.085Z,Galileo,18,0,8
2026-03-14T05:55:22.086Z,GLONASS,9,5,4
2026-03-14T05:55:22.086Z,Galileo,21,0,8
2026-03-14T05:55:22.086Z,GLONASS,9,5,4
2026-03-14T05:55:22.086Z,GLONASS,9,5,4
2026-03-14T05:55:22.087Z,Galileo,13,0,8
2026-03-14T05:55:22.087Z,Galileo,26,0,8
2026-03-14T05:55:22.087Z,GLONASS,19,10,4
2026-03-14T05:55:22.089Z,Galileo,23,0,8
2026-03-14T05:55:22.091Z,GLONASS,4,13,4
2026-03-14T05:55:22.091Z,GLONASS,20,9,4
2026-03-14T05:55:22.091Z,GLONASS,3,12,4
2026-03-14T05:55:22.091Z,GLONASS,20,9,4
2026-03-14T05:55:22.091Z,GLONASS,10,0,4
2026-03-14T05:55:22.091Z,GLONASS,3,12,4
2026-03-14T05:55:22.092Z,Galileo,23,0,8
2026-03-14T05:55:22.092Z,GLONASS,18,4,4
2026-03-14T05:55:22.092Z,GLONASS,18,4,4
2026-03-14T05:55:22.093Z,GLONASS,4,13,4
2026-03-14T05:55:22.093Z,GLONASS,20,9,4
2026-03-14T05:55:22.093Z,GLONASS,3,12,4
2026-03-14T05:55:22.094Z,GLONASS,16,6,4
2026-03-14T05:55:23.116Z,Galileo,18,0,8
2026-03-14T05:55:23.118Z,Galileo,13,0,8
2026-03-14T05:55:23.120Z,Galileo,27,0,8
2026-03-14T05:55:23.301Z,SBAS,137,0,8
2026-03-14T05:55:23.303Z,Galileo,21,0,8
2026-03-14T05:55:23.305Z,Galileo,23,0,8
2026-03-14T05:55:23.307Z,Galileo,26,0,8
2026-03-14T05:55:24.060Z,Galileo,18,0,8
2026-03-14T05:55:24.065Z,GPS,3,0,10
2026-03-14T05:55:24.065Z,Galileo,18,0,8
2026-03-14T05:55:24.066Z,GPS,14,0,10
2026-03-14T05:55:24.069Z,GPS,22,0,10
2026-03-14T05:55:24.069Z,GPS,1,0,10
2026-03-14T05:55:24.070Z,GPS,17,0,10
2026-03-14T05:55:24.083Z,Galileo,23,0,8
2026-03-14T05:55:24.084Z,Galileo,21,0,8
2026-03-14T05:55:24.085Z,Galileo,13,0,8
2026-03-14T05:55:24.086Z,GLONASS,19,10,4
2026-03-14T05:55:24.087Z,GLONASS,9,5,4
2026-03-14T05:55:24.087Z,GLONASS,19,10,4
2026-03-14T05:55:24.087Z,GLONASS,9,5,4
2026-03-14T05:55:24.087Z,Galileo,23,0,8
2026-03-14T05:55:24.088Z,Galileo,26,0,8
2026-03-14T05:55:24.088Z,Galileo,26,0,8
2026-03-14T05:55:24.088Z,Galileo,21,0,8
2026-03-14T05:55:24.089Z,Galileo,13,0,8
2026-03-14T05:55:24.089Z,GLONASS,19,10,4
2026-03-14T05:55:24.089Z,GLONASS,9,5,4
2026-03-14T05:55:24.091Z,GLONASS,4,13,4
2026-03-14T05:55:24.091Z,GLONASS,20,9,4
2026-03-14T05:55:24.091Z,GLONASS,3,12,4
2026-03-14T05:55:24.091Z,GLONASS,20,9,4
2026-03-14T05:55:24.091Z,GLONASS,10,0,4
2026-03-14T05:55:24.091Z,GLONASS,4,13,4
2026-03-14T05:55:24.093Z,GLONASS,3,12,4
2026-03-14T05:55:24.093Z,GLONASS,18,4,4
2026-03-14T05:55:24.093Z,GLONASS,18,4,4
2026-03-14T05:55:24.093Z,GLONASS,4,13,4
2026-03-14T05:55:24.093Z,GLONASS,16,6,4
2026-03-14T05:55:24.094Z,GLONASS,20,9,4
2026-03-14T05:55:24.094Z,GLONASS,3,12,4
2026-03-14T05:55:24.094Z,GLONASS,18,4,4
2026-03-14T05:55:24.123Z,QZSS,2,0,10
2026-03-14T05:55:24.126Z,QZSS,3,0,10
2026-03-14T05:55:24.312Z,SBAS,137,0,8
2026-03-14T05:55:25.135Z,Galileo,18,0,8
2026-03-14T05:55:25.137Z,Galileo,13,0,8
2026-03-14T05:55:25.139Z,Galileo,27,0,8
2026-03-14T05:55:25.308Z,SBAS,137,0,8
2026-03-14T05:55:25.310Z,Galileo,21,0,8
2026-03-14T05:55:25.313Z,Galileo,23,0,8
2026-03-14T05:55:25.315Z,Galileo,26,0,8
2026-03-14T05:55:26.064Z,Galileo,18,0,8
2026-03-14T05:55:26.079Z,Galileo,26,0,8
2026-03-14T05:55:26.086Z,GLONASS,19,10,4
2026-03-14T05:55:26.086Z,GLONASS,19,10,4
2026-03-14T05:55:26.087Z,Galileo,23,0,8
2026-03-14T05:55:26.087Z,GLONASS,9,5,4
2026-03-14T05:55:26.087Z,GLONASS,9,5,4
2026-03-14T05:55:26.087Z,Galileo,18,0,8
2026-03-14T05:55:26.088Z,Galileo,26,0,8
2026-03-14T05:55:26.088Z,Galileo,21,0,8
2026-03-14T05:55:26.088Z,Galileo,21,0,8
2026-03-14T05:55:26.089Z,Galileo,13,0,8
2026-03-14T05:55:26.089Z,Galileo,13,0,8
2026-03-14T05:55:26.089Z,GLONASS,19,10,4
2026-03-14T05:55:26.089Z,Galileo,23,0,8
2026-03-14T05:55:26.091Z,GLONASS,9,5,4
2026-03-14T05:55:26.091Z,GLONASS,4,13,4
2026-03-14T05:55:26.091Z,GLONASS,20,9,4
2026-03-14T05:55:26.091Z,GLONASS,3,12,4
2026-03-14T05:55:26.091Z,GLONASS,20,9,4
2026-03-14T05:55:26.091Z,GLONASS,10,0,4
2026-03-14T05:55:26.092Z,GLONASS,3,12,4
2026-03-14T05:55:26.092Z,GLONASS,18,4,4
2026-03-14T05:55:26.092Z,GLONASS,4,13,4
2026-03-14T05:55:26.093Z,GLONASS,20,9,4
2026-03-14T05:55:26.093Z,GLONASS,3,12,4
2026-03-14T05:55:26.093Z,GLONASS,18,4,4
2026-03-14T05:55:26.094Z,GLONASS,16,6,4
2026-03-14T05:55:26.094Z,GLONASS,16,6,4
2026-03-14T05:55:26.094Z,GLONASS,16,6,4
2026-03-14T05:55:26.290Z,BeiDou,34,0,10
2026-03-14T05:55:26.293Z,BeiDou,12,0,10
2026-03-14T05:55:26.293Z,BeiDou,11,0,10
2026-03-14T05:55:26.293Z,BeiDou,12,0,10
2026-03-14T05:55:26.294Z,BeiDou,11,0,10
2026-03-14T05:55:26.294Z,BeiDou,12,0,10
2026-03-14T05:55:26.294Z,BeiDou,11,0,10
2026-03-14T05:55:26.296Z,BeiDou,25,0,10
2026-03-14T05:55:26.297Z,BeiDou,44,0,10
2026-03-14T05:55:26.297Z,BeiDou,21,0,10
2026-03-14T05:55:26.299Z,BeiDou,22,0,10
2026-03-14T05:55:26.299Z,BeiDou,43,0,10
2026-03-14T05:55:26.302Z,BeiDou,23,0,10
2026-03-14T05:55:26.303Z,BeiDou,24,0,10
2026-03-14T05:55:26.310Z,SBAS,137,0,8
2026-03-14T05:55:26.338Z,BeiDou,56,0,10
2026-03-14T05:55:26.339Z,BeiDou,40,0,10
2026-03-14T05:55:26.339Z,BeiDou,7,0,10
2026-03-14T05:55:26.340Z,BeiDou,7,0,10
2026-03-14T05:55:26.340Z,BeiDou,7,0,10
2026-03-14T05:55:26.343Z,BeiDou,10,0,10
2026-03-14T05:55:26.343Z,BeiDou,10,0,10
2026-03-14T05:55:26.343Z,BeiDou,10,0,10
2026-03-14T05:55:26.346Z,BeiDou,38,0,10
2026-03-14T05:55:26.352Z,BeiDou,8,0,10
2026-03-14T05:55:27.132Z,Galileo,18,0,8
2026-03-14T05:55:27.134Z,Galileo,13,0,8
2026-03-14T05:55:27.136Z,Galileo,27,0,8
2026-03-14T05:55:27.305Z,SBAS,137,0,8
2026-03-14T05:55:27.307Z,Galileo,21,0,8
2026-03-14T05:55:27.309Z,Galileo,23,0,8
2026-03-14T05:55:27.310Z,Galileo,26,0,8
2026-03-14T05:55:28.067Z,Galileo,18,0,8
2026-03-14T05:55:28.079Z,Galileo,21,0,8
2026-03-14T05:55:28.080Z,Galileo,13,0,8
2026-03-14T05:55:28.083Z,Galileo,26,0,8
2026-03-14T05:55:28.085Z,GLONASS,19,10,4
2026-03-14T05:55:28.085Z,GLONASS,19,10,4
2026-03-14T05:55:28.085Z,Galileo,18,0,8
2026-03-14T05:55:28.085Z,Galileo,21,0,8
2026-03-14T05:55:28.086Z,GLONASS,9,5,4
2026-03-14T05:55:28.086Z,GLONASS,9,5,4
2026-03-14T05:55:28.086Z,GLONASS,9,5,4
2026-03-14T05:55:28.087Z,Galileo,13,0,8
2026-03-14T05:55:28.087Z,Galileo,26,0,8
2026-03-14T05:55:28.087Z,GLONASS,19,10,4
2026-03-14T05:55:28.089Z,Galileo,23,0,8
2026-03-14T05:55:28.090Z,GLONASS,20,9,4
2026-03-14T05:55:28.091Z,GLONASS,3,12,4
2026-03-14T05:55:28.091Z,GLONASS,20,9,4
2026-03-14T05:55:28.091Z,GLONASS,10,0,4
2026-03-14T05:55:28.091Z,GLONASS,4,13,4
2026-03-14T05:55:28.091Z,GLONASS,3,12,4
2026-03-14T05:55:28.091Z,Galileo,23,0,8
2026-03-14T05:55:28.092Z,GLONASS,20,9,4
2026-03-14T05:55:28.092Z,GLONASS,3,12,4
2026-03-14T05:55:28.094Z,GLONASS,16,6,4
2026-03-14T05:55:28.320Z,SBAS,137,0,8
2026-03-14T05:55:29.142Z,Galileo,18,0,8
2026-03-14T05:55:29.144Z,Galileo,13,0,8
2026-03-14T05:55:29.146Z,Galileo,27,0,8
2026-03-14T05:55:29.306Z,Galileo,21,0,8
2026-03-14T05:55:29.307Z,Galileo,23,0,8
2026-03-14T05:55:29.309Z,Galileo,26,0,8
2026-03-14T05:55:30.060Z,Galileo,18,0,8
2026-03-14T05:55:30.065Z,GPS,3,0,10
2026-03-14T05:55:30.065Z,Galileo,18,0,8
2026-03-14T05:55:30.066Z,GPS,14,0,10
2026-03-14T05:55:30.069Z,GPS,22,0,10
2026-03-14T05:55:30.069Z,GPS,1,0,10
2026-03-14T05:55:30.070Z,GPS,17,0,10
2026-03-14T05:55:30.075Z,GPS,19,0,10
2026-03-14T05:55:30.082Z,Galileo,23,0,8
2026-03-14T05:55:30.083Z,Galileo,21,0,8
2026-03-14T05:55:30.086Z,Galileo,13,0,8
2026-03-14T05:55:30.087Z,GLONASS,19,10,4
2026-03-14T05:55:30.087Z,GLONASS,9,5,4
2026-03-14T05:55:30.087Z,GLONASS,19,10,4
2026-03-14T05:55:30.087Z,GLONASS,9,5,4
2026-03-14T05:55:30.088Z,Galileo,26,0,8
2026-03-14T05:55:30.088Z,Galileo,23,0,8
2026-03-14T05:55:30.088Z,Galileo,21,0,8
2026-03-14T05:55:30.088Z,Galileo,13,0,8
2026-03-14T05:55:30.088Z,GLONASS,19,10,4
2026-03-14T05:55:30.089Z,GLONASS,9,5,4
2026-03-14T05:55:30.089Z,Galileo,26,0,8
2026-03-14T05:55:30.090Z,GLONASS,20,9,4
2026-03-14T05:55:30.090Z,GLONASS,20,9,4
2026-03-14T05:55:30.091Z,GLONASS,10,0,4
2026-03-14T05:55:30.091Z,GLONASS,3,12,4
2026-03-14T05:55:30.091Z,GLONASS,4,13,4
2026-03-14T05:55:30.091Z,GLONASS,3,12,4
2026-03-14T05:55:30.092Z,GLONASS,20,9,4
2026-03-14T05:55:30.092Z,GLONASS,3,12,4
2026-03-14T05:55:30.093Z,GLONASS,16,6,4
2026-03-14T05:55:30.094Z,GLONASS,16,6,4
2026-03-14T05:55:30.123Z,QZSS,2,0,10
2026-03-14T05:55:30.123Z,GLONASS,16,6,4
2026-03-14T05:55:30.126Z,QZSS,3,0,10
2026-03-14T05:55:31.120Z,Galileo,18,0,8
2026-03-14T05:55:31.122Z,Galileo,13,0,8
2026-03-14T05:55:31.276Z,GPS,6,0,10
2026-03-14T05:55:31.303Z,SBAS,137,0,8
2026-03-14T05:55:31.305Z,Galileo,21,0,8
2026-03-14T05:55:31.307Z,Galileo,23,0,8
2026-03-14T05:55:31.309Z,Galileo,26,0,8
2026-03-14T05:55:32.063Z,Galileo,18,0,8
2026-03-14T05:55:32.080Z,Galileo,26,0,8
2026-03-14T05:55:32.086Z,GLONASS,19,10,4
2026-03-14T05:55:32.086Z,Galileo,23,0,8
2026-03-14T05:55:32.086Z,GLONASS,9,5,4
2026-03-14T05:55:32.087Z,GLONASS,19,10,4
2026-03-14T05:55:32.087Z,GLONASS,9,5,4
2026-03-14T05:55:32.087Z,Galileo,18,0,8
2026-03-14T05:55:32.087Z,Galileo,26,0,8
2026-03-14T05:55:32.087Z,GLONASS,19,10,4
2026-03-14T05:55:32.087Z,Galileo,21,0,8
2026-03-14T05:55:32.088Z,Galileo,21,0,8
2026-03-14T05:55:32.088Z,Galileo,23,0,8
2026-03-14T05:55:32.088Z,GLONASS,9,5,4
2026-03-14T05:55:32.088Z,Galileo,13,0,8
2026-03-14T05:55:32.090Z,GLONASS,20,9,4
2026-03-14T05:55:32.090Z,GLONASS,3,12,4
2026-03-14T05:55:32.091Z,GLONASS,20,9,4
2026-03-14T05:55:32.091Z,GLONASS,10,0,4
2026-03-14T05:55:32.091Z,GLONASS,4,13,4
2026-03-14T05:55:32.092Z,GLONASS,3,12,4
2026-03-14T05:55:32.092Z,Galileo,13,0,8
2026-03-14T05:55:32.092Z,GLONASS,20,9,4
2026-03-14T05:55:32.092Z,GLONASS,3,12,4
2026-03-14T05:55:32.094Z,GLONASS,16,6,4
2026-03-14T05:55:32.094Z,GLONASS,16,6,4
2026-03-14T05:55:32.094Z,GLONASS,16,6,4
2026-03-14T05:55:32.149Z,GPS,3,0,10
2026-03-14T05:55:32.153Z,GPS,14,0,10
2026-03-14T05:55:32.160Z,GPS,17,0,10
2026-03-14T05:55:32.164Z,GPS,1,0,10
2026-03-14T05:55:32.167Z,GPS,6,0,10
2026-03-14T05:55:32.258Z,QZSS,7,0,10
2026-03-14T05:55:32.259Z,QZSS,2,0,10
2026-03-14T05:55:32.259Z,QZSS,3,0,10
2026-03-14T05:55:32.290Z,BeiDou,34,0,10
2026-03-14T05:55:32.290Z,GPS,3,0,10
2026-03-14T05:55:32.290Z,GPS,14,0,10
2026-03-14T05:55:32.290Z,GPS,17,0,10
2026-03-14T05:55:32.290Z,GPS,1,0,10
2026-03-14T05:55:32.291Z,GPS,6,0,10
2026-03-14T05:55:32.291Z,QZSS,7,0,10
2026-03-14T05:55:32.291Z,QZSS,2,0,10
2026-03-14T05:55:32.291Z,QZSS,3,0,10
2026-03-14T05:55:32.293Z,BeiDou,12,0,10
2026-03-14T05:55:32.293Z,BeiDou,11,0,10
2026-03-14T05:55:32.293Z,BeiDou,12,0,10
2026-03-14T05:55:32.293Z,BeiDou,11,0,10
2026-03-14T05:55:32.294Z,BeiDou,12,0,10
2026-03-14T05:55:32.294Z,BeiDou,11,0,10
2026-03-14T05:55:32.296Z,BeiDou,25,0,10
2026-03-14T05:55:32.296Z,BeiDou,21,0,10
2026-03-14T05:55:32.298Z,BeiDou,43,0,10
2026-03-14T05:55:32.301Z,BeiDou,23,0,10
2026-03-14T05:55:32.303Z,BeiDou,24,0,10
2026-03-14T05:55:32.337Z,BeiDou,56,0,10
2026-03-14T05:55:32.339Z,BeiDou,40,0,10
2026-03-14T05:55:32.339Z,BeiDou,7,0,10
2026-03-14T05:55:32.340Z,BeiDou,7,0,10
2026-03-14T05:55:32.340Z,BeiDou,7,0,10
2026-03-14T05:55:32.343Z,BeiDou,10,0,10
2026-03-14T05:55:32.343Z,BeiDou,10,0,10
2026-03-14T05:55:32.343Z,BeiDou,10,0,10
2026-03-14T05:55:32.345Z,BeiDou,38,0,10
2026-03-14T05:55:33.132Z,Galileo,18,0,8
2026-03-14T05:55:33.134Z,Galileo,13,0,8
2026-03-14T05:55:33.136Z,Galileo,27,0,8
2026-03-14T05:55:33.310Z,Galileo,21,0,8
2026-03-14T05:55:33.312Z,Galileo,23,0,8
2026-03-14T05:55:33.314Z,Galileo,26,0,8
2026-03-14T05:55:34.067Z,Galileo,18,0,8
2026-03-14T05:55:34.079Z,Galileo,21,0,8
2026-03-14T05:55:34.080Z,Galileo,13,0,8
2026-03-14T05:55:34.084Z,Galileo,26,0,8
2026-03-14T05:55:34.085Z,GLONASS,19,10,4
2026-03-14T05:55:34.085Z,GLONASS,19,10,4
2026-03-14T05:55:34.085Z,Galileo,18,0,8
2026-03-14T05:55:34.086Z,GLONASS,9,5,4
2026-03-14T05:55:34.086Z,Galileo,21,0,8
2026-03-14T05:55:34.086Z,GLONASS,9,5,4
2026-03-14T05:55:34.086Z,GLONASS,9,5,4
2026-03-14T05:55:34.086Z,Galileo,13,0,8
2026-03-14T05:55:34.087Z,Galileo,26,0,8
2026-03-14T05:55:34.087Z,GLONASS,19,10,4
2026-03-14T05:55:34.089Z,Galileo,23,0,8
2026-03-14T05:55:34.090Z,GLONASS,20,9,4
2026-03-14T05:55:34.090Z,GLONASS,20,9,4
2026-03-14T05:55:34.090Z,GLONASS,10,0,4
2026-03-14T05:55:34.091Z,GLONASS,4,13,4
2026-03-14T05:55:34.091Z,GLONASS,3,12,4
2026-03-14T05:55:34.091Z,Galileo,23,0,8
2026-03-14T05:55:34.091Z,GLONASS,20,9,4
2026-03-14T05:55:34.093Z,GLONASS,16,6,4
2026-03-14T05:55:34.094Z,GLONASS,16,6,4
2026-03-14T05:55:34.094Z,GLONASS,16,6,4
2026-03-14T05:55:34.303Z,SBAS,137,0,8
2026-03-14T05:55:35.132Z,Galileo,18,0,8
2026-03-14T05:55:35.134Z,Galileo,13,0,8
2026-03-14T05:55:35.136Z,Galileo,27,0,8
2026-03-14T05:55:35.304Z,SBAS,137,0,8
2026-03-14T05:55:35.306Z,Galileo,21,0,8
2026-03-14T05:55:35.308Z,Galileo,23,0,8
2026-03-14T05:55:35.310Z,Galileo,26,0,8
2026-03-14T05:55:35.502Z,SBAS,129,0,8
2026-03-14T05:55:36.060Z,Galileo,18,0,8
2026-03-14T05:55:36.065Z,GPS,3,0,10
2026-03-14T05:55:36.065Z,Galileo,18,0,8
2026-03-14T05:55:36.066Z,GPS,14,0,10
2026-03-14T05:55:36.068Z,GPS,22,0,10
2026-03-14T05:55:36.069Z,GPS,1,0,10
2026-03-14T05:55:36.070Z,GPS,17,0,10
2026-03-14T05:55:36.074Z,GPS,19,0,10
2026-03-14T05:55:36.081Z,Galileo,23,0,8
2026-03-14T05:55:36.083Z,Galileo,21,0,8
2026-03-14T05:55:36.085Z,Galileo,13,0,8
2026-03-14T05:55:36.085Z,GLONASS,19,10,4
2026-03-14T05:55:36.086Z,GLONASS,9,5,4
2026-03-14T05:55:36.086Z,GLONASS,19,10,4
2026-03-14T05:55:36.087Z,GLONASS,9,5,4
2026-03-14T05:55:36.087Z,Galileo,26,0,8
2026-03-14T05:55:36.088Z,Galileo,23,0,8
2026-03-14T05:55:36.088Z,Galileo,21,0,8
2026-03-14T05:55:36.088Z,Galileo,13,0,8
2026-03-14T05:55:36.088Z,GLONASS,19,10,4
2026-03-14T05:55:36.089Z,GLONASS,9,5,4
2026-03-14T05:55:36.089Z,Galileo,26,0,8
2026-03-14T05:55:36.090Z,GLONASS,20,9,4
2026-03-14T05:55:36.090Z,GLONASS,3,12,4
2026-03-14T05:55:36.090Z,GLONASS,20,9,4
2026-03-14T05:55:36.091Z,GLONASS,10,0,4
2026-03-14T05:55:36.091Z,GLONASS,4,13,4
2026-03-14T05:55:36.091Z,GLONASS,3,12,4
2026-03-14T05:55:36.091Z,GLONASS,20,9,4
2026-03-14T05:55:36.091Z,GLONASS,3,12,4
2026-03-14T05:55:36.093Z,GLONASS,16,6,4
2026-03-14T05:55:36.121Z,QZSS,7,0,10
2026-03-14T05:55:36.122Z,QZSS,2,0,10
2026-03-14T05:55:36.125Z,QZSS,3,0,10
2026-03-14T05:55:36.308Z,SBAS,137,0,8
2026-03-14T05:55:36.502Z,SBAS,129,0,8
2026-03-14T05:55:37.126Z,Galileo,18,0,8
2026-03-14T05:55:37.128Z,Galileo,13,0,8
2026-03-14T05:55:37.130Z,Galileo,27,0,8
2026-03-14T05:55:37.276Z,GPS,6,0,10
2026-03-14T05:55:37.293Z,SBAS,137,0,8
2026-03-14T05:55:37.295Z,Galileo,21,0,8
2026-03-14T05:55:37.297Z,Galileo,23,0,8
2026-03-14T05:55:37.299Z,Galileo,26,0,8
2026-03-14T05:55:37.457Z,SBAS,129,0,8
2026-03-14T05:55:38.063Z,Galileo,18,0,8
2026-03-14T05:55:38.079Z,Galileo,26,0,8
2026-03-14T05:55:38.084Z,GLONASS,19,10,4
2026-03-14T05:55:38.085Z,GLONASS,19,10,4
2026-03-14T05:55:38.085Z,Galileo,18,0,8
2026-03-14T05:55:38.085Z,GLONASS,9,5,4
2026-03-14T05:55:38.085Z,GLONASS,19,10,4
2026-03-14T05:55:38.086Z,Galileo,23,0,8
2026-03-14T05:55:38.086Z,GLONASS,9,5,4
2026-03-14T05:55:38.087Z,Galileo,26,0,8
2026-03-14T05:55:38.087Z,Galileo,23,0,8
2026-03-14T05:55:38.087Z,Galileo,21,0,8
2026-03-14T05:55:38.088Z,Galileo,21,0,8
2026-03-14T05:55:38.088Z,GLONASS,9,5,4
2026-03-14T05:55:38.089Z,Galileo,13,0,8
2026-03-14T05:55:38.089Z,Galileo,13,0,8
2026-03-14T05:55:38.090Z,GLONASS,4,13,4
2026-03-14T05:55:38.090Z,GLONASS,20,9,4
2026-03-14T05:55:38.091Z,GLONASS,3,12,4
2026-03-14T05:55:38.091Z,GLONASS,20,9,4
2026-03-14T05:55:38.091Z,GLONASS,10,0,4
2026-03-14T05:55:38.091Z,GLONASS,4,13,4
2026-03-14T05:55:38.091Z,GLONASS,3,12,4
2026-03-14T05:55:38.092Z,GLONASS,4,13,4
2026-03-14T05:55:38.092Z,GLONASS,20,9,4
2026-03-14T05:55:38.092Z,GLONASS,3,12,4
2026-03-14T05:55:38.093Z,GLONASS,16,6,4
2026-03-14T05:55:38.289Z,BeiDou,34,0,10
2026-03-14T05:55:38.293Z,BeiDou,12,0,10
2026-03-14T05:55:38.293Z,BeiDou,11,0,10
2026-03-14T05:55:38.293Z,BeiDou,12,0,10
2026-03-14T05:55:38.293Z,BeiDou,11,0,10
2026-03-14T05:55:38.293Z,BeiDou,12,0,10
2026-03-14T05:55:38.294Z,BeiDou,11,0,10
2026-03-14T05:55:38.295Z,BeiDou,25,0,10
2026-03-14T05:55:38.298Z,BeiDou,43,0,10
2026-03-14T05:55:38.301Z,BeiDou,23,0,10
2026-03-14T05:55:38.302Z,BeiDou,42,0,10
2026-03-14T05:55:38.303Z,BeiDou,24,0,10
2026-03-14T05:55:38.307Z,SBAS,137,0,8
2026-03-14T05:55:38.337Z,BeiDou,56,0,10
2026-03-14T05:55:38.339Z,BeiDou,7,0,10
2026-03-14T05:55:38.339Z,BeiDou,40,0,10
2026-03-14T05:55:38.339Z,BeiDou,7,0,10
2026-03-14T05:55:38.339Z,BeiDou,7,0,10
2026-03-14T05:55:38.343Z,BeiDou,10,0,10
2026-03-14T05:55:38.343Z,BeiDou,10,0,10
2026-03-14T05:55:38.343Z,BeiDou,10,0,10
2026-03-14T05:55:38.345Z,BeiDou,38,0,10
2026-03-14T05:55:38.504Z,SBAS,129,0,8
2026-03-14T05:55:39.125Z,Galileo,18,0,8
2026-03-14T05:55:39.127Z,Galileo,13,0,8
2026-03-14T05:55:39.130Z,Galileo,27,0,8
2026-03-14T05:55:39.321Z,SBAS,137,0,8
2026-03-14T05:55:39.323Z,Galileo,21,0,8
2026-03-14T05:55:39.326Z,Galileo,23,0,8
2026-03-14T05:55:39.328Z,Galileo,26,0,8
2026-03-14T05:55:39.518Z,SBAS,129,0,8
2026-03-14T05:55:40.067Z,Galileo,18,0,8
2026-03-14T05:55:40.078Z,Galileo,21,0,8
2026-03-14T05:55:40.080Z,Galileo,13,0,8
2026-03-14T05:55:40.083Z,Galileo,26,0,8
2026-03-14T05:55:40.085Z,GLONASS,19,10,4
2026-03-14T05:55:40.086Z,GLONASS,9,5,4
2026-03-14T05:55:40.086Z,GLONASS,19,10,4
2026-03-14T05:55:40.086Z,GLONASS,9,5,4
2026-03-14T05:55:40.087Z,Galileo,18,0,8
2026-03-14T05:55:40.087Z,Galileo,21,0,8
2026-03-14T05:55:40.087Z,Galileo,13,0,8
2026-03-14T05:55:40.087Z,Galileo,26,0,8
2026-03-14T05:55:40.087Z,GLONASS,19,10,4
2026-03-14T05:55:40.087Z,GLONASS,9,5,4
2026-03-14T05:55:40.089Z,Galileo,23,0,8
2026-03-14T05:55:40.090Z,GLONASS,4,13,4
2026-03-14T05:55:40.090Z,GLONASS,20,9,4
2026-03-14T05:55:40.090Z,GLONASS,20,9,4
2026-03-14T05:55:40.091Z,GLONASS,10,0,4
2026-03-14T05:55:40.092Z,GLONASS,4,13,4
2026-03-14T05:55:40.092Z,GLONASS,3,12,4
2026-03-14T05:55:40.092Z,Galileo,23,0,8
2026-03-14T05:55:40.092Z,GLONASS,4,13,4
2026-03-14T05:55:40.093Z,GLONASS,20,9,4
2026-03-14T05:55:40.315Z,SBAS,137,0,8
2026-03-14T05:55:41.127Z,Galileo,18,0,8
2026-03-14T05:55:41.130Z,Galileo,13,0,8
2026-03-14T05:55:41.132Z,Galileo,27,0,8
2026-03-14T05:55:41.300Z,SBAS,137,0,8
2026-03-14T05:55:41.303Z,Galileo,21,0,8
2026-03-14T05:55:41.304Z,Galileo,23,0,8
2026-03-14T05:55:41.306Z,Galileo,26,0,8
2026-03-14T05:55:42.059Z,Galileo,18,0,8
2026-03-14T05:55:42.064Z,GPS,3,0,10
2026-03-14T05:55:42.065Z,Galileo,18,0,8
2026-03-14T05:55:42.066Z,GPS,14,0,10
2026-03-14T05:55:42.068Z,GPS,22,0,10
2026-03-14T05:55:42.068Z,GPS,1,0,10
2026-03-14T05:55:42.069Z,GPS,17,0,10
2026-03-14T05:55:42.076Z,GPS,6,0,10
2026-03-14T05:55:42.081Z,Galileo,23,0,8
2026-03-14T05:55:42.083Z,Galileo,21,0,8
2026-03-14T05:55:42.084Z,GLONASS,19,10,4
2026-03-14T05:55:42.084Z,GLONASS,19,10,4
2026-03-14T05:55:42.085Z,Galileo,23,0,8
2026-03-14T05:55:42.085Z,Galileo,21,0,8
2026-03-14T05:55:42.086Z,GLONASS,9,5,4
2026-03-14T05:55:42.086Z,Galileo,13,0,8
2026-03-14T05:55:42.087Z,GLONASS,9,5,4
2026-03-14T05:55:42.087Z,GLONASS,9,5,4
2026-03-14T05:55:42.087Z,Galileo,13,0,8
2026-03-14T05:55:42.087Z,GLONASS,19,10,4
2026-03-14T05:55:42.090Z,GLONASS,4,13,4
2026-03-14T05:55:42.090Z,GLONASS,20,9,4
2026-03-14T05:55:42.090Z,GLONASS,20,9,4
2026-03-14T05:55:42.090Z,GLONASS,4,13,4
2026-03-14T05:55:42.090Z,GLONASS,4,13,4
2026-03-14T05:55:42.091Z,GLONASS,20,9,4
2026-03-14T05:55:42.121Z,QZSS,7,0,10
2026-03-14T05:55:42.122Z,QZSS,2,0,10
2026-03-14T05:55:42.134Z,QZSS,3,0,10
2026-03-14T05:55:42.254Z,Galileo,26,0,8
2026-03-14T05:55:42.300Z,SBAS,137,0,8
2026-03-14T05:55:42.300Z,Galileo,26,0,8
2026-03-14T05:55:43.126Z,Galileo,18,0,8
2026-03-14T05:55:43.128Z,Galileo,13,0,8
2026-03-14T05:55:43.130Z,Galileo,27,0,8
2026-03-14T05:55:43.302Z,SBAS,137,0,8
2026-03-14T05:55:43.304Z,Galileo,21,0,8
2026-03-14T05:55:43.306Z,Galileo,23,0,8
2026-03-14T05:55:43.307Z,Galileo,26,0,8
2026-03-14T05:55:44.063Z,Galileo,18,0,8
2026-03-14T05:55:44.078Z,Galileo,26,0,8
2026-03-14T05:55:44.084Z,GLONASS,19,10,4
2026-03-14T05:55:44.084Z,Galileo,18,0,8
2026-03-14T05:55:44.084Z,GLONASS,19,10,4
2026-03-14T05:55:44.085Z,GLONASS,19,10,4
2026-03-14T05:55:44.085Z,GLONASS,9,5,4
2026-03-14T05:55:44.085Z,Galileo,26,0,8
2026-03-14T05:55:44.086Z,Galileo,23,0,8
2026-03-14T05:55:44.086Z,GLONASS,9,5,4
2026-03-14T05:55:44.087Z,Galileo,13,0,8
2026-03-14T05:55:44.090Z,GLONASS,4,13,4
2026-03-14T05:55:44.090Z,GLONASS,20,9,4
2026-03-14T05:55:44.090Z,GLONASS,20,9,4
2026-03-14T05:55:44.090Z,GLONASS,4,13,4
2026-03-14T05:55:44.090Z,GLONASS,3,12,4
2026-03-14T05:55:44.091Z,Galileo,23,0,8
2026-03-14T05:55:44.091Z,GLONASS,9,5,4
2026-03-14T05:55:44.091Z,Galileo,13,0,8
2026-03-14T05:55:44.091Z,GLONASS,4,13,4
2026-03-14T05:55:44.091Z,GLONASS,20,9,4
2026-03-14T05:55:44.093Z,GLONASS,16,6,4
2026-03-14T05:55:44.093Z,GLONASS,16,6,4
2026-03-14T05:55:44.094Z,GLONASS,16,6,4
2026-03-14T05:55:44.150Z,Galileo,21,0,8
2026-03-14T05:55:44.153Z,GPS,1,0,10
2026-03-14T05:55:44.157Z,GPS,3,0,10
2026-03-14T05:55:44.160Z,GPS,14,0,10
2026-03-14T05:55:44.257Z,GPS,17,0,10
2026-03-14T05:55:44.257Z,QZSS,2,0,10
2026-03-14T05:55:44.258Z,QZSS,3,0,10
2026-03-14T05:55:44.258Z,QZSS,7,0,10
2026-03-14T05:55:44.289Z,BeiDou,34,0,10
2026-03-14T05:55:44.289Z,Galileo,21,0,8
2026-03-14T05:55:44.290Z,GPS,1,0,10
2026-03-14T05:55:44.290Z,GPS,3,0,10
2026-03-14T05:55:44.290Z,GPS,14,0,10
2026-03-14T05:55:44.290Z,GPS,17,0,10
2026-03-14T05:55:44.290Z,QZSS,2,0,10
2026-03-14T05:55:44.290Z,QZSS,3,0,10
2026-03-14T05:55:44.291Z,QZSS,7,0,10
2026-03-14T05:55:44.292Z,BeiDou,12,0,10
2026-03-14T05:55:44.293Z,BeiDou,11,0,10
2026-03-14T05:55:44.293Z,BeiDou,12,0,10
2026-03-14T05:55:44.293Z,BeiDou,12,0,10
2026-03-14T05:55:44.293Z,BeiDou,11,0,10
2026-03-14T05:55:44.295Z,BeiDou,25,0,10
2026-03-14T05:55:44.296Z,BeiDou,44,0,10
2026-03-14T05:55:44.298Z,BeiDou,43,0,10
2026-03-14T05:55:44.307Z,SBAS,137,0,8
2026-03-14T05:55:44.337Z,BeiDou,56,0,10
2026-03-14T05:55:44.338Z,BeiDou,7,0,10
2026-03-14T05:55:44.339Z,BeiDou,40,0,10
2026-03-14T05:55:44.339Z,BeiDou,7,0,10
2026-03-14T05:55:44.342Z,BeiDou,10,0,10
2026-03-14T05:55:45.124Z,Galileo,18,0,8
2026-03-14T05:55:45.124Z,BeiDou,10,0,10
2026-03-14T05:55:45.127Z,Galileo,13,0,8
2026-03-14T05:55:45.128Z,Galileo,27,0,8
2026-03-14T05:55:45.296Z,SBAS,137,0,8
2026-03-14T05:55:45.297Z,Galileo,21,0,8
2026-03-14T05:55:45.299Z,Galileo,23,0,8
2026-03-14T05:55:45.301Z,Galileo,26,0,8
2026-03-14T05:55:46.067Z,Galileo,18,0,8
2026-03-14T05:55:46.078Z,Galileo,21,0,8
2026-03-14T05:55:46.079Z,Galileo,13,0,8
2026-03-14T05:55:46.083Z,Galileo,26,0,8
2026-03-14T05:55:46.084Z,GLONASS,19,10,4
2026-03-14T05:55:46.086Z,GLONASS,9,5,4
2026-03-14T05:55:46.086Z,GLONASS,19,10,4
2026-03-14T05:55:46.086Z,GLONASS,9,5,4
2026-03-14T05:55:46.086Z,Galileo,18,0,8
2026-03-14T05:55:46.086Z,Galileo,21,0,8
2026-03-14T05:55:46.087Z,Galileo,13,0,8
2026-03-14T05:55:46.087Z,Galileo,26,0,8
2026-03-14T05:55:46.087Z,GLONASS,19,10,4
2026-03-14T05:55:46.087Z,GLONASS,9,5,4
2026-03-14T05:55:46.090Z,Galileo,23,0,8
2026-03-14T05:55:46.090Z,GLONASS,4,13,4
2026-03-14T05:55:46.090Z,GLONASS,20,9,4
2026-03-14T05:55:46.090Z,GLONASS,3,12,4
2026-03-14T05:55:46.091Z,GLONASS,20,9,4
2026-03-14T05:55:46.091Z,GLONASS,4,13,4
2026-03-14T05:55:46.091Z,GLONASS,3,12,4
2026-03-14T05:55:46.091Z,Galileo,23,0,8
2026-03-14T05:55:46.091Z,GLONASS,4,13,4
2026-03-14T05:55:46.091Z,GLONASS,20,9,4
2026-03-14T05:55:46.091Z,GLONASS,3,12,4
2026-03-14T05:55:46.093Z,GLONASS,16,6,4
2026-03-14T05:55:46.297Z,SBAS,137,0,8
2026-03-14T05:55:46.297Z,GLONASS,16,6,4
2026-03-14T05:55:47.124Z,Galileo,18,0,8
2026-03-14T05:55:47.126Z,Galileo,13,0,8
2026-03-14T05:55:47.129Z,Galileo,27,0,8
2026-03-14T05:55:47.304Z,SBAS,137,0,8
2026-03-14T05:55:47.306Z,Galileo,21,0,8
2026-03-14T05:55:47.308Z,Galileo,23,0,8
2026-03-14T05:55:47.310Z,Galileo,26,0,8
2026-03-14T05:55:48.058Z,Galileo,18,0,8
2026-03-14T05:55:48.064Z,GPS,3,0,10
2026-03-14T05:55:48.065Z,Galileo,18,0,8
2026-03-14T05:55:48.065Z,GPS,14,0,10
2026-03-14T05:55:48.068Z,GPS,22,0,10
2026-03-14T05:55:48.068Z,GPS,1,0,10
2026-03-14T05:55:48.074Z,GPS,19,0,10
2026-03-14T05:55:48.081Z,Galileo,23,0,8
2026-03-14T05:55:48.083Z,Galileo,21,0,8
2026-03-14T05:55:48.084Z,GLONASS,19,10,4
2026-03-14T05:55:48.086Z,Galileo,13,0,8
2026-03-14T05:55:48.086Z,GLONASS,9,5,4
2026-03-14T05:55:48.086Z,GLONASS,19,10,4
2026-03-14T05:55:48.086Z,GLONASS,9,5,4
2026-03-14T05:55:48.087Z,Galileo,26,0,8
2026-03-14T05:55:48.087Z,Galileo,23,0,8
2026-03-14T05:55:48.087Z,Galileo,21,0,8
2026-03-14T05:55:48.088Z,GLONASS,19,10,4
2026-03-14T05:55:48.088Z,Galileo,27,0,8
2026-03-14T05:55:48.089Z,Galileo,13,0,8
2026-03-14T05:55:48.090Z,GLONASS,4,13,4
2026-03-14T05:55:48.090Z,GLONASS,20,9,4
2026-03-14T05:55:48.090Z,GLONASS,3,12,4
2026-03-14T05:55:48.090Z,GLONASS,20,9,4
2026-03-14T05:55:48.091Z,GLONASS,4,13,4
2026-03-14T05:55:48.091Z,GLONASS,3,12,4
2026-03-14T05:55:48.091Z,Galileo,27,0,8
2026-03-14T05:55:48.091Z,GLONASS,4,13,4
2026-03-14T05:55:48.091Z,GLONASS,20,9,4
2026-03-14T05:55:48.091Z,GLONASS,3,12,4
2026-03-14T05:55:48.092Z,GLONASS,9,5,4
2026-03-14T05:55:48.092Z,Galileo,26,0,8
2026-03-14T05:55:48.093Z,GLONASS,16,6,4
2026-03-14T05:55:48.121Z,QZSS,7,0,10
2026-03-14T05:55:48.121Z,GLONASS,16,6,4
2026-03-14T05:55:48.122Z,QZSS,2,0,10
2026-03-14T05:55:48.125Z,QZSS,3,0,10
2026-03-14T05:55:48.306Z,SBAS,137,0,8
2026-03-14T05:55:49.138Z,Galileo,18,0,8
2026-03-14T05:55:49.140Z,Galileo,13,0,8
2026-03-14T05:55:49.142Z,Galileo,27,0,8
2026-03-14T05:55:49.316Z,SBAS,137,0,8
2026-03-14T05:55:49.319Z,Galileo,21,0,8
2026-03-14T05:55:49.320Z,Galileo,23,0,8
2026-03-14T05:55:49.323Z,Galileo,26,0,8
2026-03-14T05:55:50.063Z,Galileo,18,0,8
2026-03-14T05:55:50.079Z,Galileo,26,0,8
2026-03-14T05:55:50.084Z,GLONASS,19,10,4
2026-03-14T05:55:50.085Z,GLONASS,19,10,4
2026-03-14T05:55:50.085Z,Galileo,18,0,8
2026-03-14T05:55:50.085Z,GLONASS,9,5,4
2026-03-14T05:55:50.086Z,Galileo,23,0,8
2026-03-14T05:55:50.086Z,GLONASS,19,10,4
2026-03-14T05:55:50.086Z,Galileo,23,0,8
2026-03-14T05:55:50.088Z,Galileo,21,0,8
2026-03-14T05:55:50.088Z,Galileo,13,0,8
2026-03-14T05:55:50.088Z,Galileo,26,0,8
2026-03-14T05:55:50.088Z,Galileo,21,0,8
2026-03-14T05:55:50.089Z,Galileo,13,0,8
2026-03-14T05:55:50.090Z,GLONASS,20,9,4
2026-03-14T05:55:50.090Z,GLONASS,3,12,4
2026-03-14T05:55:50.090Z,GLONASS,20,9,4
2026-03-14T05:55:50.090Z,GLONASS,4,13,4
2026-03-14T05:55:50.090Z,GLONASS,3,12,4
2026-03-14T05:55:50.091Z,GLONASS,20,9,4
2026-03-14T05:55:50.091Z,GLONASS,3,12,4
2026-03-14T05:55:50.093Z,GLONASS,16,6,4
2026-03-14T05:55:50.097Z,Galileo,27,0,8
2026-03-14T05:55:50.289Z,BeiDou,34,0,10
2026-03-14T05:55:50.289Z,GLONASS,16,6,4
2026-03-14T05:55:50.290Z,Galileo,27,0,8
2026-03-14T05:55:50.292Z,BeiDou,12,0,10
2026-03-14T05:55:50.293Z,BeiDou,11,0,10
2026-03-14T05:55:50.293Z,BeiDou,12,0,10
2026-03-14T05:55:50.293Z,BeiDou,11,0,10
2026-03-14T05:55:50.293Z,BeiDou,12,0,10
2026-03-14T05:55:50.293Z,BeiDou,11,0,10
2026-03-14T05:55:50.295Z,BeiDou,25,0,10
2026-03-14T05:55:50.296Z,BeiDou,44,0,10
2026-03-14T05:55:50.296Z,BeiDou,21,0,10
2026-03-14T05:55:50.297Z,BeiDou,50,0,10
2026-03-14T05:55:50.298Z,BeiDou,43,0,10
2026-03-14T05:55:50.301Z,BeiDou,23,0,10
2026-03-14T05:55:50.321Z,SBAS,137,0,8
2026-03-14T05:55:50.337Z,BeiDou,56,0,10
2026-03-14T05:55:50.339Z,BeiDou,7,0,10
2026-03-14T05:55:50.342Z,BeiDou,10,0,10
2026-03-14T05:55:51.129Z,Galileo,18,0,8
2026-03-14T05:55:51.129Z,BeiDou,7,0,10
2026-03-14T05:55:51.129Z,BeiDou,10,0,10
2026-03-14T05:55:51.131Z,Galileo,13,0,8
2026-03-14T05:55:51.133Z,Galileo,27,0,8
2026-03-14T05:55:51.301Z,SBAS,137,0,8
2026-03-14T05:55:51.304Z,Galileo,21,0,8
2026-03-14T05:55:51.306Z,Galileo,23,0,8
2026-03-14T05:55:51.308Z,Galileo,26,0,8
2026-03-14T05:55:52.067Z,Galileo,18,0,8
2026-03-14T05:55:52.078Z,Galileo,21,0,8
2026-03-14T05:55:52.079Z,Galileo,13,0,8
2026-03-14T05:55:52.083Z,Galileo,26,0,8
2026-03-14T05:55:52.084Z,GLONASS,19,10,4
2026-03-14T05:55:52.086Z,GLONASS,9,5,4
2026-03-14T05:55:52.086Z,GLONASS,19,10,4
2026-03-14T05:55:52.086Z,GLONASS,9,5,4
2026-03-14T05:55:52.086Z,Galileo,18,0,8
2026-03-14T05:55:52.086Z,Galileo,21,0,8
2026-03-14T05:55:52.086Z,Galileo,13,0,8
2026-03-14T05:55:52.087Z,Galileo,26,0,8
2026-03-14T05:55:52.087Z,GLONASS,19,10,4
2026-03-14T05:55:52.087Z,GLONASS,9,5,4
2026-03-14T05:55:52.089Z,Galileo,23,0,8
2026-03-14T05:55:52.090Z,GLONASS,4,13,4
2026-03-14T05:55:52.090Z,GLONASS,20,9,4
2026-03-14T05:55:52.090Z,GLONASS,3,12,4
2026-03-14T05:55:52.090Z,GLONASS,10,0,4
2026-03-14T05:55:52.090Z,GLONASS,4,13,4
2026-03-14T05:55:52.091Z,Galileo,27,0,8
2026-03-14T05:55:52.091Z,GLONASS,3,12,4
2026-03-14T05:55:52.091Z,Galileo,23,0,8
2026-03-14T05:55:52.092Z,GLONASS,4,13,4
2026-03-14T05:55:52.092Z,GLONASS,3,12,4
2026-03-14T05:55:52.092Z,Galileo,27,0,8
2026-03-14T05:55:52.093Z,GLONASS,16,6,4
2026-03-14T05:55:52.093Z,GLONASS,16,6,4
2026-03-14T05:55:52.303Z,SBAS,137,0,8
2026-03-14T05:55:52.303Z,GLONASS,16,6,4
2026-03-14T05:55:53.130Z,Galileo,18,0,8
2026-03-14T05:55:53.131Z,Galileo,13,0,8
2026-03-14T05:55:53.133Z,Galileo,27,0,8
2026-03-14T05:55:53.304Z,Galileo,21,0,8
2026-03-14T05:55:53.306Z,Galileo,23,0,8
2026-03-14T05:55:53.308Z,Galileo,26,0,8
2026-03-14T05:55:54.059Z,Galileo,18,0,8
2026-03-14T05:55:54.064Z,GPS,3,0,10
2026-03-14T05:55:54.064Z,Galileo,18,0,8
2026-03-14T05:55:54.065Z,GPS,14,0,10
2026-03-14T05:55:54.068Z,GPS,22,0,10
2026-03-14T05:55:54.068Z,GPS,1,0,10
2026-03-14T05:55:54.069Z,GPS,17,0,10
2026-03-14T05:55:54.081Z,Galileo,23,0,8
2026-03-14T05:55:54.083Z,Galileo,21,0,8
2026-03-14T05:55:54.086Z,Galileo,26,0,8
2026-03-14T05:55:54.086Z,GLONASS,19,10,4
2026-03-14T05:55:54.086Z,Galileo,13,0,8
2026-03-14T05:55:54.086Z,GLONASS,9,5,4
2026-03-14T05:55:54.086Z,Galileo,23,0,8
2026-03-14T05:55:54.087Z,Galileo,21,0,8
2026-03-14T05:55:54.087Z,Galileo,26,0,8
2026-03-14T05:55:54.087Z,GLONASS,19,10,4
2026-03-14T05:55:54.088Z,Galileo,13,0,8
2026-03-14T05:55:54.090Z,GLONASS,4,13,4
2026-03-14T05:55:54.090Z,GLONASS,20,9,4
2026-03-14T05:55:54.090Z,GLONASS,3,12,4
2026-03-14T05:55:54.090Z,GLONASS,20,9,4
2026-03-14T05:55:54.090Z,GLONASS,10,0,4
2026-03-14T05:55:54.091Z,GLONASS,4,13,4
2026-03-14T05:55:54.091Z,GLONASS,3,12,4
2026-03-14T05:55:54.091Z,GLONASS,4,13,4
2026-03-14T05:55:54.091Z,GLONASS,20,9,4
2026-03-14T05:55:54.091Z,GLONASS,3,12,4
2026-03-14T05:55:54.093Z,GLONASS,16,6,4
2026-03-14T05:55:54.094Z,Galileo,27,0,8
2026-03-14T05:55:54.094Z,GLONASS,16,6,4
2026-03-14T05:55:54.122Z,QZSS,2,0,10
2026-03-14T05:55:54.122Z,Galileo,27,0,8
2026-03-14T05:55:54.122Z,GLONASS,16,6,4
2026-03-14T05:55:54.125Z,QZSS,3,0,10
2026-03-14T05:55:55.133Z,Galileo,18,0,8
2026-03-14T05:55:55.136Z,Galileo,13,0,8
2026-03-14T05:55:55.138Z,Galileo,27,0,8
2026-03-14T05:55:55.319Z,Galileo,21,0,8
2026-03-14T05:55:55.321Z,Galileo,23,0,8
2026-03-14T05:55:55.324Z,Galileo,26,0,8
2026-03-14T05:55:56.063Z,Galileo,18,0,8
2026-03-14T05:55:56.084Z,GLONASS,19,10,4
2026-03-14T05:55:56.084Z,Galileo,18,0,8
2026-03-14T05:55:56.084Z,GLONASS,19,10,4
2026-03-14T05:55:56.085Z,GLONASS,9,5,4
2026-03-14T05:55:56.085Z,GLONASS,19,10,4
2026-03-14T05:55:56.086Z,Galileo,23,0,8
2026-03-14T05:55:56.086Z,GLONASS,9,5,4
2026-03-14T05:55:56.087Z,Galileo,21,0,8
2026-03-14T05:55:56.089Z,Galileo,26,0,8
2026-03-14T05:55:56.090Z,GLONASS,4,13,4
2026-03-14T05:55:56.090Z,GLONASS,20,9,4
2026-03-14T05:55:56.090Z,GLONASS,3,12,4
2026-03-14T05:55:56.090Z,Galileo,13,0,8
2026-03-14T05:55:56.090Z,GLONASS,20,9,4
2026-03-14T05:55:56.092Z,GLONASS,18,4,4
2026-03-14T05:55:56.092Z,GLONASS,18,4,4
2026-03-14T05:55:56.092Z,GLONASS,10,0,4
2026-03-14T05:55:56.092Z,GLONASS,3,12,4
2026-03-14T05:55:56.093Z,Galileo,23,0,8
2026-03-14T05:55:56.093Z,Galileo,27,0,8
2026-03-14T05:55:56.093Z,Galileo,27,0,8
2026-03-14T05:55:56.093Z,GLONASS,9,5,4
2026-03-14T05:55:56.093Z,Galileo,21,0,8
2026-03-14T05:55:56.094Z,Galileo,26,0,8
2026-03-14T05:55:56.094Z,GLONASS,4,13,4
2026-03-14T05:55:56.094Z,GLONASS,20,9,4
2026-03-14T05:55:56.094Z,GLONASS,3,12,4
2026-03-14T05:55:56.094Z,Galileo,13,0,8
2026-03-14T05:55:56.094Z,GLONASS,18,4,4
2026-03-14T05:55:56.148Z,GPS,3,0,10
2026-03-14T05:55:56.161Z,GPS,14,0,10
2026-03-14T05:55:56.261Z,GPS,17,0,10
2026-03-14T05:55:56.262Z,GPS,1,0,10
2026-03-14T05:55:56.262Z,QZSS,2,0,10
2026-03-14T05:55:56.262Z,QZSS,3,0,10
2026-03-14T05:55:56.292Z,BeiDou,12,0,10
2026-03-14T05:55:56.292Z,BeiDou,11,0,10
2026-03-14T05:55:56.292Z,BeiDou,12,0,10
2026-03-14T05:55:56.293Z,GPS,3,0,10
2026-03-14T05:55:56.293Z,GPS,14,0,10
2026-03-14T05:55:56.293Z,GPS,17,0,10
2026-03-14T05:55:56.293Z,GPS,1,0,10
2026-03-14T05:55:56.293Z,QZSS,2,0,10
2026-03-14T05:55:56.294Z,QZSS,3,0,10
2026-03-14T05:55:56.294Z,BeiDou,12,0,10
2026-03-14T05:55:56.294Z,BeiDou,11,0,10
2026-03-14T05:55:56.295Z,BeiDou,25,0,10
2026-03-14T05:55:56.296Z,BeiDou,44,0,10
2026-03-14T05:55:56.296Z,BeiDou,21,0,10
2026-03-14T05:55:56.297Z,BeiDou,50,0,10
2026-03-14T05:55:56.338Z,BeiDou,7,0,10
2026-03-14T05:55:56.338Z,BeiDou,7,0,10
2026-03-14T05:55:56.339Z,BeiDou,7,0,10
2026-03-14T05:55:57.135Z,Galileo,18,0,8
2026-03-14T05:55:57.138Z,Galileo,13,0,8
2026-03-14T05:55:57.140Z,Galileo,27,0,8
2026-03-14T05:55:57.312Z,Galileo,21,0,8
2026-03-14T05:55:57.314Z,Galileo,23,0,8
2026-03-14T05:55:57.316Z,Galileo,26,0,8
2026-03-14T05:55:58.067Z,Galileo,18,0,8
2026-03-14T05:55:58.078Z,Galileo,21,0,8
2026-03-14T05:55:58.079Z,Galileo,26,0,8
2026-03-14T05:55:58.081Z,Galileo,13,0,8
2026-03-14T05:55:58.084Z,GLONASS,19,10,4
2026-03-14T05:55:58.084Z,Galileo,18,0,8
2026-03-14T05:55:58.086Z,GLONASS,9,5,4
2026-03-14T05:55:58.086Z,Galileo,21,0,8
2026-03-14T05:55:58.086Z,GLONASS,9,5,4
2026-03-14T05:55:58.086Z,GLONASS,9,5,4
2026-03-14T05:55:58.086Z,Galileo,26,0,8
2026-03-14T05:55:58.086Z,Galileo,13,0,8
2026-03-14T05:55:58.089Z,Galileo,23,0,8
2026-03-14T05:55:58.089Z,GLONASS,20,9,4
2026-03-14T05:55:58.090Z,GLONASS,4,13,4
2026-03-14T05:55:58.090Z,GLONASS,20,9,4
2026-03-14T05:55:58.090Z,GLONASS,3,12,4
2026-03-14T05:55:58.090Z,GLONASS,4,13,4
2026-03-14T05:55:58.091Z,GLONASS,3,12,4
2026-03-14T05:55:58.092Z,GLONASS,18,4,4
2026-03-14T05:55:58.092Z,GLONASS,18,4,4
2026-03-14T05:55:58.092Z,Galileo,23,0,8
2026-03-14T05:55:58.092Z,GLONASS,4,13,4
2026-03-14T05:55:58.093Z,Galileo,27,0,8
2026-03-14T05:55:58.093Z,Galileo,27,0,8
2026-03-14T05:55:58.093Z,GLONASS,20,9,4
2026-03-14T05:55:58.093Z,GLONASS,3,12,4
2026-03-14T05:55:58.093Z,GLONASS,18,4,4
2026-03-14T05:55:59.131Z,Galileo,18,0,8
2026-03-14T05:55:59.133Z,Galileo,13,0,8
2026-03-14T05:55:59.134Z,Galileo,27,0,8
2026-03-14T05:55:59.301Z,Galileo,21,0,8
2026-03-14T05:55:59.303Z,Galileo,23,0,8
2026-03-14T05:55:59.304Z,Galileo,26,0,8
2026-03-14T05:56:00.059Z,Galileo,18,0,8
2026-03-14T05:56:00.064Z,GPS,3,0,10
2026-03-14T05:56:00.064Z,Galileo,18,0,8
2026-03-14T05:56:00.065Z,GPS,14,0,10
2026-03-14T05:56:00.068Z,GPS,22,0,10
2026-03-14T05:56:00.068Z,GPS,1,0,10
2026-03-14T05:56:00.069Z,GPS,17,0,10
2026-03-14T05:56:00.074Z,GPS,19,0,10
2026-03-14T05:56:00.081Z,Galileo,23,0,8
2026-03-14T05:56:00.083Z,Galileo,21,0,8
2026-03-14T05:56:00.084Z,GLONASS,19,10,4
2026-03-14T05:56:00.084Z,Galileo,23,0,8
2026-03-14T05:56:00.084Z,Galileo,26,0,8
2026-03-14T05:56:00.086Z,GLONASS,9,5,4
2026-03-14T05:56:00.086Z,Galileo,13,0,8
2026-03-14T05:56:00.086Z,GLONASS,9,5,4
2026-03-14T05:56:00.086Z,Galileo,26,0,8
2026-03-14T05:56:00.087Z,Galileo,21,0,8
2026-03-14T05:56:00.087Z,GLONASS,9,5,4
2026-03-14T05:56:00.087Z,Galileo,13,0,8
2026-03-14T05:56:00.089Z,GLONASS,4,13,4
2026-03-14T05:56:00.090Z,GLONASS,3,12,4
2026-03-14T05:56:00.090Z,GLONASS,20,9,4
2026-03-14T05:56:00.090Z,GLONASS,10,0,4
2026-03-14T05:56:00.090Z,GLONASS,4,13,4
2026-03-14T05:56:00.090Z,GLONASS,3,12,4
2026-03-14T05:56:00.091Z,GLONASS,4,13,4
2026-03-14T05:56:00.091Z,GLONASS,3,12,4
2026-03-14T05:56:00.091Z,GLONASS,18,4,4
2026-03-14T05:56:00.092Z,GLONASS,18,4,4
2026-03-14T05:56:00.093Z,Galileo,27,0,8
2026-03-14T05:56:00.122Z,QZSS,2,0,10
2026-03-14T05:56:00.122Z,Galileo,27,0,8
2026-03-14T05:56:00.125Z,QZSS,3,0,10
2026-03-14T05:56:01.064Z,Galileo,18,0,8
2026-03-14T05:56:01.086Z,Galileo,13,0,8
2026-03-14T05:56:01.095Z,Galileo,21,0,8
2026-03-14T05:56:01.099Z,Galileo,23,0,8
2026-03-14T05:56:01.101Z,Galileo,26,0,8
2026-03-14T05:56:01.105Z,Galileo,27,0,8
2026-03-14T05:56:02.069Z,Galileo,18,0,8
2026-03-14T05:56:02.084Z,GLONASS,19,10,4
2026-03-14T05:56:02.084Z,Galileo,18,0,8
2026-03-14T05:56:02.086Z,Galileo,23,0,8
2026-03-14T05:56:02.086Z,GLONASS,9,5,4
2026-03-14T05:56:02.086Z,GLONASS,9,5,4
2026-03-14T05:56:02.086Z,Galileo,23,0,8
2026-03-14T05:56:02.087Z,GLONASS,9,5,4
2026-03-14T05:56:02.087Z,Galileo,21,0,8
2026-03-14T05:56:02.088Z,Galileo,21,0,8
2026-03-14T05:56:02.088Z,Galileo,26,0,8
2026-03-14T05:56:02.088Z,Galileo,26,0,8
2026-03-14T05:56:02.090Z,GLONASS,4,13,4
2026-03-14T05:56:02.090Z,GLONASS,20,9,4
2026-03-14T05:56:02.090Z,GLONASS,3,12,4
2026-03-14T05:56:02.091Z,Galileo,13,0,8
2026-03-14T05:56:02.092Z,GLONASS,18,4,4
2026-03-14T05:56:02.092Z,GLONASS,20,9,4
2026-03-14T05:56:02.092Z,GLONASS,18,4,4
2026-03-14T05:56:02.093Z,GLONASS,10,0,4
2026-03-14T05:56:02.093Z,GLONASS,4,13,4
2026-03-14T05:56:02.093Z,GLONASS,3,12,4
2026-03-14T05:56:02.093Z,GLONASS,4,13,4
2026-03-14T05:56:02.093Z,GLONASS,20,9,4
2026-03-14T05:56:02.093Z,GLONASS,3,12,4
2026-03-14T05:56:02.094Z,Galileo,13,0,8
2026-03-14T05:56:02.094Z,GLONASS,18,4,4
2026-03-14T05:56:02.293Z,BeiDou,12,0,10
2026-03-14T05:56:02.293Z,BeiDou,11,0,10
2026-03-14T05:56:02.293Z,BeiDou,12,0,10
2026-03-14T05:56:02.293Z,BeiDou,12,0,10
2026-03-14T05:56:02.293Z,BeiDou,11,0,10
2026-03-14T05:56:02.295Z,BeiDou,25,0,10
2026-03-14T05:56:02.297Z,BeiDou,50,0,10
2026-03-14T05:56:02.301Z,BeiDou,23,0,10
2026-03-14T05:56:02.338Z,BeiDou,7,0,10
2026-03-14T05:56:02.338Z,BeiDou,7,0,10
2026-03-14T05:56:02.339Z,BeiDou,7,0,10
2026-03-14T05:56:03.163Z,Galileo,18,0,8
2026-03-14T05:56:03.166Z,Galileo,13,0,8
2026-03-14T05:56:03.168Z,Galileo,27,0,8
2026-03-14T05:56:03.319Z,Galileo,21,0,8
2026-03-14T05:56:03.320Z,Galileo,23,0,8
2026-03-14T05:56:03.323Z,Galileo,26,0,8
2026-03-14T05:56:04.068Z,Galileo,18,0,8
2026-03-14T05:56:04.079Z,Galileo,26,0,8
2026-03-14T05:56:04.079Z,Galileo,13,0,8
2026-03-14T05:56:04.081Z,Galileo,21,0,8
2026-03-14T05:56:04.084Z,GLONASS,19,10,4
2026-03-14T05:56:04.085Z,GLONASS,9,5,4
2026-03-14T05:56:04.086Z,GLONASS,9,5,4
2026-03-14T05:56:04.086Z,Galileo,18,0,8
2026-03-14T05:56:04.086Z,Galileo,26,0,8
2026-03-14T05:56:04.086Z,Galileo,13,0,8
2026-03-14T05:56:04.086Z,Galileo,21,0,8
2026-03-14T05:56:04.086Z,GLONASS,19,10,4
2026-03-14T05:56:04.087Z,GLONASS,9,5,4
2026-03-14T05:56:04.088Z,Galileo,23,0,8
2026-03-14T05:56:04.089Z,GLONASS,20,9,4
2026-03-14T05:56:04.089Z,GLONASS,10,0,4
2026-03-14T05:56:04.090Z,GLONASS,4,13,4
2026-03-14T05:56:04.090Z,GLONASS,20,9,4
2026-03-14T05:56:04.090Z,GLONASS,3,12,4
2026-03-14T05:56:04.090Z,GLONASS,4,13,4
2026-03-14T05:56:04.091Z,GLONASS,18,4,4
2026-03-14T05:56:04.092Z,GLONASS,18,4,4
2026-03-14T05:56:04.092Z,GLONASS,3,12,4
2026-03-14T05:56:04.092Z,Galileo,23,0,8
2026-03-14T05:56:04.092Z,GLONASS,4,13,4
2026-03-14T05:56:04.093Z,GLONASS,16,6,4
2026-03-14T05:56:04.093Z,GLONASS,20,9,4
2026-03-14T05:56:04.093Z,GLONASS,3,12,4
2026-03-14T05:56:04.093Z,GLONASS,18,4,4
2026-03-14T05:56:05.139Z,Galileo,18,0,8
2026-03-14T05:56:05.140Z,Galileo,13,0,8
2026-03-14T05:56:05.143Z,Galileo,27,0,8
2026-03-14T05:56:05.311Z,Galileo,21,0,8
2026-03-14T05:56:05.313Z,Galileo,23,0,8
2026-03-14T05:56:05.314Z,Galileo,26,0,8
2026-03-14T05:56:06.059Z,Galileo,18,0,8
2026-03-14T05:56:06.064Z,GPS,3,0,10
2026-03-14T05:56:06.064Z,Galileo,18,0,8
2026-03-14T05:56:06.065Z,GPS,14,0,10
2026-03-14T05:56:06.068Z,GPS,22,0,10
2026-03-14T05:56:06.068Z,GPS,1,0,10
2026-03-14T05:56:06.069Z,GPS,17,0,10
2026-03-14T05:56:06.074Z,GPS,19,0,10
2026-03-14T05:56:06.080Z,Galileo,23,0,8
2026-03-14T05:56:06.083Z,Galileo,26,0,8
2026-03-14T05:56:06.085Z,GLONASS,19,10,4
2026-03-14T05:56:06.086Z,Galileo,13,0,8
2026-03-14T05:56:06.086Z,GLONASS,9,5,4
2026-03-14T05:56:06.086Z,GLONASS,9,5,4
2026-03-14T05:56:06.086Z,Galileo,23,0,8
2026-03-14T05:56:06.086Z,Galileo,26,0,8
2026-03-14T05:56:06.086Z,GLONASS,19,10,4
2026-03-14T05:56:06.087Z,Galileo,13,0,8
2026-03-14T05:56:06.087Z,GLONASS,9,5,4
2026-03-14T05:56:06.089Z,GLONASS,4,13,4
2026-03-14T05:56:06.090Z,GLONASS,3,12,4
2026-03-14T05:56:06.090Z,GLONASS,20,9,4
2026-03-14T05:56:06.090Z,GLONASS,10,0,4
2026-03-14T05:56:06.090Z,GLONASS,4,13,4
2026-03-14T05:56:06.090Z,GLONASS,3,12,4
2026-03-14T05:56:06.091Z,GLONASS,4,13,4
2026-03-14T05:56:06.091Z,GLONASS,18,4,4
2026-03-14T05:56:06.091Z,GLONASS,3,12,4
2026-03-14T05:56:06.091Z,GLONASS,18,4,4
2026-03-14T05:56:06.092Z,GLONASS,18,4,4
2026-03-14T05:56:06.092Z,GLONASS,16,6,4
2026-03-14T05:56:06.093Z,Galileo,21,0,8
2026-03-14T05:56:06.121Z,QZSS,7,0,10
2026-03-14T05:56:06.121Z,Galileo,21,0,8
2026-03-14T05:56:06.122Z,QZSS,2,0,10
2026-03-14T05:56:06.125Z,QZSS,3,0,10
2026-03-14T05:56:07.134Z,Galileo,18,0,8
2026-03-14T05:56:07.136Z,Galileo,13,0,8
2026-03-14T05:56:07.138Z,Galileo,27,0,8
2026-03-14T05:56:07.305Z,Galileo,21,0,8
2026-03-14T05:56:07.306Z,Galileo,23,0,8
2026-03-14T05:56:07.309Z,Galileo,26,0,8
2026-03-14T05:56:08.063Z,Galileo,18,0,8
2026-03-14T05:56:08.077Z,Galileo,21,0,8
2026-03-14T05:56:08.084Z,GLONASS,19,10,4
2026-03-14T05:56:08.085Z,Galileo,23,0,8
2026-03-14T05:56:08.085Z,GLONASS,19,10,4
2026-03-14T05:56:08.085Z,GLONASS,9,5,4
2026-03-14T05:56:08.085Z,GLONASS,9,5,4
2026-03-14T05:56:08.086Z,Galileo,18,0,8
2026-03-14T05:56:08.086Z,Galileo,21,0,8
2026-03-14T05:56:08.086Z,GLONASS,19,10,4
2026-03-14T05:56:08.086Z,Galileo,23,0,8
2026-03-14T05:56:08.087Z,Galileo,26,0,8
2026-03-14T05:56:08.087Z,Galileo,26,0,8
2026-03-14T05:56:08.087Z,GLONASS,9,5,4
2026-03-14T05:56:08.088Z,Galileo,13,0,8
2026-03-14T05:56:08.089Z,GLONASS,4,13,4
2026-03-14T05:56:08.090Z,GLONASS,3,12,4
2026-03-14T05:56:08.090Z,GLONASS,20,9,4
2026-03-14T05:56:08.090Z,GLONASS,10,0,4
2026-03-14T05:56:08.090Z,GLONASS,4,13,4
2026-03-14T05:56:08.090Z,GLONASS,3,12,4
2026-03-14T05:56:08.091Z,Galileo,13,0,8
2026-03-14T05:56:08.091Z,GLONASS,4,13,4
2026-03-14T05:56:08.091Z,GLONASS,18,4,4
2026-03-14T05:56:08.092Z,GLONASS,18,4,4
2026-03-14T05:56:08.092Z,GLONASS,3,12,4
2026-03-14T05:56:08.093Z,GLONASS,16,6,4
2026-03-14T05:56:08.093Z,GLONASS,16,6,4
2026-03-14T05:56:08.093Z,GLONASS,16,6,4
2026-03-14T05:56:08.156Z,GPS,3,0,10
2026-03-14T05:56:08.159Z,GPS,14,0,10
2026-03-14T05:56:08.162Z,GPS,6,0,10
2026-03-14T05:56:08.256Z,GPS,17,0,10
2026-03-14T05:56:08.256Z,GPS,1,0,10
2026-03-14T05:56:08.257Z,QZSS,2,0,10
2026-03-14T05:56:08.257Z,QZSS,3,0,10
2026-03-14T05:56:08.289Z,BeiDou,34,0,10
2026-03-14T05:56:08.289Z,GPS,3,0,10
2026-03-14T05:56:08.289Z,GPS,14,0,10
2026-03-14T05:56:08.289Z,GPS,6,0,10
2026-03-14T05:56:08.289Z,GPS,17,0,10
2026-03-14T05:56:08.290Z,GPS,1,0,10
2026-03-14T05:56:08.290Z,QZSS,2,0,10
2026-03-14T05:56:08.290Z,QZSS,3,0,10
2026-03-14T05:56:08.292Z,BeiDou,12,0,10
2026-03-14T05:56:08.292Z,BeiDou,11,0,10
2026-03-14T05:56:08.292Z,BeiDou,12,0,10
2026-03-14T05:56:08.293Z,BeiDou,11,0,10
2026-03-14T05:56:08.293Z,BeiDou,12,0,10
2026-03-14T05:56:08.293Z,BeiDou,11,0,10
2026-03-14T05:56:08.294Z,BeiDou,25,0,10
2026-03-14T05:56:08.296Z,BeiDou,44,0,10
2026-03-14T05:56:08.296Z,BeiDou,21,0,10
2026-03-14T05:56:08.297Z,BeiDou,50,0,10
2026-03-14T05:56:08.298Z,BeiDou,22,0,10
2026-03-14T05:56:08.298Z,BeiDou,43,0,10
2026-03-14T05:56:08.337Z,BeiDou,56,0,10
2026-03-14T05:56:08.338Z,BeiDou,7,0,10
2026-03-14T05:56:08.338Z,BeiDou,40,0,10
2026-03-14T05:56:08.338Z,BeiDou,7,0,10
2026-03-14T05:56:08.339Z,BeiDou,7,0,10
2026-03-14T05:56:08.345Z,BeiDou,38,0,10
2026-03-14T05:56:09.133Z,Galileo,18,0,8
2026-03-14T05:56:09.135Z,Galileo,13,0,8
2026-03-14T05:56:09.302Z,Galileo,21,0,8
2026-03-14T05:56:09.305Z,Galileo,23,0,8
2026-03-14T05:56:09.306Z,Galileo,26,0,8
2026-03-14T05:56:10.066Z,Galileo,18,0,8
2026-03-14T05:56:10.079Z,Galileo,26,0,8
2026-03-14T05:56:10.080Z,Galileo,13,0,8
2026-03-14T05:56:10.081Z,Galileo,21,0,8
2026-03-14T05:56:10.085Z,GLONASS,19,10,4
2026-03-14T05:56:10.086Z,GLONASS,9,5,4
2026-03-14T05:56:10.086Z,GLONASS,19,10,4
2026-03-14T05:56:10.086Z,GLONASS,9,5,4
2026-03-14T05:56:10.086Z,Galileo,18,0,8
2026-03-14T05:56:10.086Z,Galileo,26,0,8
2026-03-14T05:56:10.086Z,Galileo,13,0,8
2026-03-14T05:56:10.087Z,Galileo,21,0,8
2026-03-14T05:56:10.087Z,GLONASS,19,10,4
2026-03-14T05:56:10.087Z,GLONASS,9,5,4
2026-03-14T05:56:10.088Z,Galileo,23,0,8
2026-03-14T05:56:10.089Z,GLONASS,20,9,4
2026-03-14T05:56:10.089Z,GLONASS,10,0,4
2026-03-14T05:56:10.089Z,GLONASS,4,13,4
2026-03-14T05:56:10.090Z,GLONASS,4,13,4
2026-03-14T05:56:10.090Z,GLONASS,3,12,4
2026-03-14T05:56:10.090Z,GLONASS,3,12,4
2026-03-14T05:56:10.090Z,Galileo,23,0,8
2026-03-14T05:56:10.090Z,GLONASS,4,13,4
2026-03-14T05:56:10.090Z,GLONASS,3,12,4
2026-03-14T05:56:10.091Z,GLONASS,18,4,4
2026-03-14T05:56:11.091Z,GLONASS,18,4,4
2026-03-14T05:56:11.122Z,Galileo,18,0,8
2026-03-14T05:56:11.124Z,Galileo,13,0,8
2026-03-14T05:56:11.309Z,Galileo,21,0,8
2026-03-14T05:56:11.310Z,Galileo,23,0,8
2026-03-14T05:56:11.313Z,Galileo,26,0,8
2026-03-14T05:56:12.059Z,Galileo,18,0,8
2026-03-14T05:56:12.064Z,GPS,3,0,10
2026-03-14T05:56:12.064Z,Galileo,18,0,8
2026-03-14T05:56:12.065Z,GPS,14,0,10
2026-03-14T05:56:12.068Z,GPS,22,0,10
2026-03-14T05:56:12.068Z,GPS,1,0,10
2026-03-14T05:56:12.073Z,GPS,19,0,10
2026-03-14T05:56:12.080Z,Galileo,23,0,8
2026-03-14T05:56:12.083Z,Galileo,26,0,8
2026-03-14T05:56:12.083Z,GLONASS,19,10,4
2026-03-14T05:56:12.084Z,GLONASS,19,10,4
2026-03-14T05:56:12.084Z,Galileo,23,0,8
2026-03-14T05:56:12.085Z,Galileo,13,0,8
2026-03-14T05:56:12.085Z,GLONASS,9,5,4
2026-03-14T05:56:12.085Z,GLONASS,19,10,4
2026-03-14T05:56:12.086Z,Galileo,26,0,8
2026-03-14T05:56:12.086Z,Galileo,13,0,8
2026-03-14T05:56:12.089Z,GLONASS,4,13,4
2026-03-14T05:56:12.090Z,GLONASS,20,9,4
2026-03-14T05:56:12.090Z,GLONASS,3,12,4
2026-03-14T05:56:12.092Z,GLONASS,20,9,4
2026-03-14T05:56:12.092Z,GLONASS,18,4,4
2026-03-14T05:56:12.092Z,GLONASS,16,6,4
2026-03-14T05:56:12.092Z,GLONASS,18,4,4
2026-03-14T05:56:12.092Z,GLONASS,4,13,4
2026-03-14T05:56:12.093Z,GLONASS,3,12,4
2026-03-14T05:56:12.093Z,Galileo,21,0,8
2026-03-14T05:56:12.094Z,GLONASS,16,6,4
2026-03-14T05:56:12.094Z,GLONASS,4,13,4
2026-03-14T05:56:12.094Z,Galileo,21,0,8
2026-03-14T05:56:12.094Z,GLONASS,20,9,4
2026-03-14T05:56:12.095Z,GLONASS,3,12,4
2026-03-14T05:56:12.095Z,GLONASS,18,4,4
2026-03-14T05:56:12.095Z,GLONASS,16,6,4
2026-03-14T05:56:12.120Z,QZSS,7,0,10
2026-03-14T05:56:12.122Z,QZSS,2,0,10
2026-03-14T05:56:12.125Z,QZSS,3,0,10
2026-03-14T05:56:13.127Z,Galileo,18,0,8
2026-03-14T05:56:13.129Z,Galileo,13,0,8
2026-03-14T05:56:13.132Z,Galileo,27,0,8
2026-03-14T05:56:13.305Z,Galileo,21,0,8
2026-03-14T05:56:13.307Z,Galileo,23,0,8
2026-03-14T05:56:13.309Z,Galileo,26,0,8
2026-03-14T05:56:14.062Z,Galileo,18,0,8
2026-03-14T05:56:14.077Z,Galileo,21,0,8
2026-03-14T05:56:14.083Z,GLONASS,19,10,4
2026-03-14T05:56:14.084Z,GLONASS,19,10,4
2026-03-14T05:56:14.085Z,Galileo,23,0,8
2026-03-14T05:56:14.085Z,GLONASS,9,5,4
2026-03-14T05:56:14.085Z,Galileo,18,0,8
2026-03-14T05:56:14.085Z,Galileo,21,0,8
2026-03-14T05:56:14.085Z,GLONASS,9,5,4
2026-03-14T05:56:14.086Z,GLONASS,19,10,4
2026-03-14T05:56:14.086Z,GLONASS,9,5,4
2026-03-14T05:56:14.086Z,Galileo,23,0,8
2026-03-14T05:56:14.087Z,Galileo,26,0,8
2026-03-14T05:56:14.087Z,Galileo,26,0,8
2026-03-14T05:56:14.089Z,Galileo,13,0,8
2026-03-14T05:56:14.090Z,GLONASS,4,13,4
2026-03-14T05:56:14.090Z,GLONASS,20,9,4
2026-03-14T05:56:14.090Z,GLONASS,3,12,4
2026-03-14T05:56:14.090Z,GLONASS,20,9,4
2026-03-14T05:56:14.090Z,GLONASS,10,0,4
2026-03-14T05:56:14.091Z,GLONASS,18,4,4
2026-03-14T05:56:14.091Z,GLONASS,4,13,4
2026-03-14T05:56:14.091Z,GLONASS,18,4,4
2026-03-14T05:56:14.092Z,GLONASS,3,12,4
2026-03-14T05:56:14.092Z,Galileo,13,0,8
2026-03-14T05:56:14.092Z,GLONASS,16,6,4
2026-03-14T05:56:14.093Z,GLONASS,4,13,4
2026-03-14T05:56:14.093Z,GLONASS,16,6,4
2026-03-14T05:56:14.093Z,GLONASS,16,6,4
2026-03-14T05:56:14.093Z,GLONASS,20,9,4
2026-03-14T05:56:14.093Z,GLONASS,3,12,4
2026-03-14T05:56:14.094Z,GLONASS,18,4,4
2026-03-14T05:56:14.096Z,Galileo,27,0,8
2026-03-14T05:56:14.289Z,BeiDou,34,0,10
2026-03-14T05:56:14.289Z,Galileo,27,0,8
2026-03-14T05:56:14.292Z,BeiDou,12,0,10
2026-03-14T05:56:14.292Z,BeiDou,11,0,10
2026-03-14T05:56:14.292Z,BeiDou,12,0,10
2026-03-14T05:56:14.292Z,BeiDou,11,0,10
2026-03-14T05:56:14.293Z,BeiDou,12,0,10
2026-03-14T05:56:14.293Z,BeiDou,11,0,10
2026-03-14T05:56:14.294Z,BeiDou,25,0,10
2026-03-14T05:56:14.295Z,BeiDou,21,0,10
2026-03-14T05:56:14.296Z,BeiDou,50,0,10
2026-03-14T05:56:14.297Z,BeiDou,22,0,10
2026-03-14T05:56:14.298Z,BeiDou,43,0,10
2026-03-14T05:56:14.300Z,BeiDou,23,0,10
2026-03-14T05:56:14.301Z,BeiDou,42,0,10
2026-03-14T05:56:14.336Z,BeiDou,56,0,10
2026-03-14T05:56:14.338Z,BeiDou,7,0,10
2026-03-14T05:56:15.125Z,Galileo,18,0,8
2026-03-14T05:56:15.125Z,BeiDou,7,0,10
2026-03-14T05:56:15.127Z,Galileo,13,0,8
2026-03-14T05:56:15.129Z,Galileo,27,0,8
2026-03-14T05:56:15.304Z,Galileo,21,0,8
2026-03-14T05:56:15.306Z,Galileo,23,0,8
2026-03-14T05:56:15.309Z,Galileo,26,0,8
2026-03-14T05:56:16.066Z,Galileo,18,0,8
2026-03-14T05:56:16.078Z,Galileo,26,0,8
2026-03-14T05:56:16.080Z,Galileo,13,0,8
2026-03-14T05:56:16.081Z,Galileo,21,0,8
2026-03-14T05:56:16.084Z,GLONASS,19,10,4
2026-03-14T05:56:16.085Z,GLONASS,9,5,4
2026-03-14T05:56:16.085Z,GLONASS,19,10,4
2026-03-14T05:56:16.086Z,GLONASS,9,5,4
2026-03-14T05:56:16.086Z,Galileo,18,0,8
2026-03-14T05:56:16.086Z,Galileo,26,0,8
2026-03-14T05:56:16.086Z,Galileo,13,0,8
2026-03-14T05:56:16.086Z,Galileo,21,0,8
2026-03-14T05:56:16.086Z,GLONASS,19,10,4
2026-03-14T05:56:16.087Z,GLONASS,9,5,4
2026-03-14T05:56:16.089Z,Galileo,23,0,8
2026-03-14T05:56:16.089Z,GLONASS,20,9,4
2026-03-14T05:56:16.089Z,Galileo,23,0,8
2026-03-14T05:56:16.089Z,GLONASS,4,13,4
2026-03-14T05:56:16.089Z,GLONASS,20,9,4
2026-03-14T05:56:16.090Z,GLONASS,3,12,4
2026-03-14T05:56:16.090Z,GLONASS,3,12,4
2026-03-14T05:56:16.090Z,GLONASS,4,13,4
2026-03-14T05:56:16.091Z,GLONASS,20,9,4
2026-03-14T05:56:16.091Z,GLONASS,18,4,4
2026-03-14T05:56:16.092Z,GLONASS,18,4,4
2026-03-14T05:56:16.092Z,GLONASS,18,4,4
2026-03-14T05:56:16.092Z,GLONASS,3,12,4
2026-03-14T05:56:16.096Z,Galileo,27,0,8
2026-03-14T05:56:17.095Z,Galileo,27,0,8
2026-03-14T05:56:17.128Z,Galileo,18,0,8
2026-03-14T05:56:17.130Z,Galileo,13,0,8
2026-03-14T05:56:17.132Z,Galileo,27,0,8
2026-03-14T05:56:17.310Z,Galileo,21,0,8
2026-03-14T05:56:17.312Z,Galileo,23,0,8
2026-03-14T05:56:17.313Z,Galileo,26,0,8
2026-03-14T05:56:18.058Z,Galileo,18,0,8
2026-03-14T05:56:18.063Z,GPS,3,0,10
2026-03-14T05:56:18.064Z,Galileo,18,0,8
2026-03-14T05:56:18.065Z,GPS,14,0,10
2026-03-14T05:56:18.067Z,GPS,22,0,10
2026-03-14T05:56:18.067Z,GPS,1,0,10
2026-03-14T05:56:18.068Z,GPS,17,0,10
2026-03-14T05:56:18.073Z,GPS,19,0,10
2026-03-14T05:56:18.080Z,Galileo,23,0,8
2026-03-14T05:56:18.082Z,Galileo,26,0,8
2026-03-14T05:56:18.083Z,GLONASS,19,10,4
2026-03-14T05:56:18.083Z,Galileo,23,0,8
2026-03-14T05:56:18.085Z,Galileo,13,0,8
2026-03-14T05:56:18.085Z,GLONASS,19,10,4
2026-03-14T05:56:18.085Z,GLONASS,9,5,4
2026-03-14T05:56:18.086Z,Galileo,21,0,8
2026-03-14T05:56:18.086Z,GLONASS,9,5,4
2026-03-14T05:56:18.086Z,Galileo,13,0,8
2026-03-14T05:56:18.086Z,Galileo,26,0,8
2026-03-14T05:56:18.087Z,GLONASS,19,10,4
2026-03-14T05:56:18.087Z,GLONASS,9,5,4
2026-03-14T05:56:18.087Z,Galileo,21,0,8
2026-03-14T05:56:18.089Z,GLONASS,4,13,4
2026-03-14T05:56:18.089Z,GLONASS,3,12,4
2026-03-14T05:56:18.089Z,GLONASS,20,9,4
2026-03-14T05:56:18.090Z,GLONASS,10,0,4
2026-03-14T05:56:18.090Z,GLONASS,4,13,4
2026-03-14T05:56:18.090Z,GLONASS,3,12,4
2026-03-14T05:56:18.090Z,GLONASS,4,13,4
2026-03-14T05:56:18.091Z,GLONASS,3,12,4
2026-03-14T05:56:18.091Z,GLONASS,18,4,4
2026-03-14T05:56:18.093Z,Galileo,27,0,8
2026-03-14T05:56:18.121Z,QZSS,2,0,10
2026-03-14T05:56:18.122Z,GLONASS,18,4,4
2026-03-14T05:56:18.122Z,Galileo,27,0,8
2026-03-14T05:56:18.124Z,QZSS,3,0,10
2026-03-14T05:56:19.125Z,Galileo,18,0,8
2026-03-14T05:56:19.127Z,Galileo,13,0,8
2026-03-14T05:56:19.129Z,Galileo,27,0,8
2026-03-14T05:56:19.304Z,Galileo,21,0,8
2026-03-14T05:56:19.306Z,Galileo,23,0,8
2026-03-14T05:56:19.308Z,Galileo,26,0,8
2026-03-14T05:56:20.062Z,Galileo,18,0,8
2026-03-14T05:56:20.077Z,Galileo,21,0,8
2026-03-14T05:56:20.078Z,Galileo,13,0,8
2026-03-14T05:56:20.083Z,GLONASS,19,10,4
2026-03-14T05:56:20.084Z,Galileo,23,0,8
2026-03-14T05:56:20.085Z,GLONASS,9,5,4
2026-03-14T05:56:20.085Z,GLONASS,9,5,4
2026-03-14T05:56:20.085Z,Galileo,18,0,8
2026-03-14T05:56:20.086Z,GLONASS,9,5,4
2026-03-14T05:56:20.086Z,Galileo,21,0,8
2026-03-14T05:56:20.086Z,Galileo,26,0,8
2026-03-14T05:56:20.087Z,Galileo,26,0,8
2026-03-14T05:56:20.087Z,Galileo,13,0,8
2026-03-14T05:56:20.087Z,GLONASS,19,10,4
2026-03-14T05:56:20.087Z,Galileo,23,0,8
2026-03-14T05:56:20.089Z,GLONASS,4,13,4
2026-03-14T05:56:20.089Z,GLONASS,20,9,4
2026-03-14T05:56:20.089Z,GLONASS,10,0,4
2026-03-14T05:56:20.089Z,GLONASS,4,13,4
2026-03-14T05:56:20.089Z,GLONASS,4,13,4
2026-03-14T05:56:20.092Z,GLONASS,16,6,4
2026-03-14T05:56:20.096Z,Galileo,27,0,8
2026-03-14T05:56:20.147Z,GPS,3,0,10
2026-03-14T05:56:20.152Z,GPS,14,0,10
2026-03-14T05:56:20.158Z,GPS,17,0,10
2026-03-14T05:56:20.161Z,GPS,1,0,10
2026-03-14T05:56:20.259Z,QZSS,7,0,10
2026-03-14T05:56:20.259Z,QZSS,2,0,10
2026-03-14T05:56:20.259Z,QZSS,3,0,10
2026-03-14T05:56:20.288Z,BeiDou,34,0,10
2026-03-14T05:56:20.289Z,GLONASS,16,6,4
2026-03-14T05:56:20.289Z,Galileo,27,0,8
2026-03-14T05:56:20.289Z,GPS,3,0,10
2026-03-14T05:56:20.289Z,GPS,14,0,10
2026-03-14T05:56:20.289Z,GPS,17,0,10
2026-03-14T05:56:20.290Z,GPS,1,0,10
2026-03-14T05:56:20.290Z,QZSS,7,0,10
2026-03-14T05:56:20.290Z,QZSS,2,0,10
2026-03-14T05:56:20.290Z,QZSS,3,0,10
2026-03-14T05:56:20.292Z,BeiDou,12,0,10
2026-03-14T05:56:20.292Z,BeiDou,11,0,10
2026-03-14T05:56:20.292Z,BeiDou,11,0,10
2026-03-14T05:56:20.292Z,BeiDou,12,0,10
2026-03-14T05:56:20.292Z,BeiDou,11,0,10
2026-03-14T05:56:20.294Z,BeiDou,25,0,10
2026-03-14T05:56:20.295Z,BeiDou,21,0,10
2026-03-14T05:56:20.337Z,BeiDou,7,0,10
2026-03-14T05:56:20.338Z,BeiDou,40,0,10
2026-03-14T05:56:20.338Z,BeiDou,7,0,10
2026-03-14T05:56:20.338Z,BeiDou,7,0,10
2026-03-14T05:56:20.341Z,BeiDou,10,0,10
2026-03-14T05:56:20.342Z,BeiDou,10,0,10
2026-03-14T05:56:20.342Z,BeiDou,10,0,10
2026-03-14T05:56:21.127Z,Galileo,18,0,8
2026-03-14T05:56:21.130Z,Galileo,27,0,8
2026-03-14T05:56:21.312Z,Galileo,21,0,8
2026-03-14T05:56:21.314Z,Galileo,23,0,8
2026-03-14T05:56:21.317Z,Galileo,26,0,8
2026-03-14T05:56:22.066Z,Galileo,18,0,8
2026-03-14T05:56:22.078Z,Galileo,26,0,8
2026-03-14T05:56:22.081Z,Galileo,21,0,8
2026-03-14T05:56:22.082Z,Galileo,13,0,8
2026-03-14T05:56:22.083Z,GLONASS,19,10,4
2026-03-14T05:56:22.085Z,GLONASS,9,5,4
2026-03-14T05:56:22.088Z,Galileo,23,0,8
2026-03-14T05:56:22.088Z,GLONASS,4,13,4
2026-03-14T05:56:22.089Z,Galileo,18,0,8
2026-03-14T05:56:22.089Z,Galileo,26,0,8
2026-03-14T05:56:22.089Z,GLONASS,3,12,4
2026-03-14T05:56:22.089Z,GLONASS,3,12,4
2026-03-14T05:56:22.089Z,GLONASS,3,12,4
2026-03-14T05:56:22.090Z,Galileo,21,0,8
2026-03-14T05:56:22.090Z,GLONASS,18,4,4
2026-03-14T05:56:22.090Z,Galileo,13,0,8
2026-03-14T05:56:22.091Z,GLONASS,19,10,4
2026-03-14T05:56:22.091Z,GLONASS,18,4,4
2026-03-14T05:56:22.091Z,GLONASS,18,4,4
2026-03-14T05:56:22.092Z,GLONASS,9,5,4
2026-03-14T05:56:22.092Z,GLONASS,16,6,4
2026-03-14T05:56:22.092Z,Galileo,23,0,8
2026-03-14T05:56:23.129Z,Galileo,18,0,8
2026-03-14T05:56:23.130Z,Galileo,13,0,8
2026-03-14T05:56:23.132Z,Galileo,27,0,8
2026-03-14T05:56:23.309Z,Galileo,21,0,8
2026-03-14T05:56:23.310Z,Galileo,23,0,8
2026-03-14T05:56:23.312Z,Galileo,26,0,8
2026-03-14T05:56:24.058Z,Galileo,18,0,8
2026-03-14T05:56:24.063Z,GPS,3,0,10
2026-03-14T05:56:24.063Z,Galileo,18,0,8
2026-03-14T05:56:24.065Z,GPS,14,0,10
2026-03-14T05:56:24.067Z,GPS,22,0,10
2026-03-14T05:56:24.080Z,Galileo,23,0,8
2026-03-14T05:56:24.082Z,Galileo,26,0,8
2026-03-14T05:56:24.083Z,GLONASS,19,10,4
2026-03-14T05:56:24.083Z,Galileo,23,0,8
2026-03-14T05:56:24.083Z,GLONASS,19,10,4
2026-03-14T05:56:24.084Z,GLONASS,19,10,4
2026-03-14T05:56:24.084Z,GLONASS,9,5,4
2026-03-14T05:56:24.085Z,Galileo,26,0,8
2026-03-14T05:56:24.085Z,GLONASS,9,5,4
2026-03-14T05:56:24.085Z,GLONASS,9,5,4
2026-03-14T05:56:24.085Z,Galileo,21,0,8
2026-03-14T05:56:24.085Z,Galileo,21,0,8
2026-03-14T05:56:24.087Z,Galileo,13,0,8
2026-03-14T05:56:24.089Z,GLONASS,10,0,4
2026-03-14T05:56:24.089Z,GLONASS,3,12,4
2026-03-14T05:56:24.089Z,GLONASS,3,12,4
2026-03-14T05:56:24.089Z,Galileo,13,0,8
2026-03-14T05:56:24.089Z,GLONASS,3,12,4
2026-03-14T05:56:24.090Z,GLONASS,18,4,4
2026-03-14T05:56:24.091Z,GLONASS,18,4,4
2026-03-14T05:56:24.092Z,GLONASS,16,6,4
2026-03-14T05:56:24.092Z,GLONASS,18,4,4
2026-03-14T05:56:24.092Z,GLONASS,16,6,4
2026-03-14T05:56:24.093Z,Galileo,27,0,8
2026-03-14T05:56:24.121Z,QZSS,2,0,10
2026-03-14T05:56:24.121Z,GLONASS,16,6,4
2026-03-14T05:56:24.122Z,Galileo,27,0,8
2026-03-14T05:56:24.124Z,QZSS,3,0,10
2026-03-14T05:56:25.128Z,Galileo,18,0,8
2026-03-14T05:56:25.130Z,Galileo,13,0,8
2026-03-14T05:56:25.132Z,Galileo,27,0,8
2026-03-14T05:56:25.323Z,Galileo,21,0,8
2026-03-14T05:56:25.325Z,Galileo,23,0,8
2026-03-14T05:56:25.327Z,Galileo,26,0,8
2026-03-14T05:56:26.062Z,Galileo,18,0,8
2026-03-14T05:56:26.077Z,Galileo,21,0,8
2026-03-14T05:56:26.079Z,Galileo,13,0,8
2026-03-14T05:56:26.083Z,GLONASS,19,10,4
2026-03-14T05:56:26.084Z,GLONASS,19,10,4
2026-03-14T05:56:26.084Z,GLONASS,9,5,4
2026-03-14T05:56:26.085Z,GLONASS,9,5,4
2026-03-14T05:56:26.085Z,Galileo,18,0,8
2026-03-14T05:56:26.085Z,Galileo,21,0,8
2026-03-14T05:56:26.085Z,Galileo,13,0,8
2026-03-14T05:56:26.086Z,GLONASS,19,10,4
2026-03-14T05:56:26.086Z,GLONASS,9,5,4
2026-03-14T05:56:26.086Z,Galileo,26,0,8
2026-03-14T05:56:26.086Z,Galileo,26,0,8
2026-03-14T05:56:26.087Z,Galileo,23,0,8
2026-03-14T05:56:26.088Z,GLONASS,20,9,4
2026-03-14T05:56:26.089Z,GLONASS,20,9,4
2026-03-14T05:56:26.089Z,Galileo,23,0,8
2026-03-14T05:56:26.089Z,GLONASS,20,9,4
2026-03-14T05:56:26.092Z,GLONASS,16,6,4
2026-03-14T05:56:26.096Z,Galileo,27,0,8
2026-03-14T05:56:26.288Z,BeiDou,34,0,10
2026-03-14T05:56:26.288Z,Galileo,27,0,8
2026-03-14T05:56:26.291Z,BeiDou,12,0,10
2026-03-14T05:56:26.292Z,BeiDou,11,0,10
2026-03-14T05:56:26.292Z,BeiDou,12,0,10
2026-03-14T05:56:26.292Z,BeiDou,12,0,10
2026-03-14T05:56:26.292Z,BeiDou,11,0,10
2026-03-14T05:56:26.295Z,BeiDou,21,0,10
2026-03-14T05:56:26.301Z,BeiDou,42,0,10
2026-03-14T05:56:26.336Z,BeiDou,56,0,10
2026-03-14T05:56:26.337Z,BeiDou,7,0,10
2026-03-14T05:56:26.338Z,BeiDou,40,0,10
2026-03-14T05:56:26.338Z,BeiDou,7,0,10
2026-03-14T05:56:26.338Z,BeiDou,7,0,10
2026-03-14T05:56:26.341Z,BeiDou,10,0,10
2026-03-14T05:56:26.344Z,BeiDou,38,0,10
2026-03-14T05:56:26.344Z,BeiDou,10,0,10
2026-03-14T05:56:27.145Z,Galileo,18,0,8
2026-03-14T05:56:27.148Z,Galileo,13,0,8
2026-03-14T05:56:27.150Z,Galileo,27,0,8
2026-03-14T05:56:27.326Z,Galileo,21,0,8
2026-03-14T05:56:27.329Z,Galileo,23,0,8
2026-03-14T05:56:27.331Z,Galileo,26,0,8
2026-03-14T05:56:28.066Z,Galileo,18,0,8
2026-03-14T05:56:28.078Z,Galileo,26,0,8
2026-03-14T05:56:28.080Z,Galileo,23,0,8
2026-03-14T05:56:28.082Z,Galileo,21,0,8
2026-03-14T05:56:28.085Z,GLONASS,19,10,4
2026-03-14T05:56:28.085Z,Galileo,13,0,8
2026-03-14T05:56:28.085Z,GLONASS,9,5,4
2026-03-14T05:56:28.086Z,GLONASS,19,10,4
2026-03-14T05:56:28.086Z,GLONASS,9,5,4
2026-03-14T05:56:28.086Z,Galileo,18,0,8
2026-03-14T05:56:28.086Z,Galileo,26,0,8
2026-03-14T05:56:28.087Z,Galileo,23,0,8
2026-03-14T05:56:28.087Z,Galileo,21,0,8
2026-03-14T05:56:28.087Z,GLONASS,19,10,4
2026-03-14T05:56:28.088Z,GLONASS,20,9,4
2026-03-14T05:56:28.088Z,Galileo,13,0,8
2026-03-14T05:56:28.088Z,GLONASS,9,5,4
2026-03-14T05:56:28.092Z,GLONASS,16,6,4
2026-03-14T05:56:28.093Z,Galileo,27,0,8
2026-03-14T05:56:29.095Z,Galileo,27,0,8
2026-03-14T05:56:29.137Z,Galileo,18,0,8
2026-03-14T05:56:29.139Z,Galileo,13,0,8
2026-03-14T05:56:29.142Z,Galileo,27,0,8
2026-03-14T05:56:29.305Z,Galileo,21,0,8
2026-03-14T05:56:29.308Z,Galileo,23,0,8
2026-03-14T05:56:29.309Z,Galileo,26,0,8
2026-03-14T05:56:30.057Z,Galileo,18,0,8
2026-03-14T05:56:30.063Z,GPS,3,0,10
2026-03-14T05:56:30.063Z,Galileo,18,0,8
2026-03-14T05:56:30.064Z,GPS,14,0,10
2026-03-14T05:56:30.067Z,GPS,22,0,10
2026-03-14T05:56:30.068Z,GPS,17,0,10
2026-03-14T05:56:30.073Z,GPS,19,0,10
2026-03-14T05:56:30.082Z,Galileo,26,0,8
2026-03-14T05:56:30.083Z,GLONASS,19,10,4
2026-03-14T05:56:30.083Z,GLONASS,19,10,4
2026-03-14T05:56:30.083Z,Galileo,26,0,8
2026-03-14T05:56:30.085Z,Galileo,23,0,8
2026-03-14T05:56:30.085Z,GLONASS,9,5,4
2026-03-14T05:56:30.085Z,GLONASS,9,5,4
2026-03-14T05:56:30.085Z,GLONASS,19,10,4
2026-03-14T05:56:30.085Z,Galileo,23,0,8
2026-03-14T05:56:30.086Z,GLONASS,9,5,4
2026-03-14T05:56:30.086Z,Galileo,21,0,8
2026-03-14T05:56:30.086Z,Galileo,21,0,8
2026-03-14T05:56:30.087Z,Galileo,13,0,8
2026-03-14T05:56:30.087Z,Galileo,13,0,8
2026-03-14T05:56:30.089Z,GLONASS,4,13,4
2026-03-14T05:56:30.089Z,GLONASS,20,9,4
2026-03-14T05:56:30.089Z,GLONASS,4,13,4
2026-03-14T05:56:30.089Z,GLONASS,4,13,4
2026-03-14T05:56:30.092Z,Galileo,27,0,8
2026-03-14T05:56:30.130Z,QZSS,2,0,10
2026-03-14T05:56:30.130Z,QZSS,3,0,10
2026-03-14T05:56:30.130Z,Galileo,27,0,8
2026-03-14T05:56:31.123Z,Galileo,18,0,8
2026-03-14T05:56:31.125Z,Galileo,13,0,8
2026-03-14T05:56:31.127Z,Galileo,27,0,8
2026-03-14T05:56:31.296Z,Galileo,21,0,8
2026-03-14T05:56:31.299Z,Galileo,23,0,8
2026-03-14T05:56:31.300Z,Galileo,26,0,8
2026-03-14T05:56:32.062Z,Galileo,18,0,8
2026-03-14T05:56:32.077Z,Galileo,21,0,8
2026-03-14T05:56:32.078Z,Galileo,13,0,8
2026-03-14T05:56:32.079Z,Galileo,23,0,8
2026-03-14T05:56:32.083Z,GLONASS,19,10,4
2026-03-14T05:56:32.083Z,GLONASS,19,10,4
2026-03-14T05:56:32.083Z,Galileo,18,0,8
2026-03-14T05:56:32.084Z,Galileo,21,0,8
2026-03-14T05:56:32.084Z,GLONASS,9,5,4
2026-03-14T05:56:32.085Z,GLONASS,9,5,4
2026-03-14T05:56:32.085Z,Galileo,13,0,8
2026-03-14T05:56:32.085Z,GLONASS,9,5,4
2026-03-14T05:56:32.085Z,Galileo,23,0,8
2026-03-14T05:56:32.085Z,GLONASS,19,10,4
2026-03-14T05:56:32.086Z,Galileo,26,0,8
2026-03-14T05:56:32.086Z,Galileo,26,0,8
2026-03-14T05:56:32.087Z,Galileo,27,0,8
2026-03-14T05:56:32.088Z,GLONASS,4,13,4
2026-03-14T05:56:32.088Z,Galileo,27,0,8
2026-03-14T05:56:32.089Z,GLONASS,4,13,4
2026-03-14T05:56:32.089Z,GLONASS,20,9,4
2026-03-14T05:56:32.092Z,GLONASS,16,6,4
2026-03-14T05:56:32.092Z,GLONASS,16,6,4
2026-03-14T05:56:32.092Z,GLONASS,4,13,4
2026-03-14T05:56:32.093Z,GLONASS,20,9,4
2026-03-14T05:56:32.093Z,GLONASS,16,6,4
2026-03-14T05:56:32.151Z,GPS,14,0,10
2026-03-14T05:56:32.158Z,GPS,17,0,10
2026-03-14T05:56:32.256Z,QZSS,2,0,10
2026-03-14T05:56:32.256Z,QZSS,3,0,10
2026-03-14T05:56:32.288Z,BeiDou,34,0,10
2026-03-14T05:56:32.288Z,GPS,14,0,10
2026-03-14T05:56:32.289Z,GPS,17,0,10
2026-03-14T05:56:32.289Z,QZSS,2,0,10
2026-03-14T05:56:32.289Z,QZSS,3,0,10
2026-03-14T05:56:32.291Z,BeiDou,12,0,10
2026-03-14T05:56:32.292Z,BeiDou,11,0,10
2026-03-14T05:56:32.292Z,BeiDou,12,0,10
2026-03-14T05:56:32.292Z,BeiDou,12,0,10
2026-03-14T05:56:32.292Z,BeiDou,11,0,10
2026-03-14T05:56:32.295Z,BeiDou,21,0,10
2026-03-14T05:56:32.297Z,BeiDou,43,0,10
2026-03-14T05:56:32.300Z,BeiDou,23,0,10
2026-03-14T05:56:32.336Z,BeiDou,56,0,10
2026-03-14T05:56:32.337Z,BeiDou,7,0,10
2026-03-14T05:56:32.337Z,BeiDou,40,0,10
2026-03-14T05:56:32.338Z,BeiDou,7,0,10
2026-03-14T05:56:32.341Z,BeiDou,10,0,10
2026-03-14T05:56:32.344Z,BeiDou,38,0,10
2026-03-14T05:56:32.344Z,BeiDou,10,0,10
2026-03-14T05:56:33.130Z,Galileo,18,0,8
2026-03-14T05:56:33.132Z,Galileo,13,0,8
2026-03-14T05:56:33.133Z,Galileo,27,0,8
2026-03-14T05:56:33.302Z,Galileo,21,0,8
2026-03-14T05:56:33.303Z,Galileo,23,0,8
2026-03-14T05:56:33.306Z,Galileo,26,0,8
2026-03-14T05:56:34.066Z,Galileo,18,0,8
2026-03-14T05:56:34.076Z,Galileo,21,0,8
2026-03-14T05:56:34.082Z,Galileo,13,0,8
2026-03-14T05:56:34.083Z,GLONASS,19,10,4
2026-03-14T05:56:34.084Z,GLONASS,19,10,4
2026-03-14T05:56:34.085Z,GLONASS,9,5,4
2026-03-14T05:56:34.085Z,Galileo,18,0,8
2026-03-14T05:56:34.085Z,Galileo,21,0,8
2026-03-14T05:56:34.085Z,Galileo,13,0,8
2026-03-14T05:56:34.086Z,Galileo,26,0,8
2026-03-14T05:56:34.086Z,Galileo,26,0,8
2026-03-14T05:56:34.087Z,GLONASS,19,10,4
2026-03-14T05:56:34.088Z,GLONASS,10,0,4
2026-03-14T05:56:34.088Z,GLONASS,4,13,4
2026-03-14T05:56:34.089Z,GLONASS,4,13,4
2026-03-14T05:56:34.089Z,GLONASS,20,9,4
2026-03-14T05:56:34.089Z,GLONASS,3,12,4
2026-03-14T05:56:34.089Z,GLONASS,3,12,4
2026-03-14T05:56:34.089Z,GLONASS,4,13,4
2026-03-14T05:56:34.090Z,GLONASS,20,9,4
2026-03-14T05:56:34.090Z,GLONASS,3,12,4
2026-03-14T05:56:34.092Z,Galileo,27,0,8
2026-03-14T05:56:34.092Z,GLONASS,16,6,4
2026-03-14T05:56:34.095Z,Galileo,23,0,8
2026-03-14T05:56:35.090Z,Galileo,27,0,8
2026-03-14T05:56:35.091Z,GLONASS,16,6,4
2026-03-14T05:56:35.091Z,Galileo,23,0,8
2026-03-14T05:56:35.158Z,Galileo,18,0,8
2026-03-14T05:56:35.160Z,Galileo,13,0,8
2026-03-14T05:56:35.162Z,Galileo,27,0,8
2026-03-14T05:56:35.319Z,Galileo,21,0,8
2026-03-14T05:56:35.322Z,Galileo,23,0,8
2026-03-14T05:56:35.324Z,Galileo,26,0,8
2026-03-14T05:56:36.058Z,Galileo,18,0,8
2026-03-14T05:56:36.063Z,GPS,3,0,10
2026-03-14T05:56:36.063Z,Galileo,18,0,8
2026-03-14T05:56:36.065Z,GPS,14,0,10
2026-03-14T05:56:36.067Z,GPS,22,0,10
2026-03-14T05:56:36.067Z,GPS,1,0,10
2026-03-14T05:56:36.068Z,GPS,17,0,10
2026-03-14T05:56:36.075Z,GPS,6,0,10
2026-03-14T05:56:36.077Z,Galileo,13,0,8
2026-03-14T05:56:36.080Z,Galileo,23,0,8
2026-03-14T05:56:36.083Z,GLONASS,19,10,4
2026-03-14T05:56:36.083Z,GLONASS,19,10,4
2026-03-14T05:56:36.084Z,Galileo,13,0,8
2026-03-14T05:56:36.084Z,GLONASS,9,5,4
2026-03-14T05:56:36.084Z,Galileo,23,0,8
2026-03-14T05:56:36.084Z,GLONASS,19,10,4
2026-03-14T05:56:36.086Z,Galileo,21,0,8
2026-03-14T05:56:36.087Z,Galileo,26,0,8
2026-03-14T05:56:36.089Z,GLONASS,4,13,4
2026-03-14T05:56:36.089Z,GLONASS,3,12,4
2026-03-14T05:56:36.089Z,GLONASS,20,9,4
2026-03-14T05:56:36.090Z,GLONASS,4,13,4
2026-03-14T05:56:36.090Z,Galileo,21,0,8
2026-03-14T05:56:36.090Z,Galileo,26,0,8
2026-03-14T05:56:36.090Z,GLONASS,4,13,4
2026-03-14T05:56:36.091Z,GLONASS,3,12,4
2026-03-14T05:56:36.093Z,GLONASS,16,6,4
2026-03-14T05:56:36.096Z,Galileo,27,0,8
2026-03-14T05:56:36.120Z,QZSS,7,0,10
2026-03-14T05:56:36.120Z,GLONASS,16,6,4
2026-03-14T05:56:36.120Z,Galileo,27,0,8
2026-03-14T05:56:36.121Z,QZSS,2,0,10
2026-03-14T05:56:36.124Z,QZSS,3,0,10
2026-03-14T05:56:37.183Z,Galileo,18,0,8
2026-03-14T05:56:37.187Z,Galileo,13,0,8
2026-03-14T05:56:37.193Z,Galileo,27,0,8
2026-03-14T05:56:37.375Z,Galileo,21,0,8
2026-03-14T05:56:37.378Z,Galileo,23,0,8
2026-03-14T05:56:37.380Z,Galileo,26,0,8
2026-03-14T05:56:38.110Z,Galileo,18,0,8
2026-03-14T05:56:38.110Z,Galileo,26,0,8
2026-03-14T05:56:38.110Z,GLONASS,19,10,4
2026-03-14T05:56:38.110Z,GLONASS,9,5,4
2026-03-14T05:56:38.111Z,Galileo,27,0,8
2026-03-14T05:56:38.111Z,GLONASS,4,13,4
2026-03-14T05:56:38.111Z,GLONASS,18,4,4
2026-03-14T05:56:38.111Z,GLONASS,16,6,4
2026-03-14T05:56:38.111Z,Galileo,21,0,8
2026-03-14T05:56:38.111Z,Galileo,23,0,8
2026-03-14T05:56:38.111Z,GLONASS,19,10,4
2026-03-14T05:56:38.112Z,GLONASS,20,9,4
2026-03-14T05:56:38.112Z,GLONASS,9,5,4
2026-03-14T05:56:38.112Z,GLONASS,16,6,4
2026-03-14T05:56:38.112Z,GLONASS,10,0,4
2026-03-14T05:56:38.112Z,GLONASS,4,13,4
2026-03-14T05:56:38.112Z,Galileo,18,0,8
2026-03-14T05:56:38.112Z,Galileo,26,0,8
2026-03-14T05:56:38.113Z,GLONASS,19,10,4
2026-03-14T05:56:38.113Z,GLONASS,9,5,4
2026-03-14T05:56:38.113Z,Galileo,27,0,8
2026-03-14T05:56:38.113Z,GLONASS,4,13,4
2026-03-14T05:56:38.113Z,GLONASS,18,4,4
2026-03-14T05:56:38.113Z,GLONASS,16,6,4
2026-03-14T05:56:38.113Z,Galileo,21,0,8
2026-03-14T05:56:38.114Z,Galileo,23,0,8
2026-03-14T05:56:38.288Z,BeiDou,34,0,10
2026-03-14T05:56:38.291Z,BeiDou,11,0,10
2026-03-14T05:56:38.291Z,BeiDou,12,0,10
2026-03-14T05:56:38.292Z,BeiDou,11,0,10
2026-03-14T05:56:38.292Z,BeiDou,11,0,10
2026-03-14T05:56:38.294Z,BeiDou,25,0,10
2026-03-14T05:56:38.295Z,BeiDou,21,0,10
2026-03-14T05:56:38.297Z,BeiDou,50,0,10
2026-03-14T05:56:38.297Z,BeiDou,43,0,10
2026-03-14T05:56:38.300Z,BeiDou,23,0,10
2026-03-14T05:56:38.336Z,BeiDou,56,0,10
2026-03-14T05:56:38.337Z,BeiDou,40,0,10
2026-03-14T05:56:38.337Z,BeiDou,7,0,10
2026-03-14T05:56:38.341Z,BeiDou,10,0,10
2026-03-14T05:56:38.345Z,BeiDou,38,0,10
2026-03-14T05:56:39.133Z,Galileo,18,0,8
2026-03-14T05:56:39.135Z,Galileo,13,0,8
2026-03-14T05:56:39.138Z,Galileo,27,0,8
2026-03-14T05:56:39.306Z,SBAS,137,0,8
2026-03-14T05:56:39.308Z,Galileo,21,0,8
2026-03-14T05:56:39.310Z,Galileo,23,0,8
2026-03-14T05:56:39.312Z,Galileo,26,0,8
2026-03-14T05:56:39.511Z,SBAS,129,0,8
2026-03-14T05:56:40.093Z,Galileo,18,0,8
2026-03-14T05:56:40.093Z,Galileo,21,0,8
2026-03-14T05:56:40.093Z,GLONASS,9,5,4
2026-03-14T05:56:40.093Z,GLONASS,19,10,4
2026-03-14T05:56:40.093Z,Galileo,26,0,8
2026-03-14T05:56:40.093Z,GLONASS,4,13,4
2026-03-14T05:56:40.094Z,GLONASS,3,12,4
2026-03-14T05:56:40.094Z,GLONASS,20,9,4
2026-03-14T05:56:40.094Z,GLONASS,9,5,4
2026-03-14T05:56:40.094Z,GLONASS,18,4,4
2026-03-14T05:56:40.094Z,GLONASS,10,0,4
2026-03-14T05:56:40.094Z,GLONASS,4,13,4
2026-03-14T05:56:40.094Z,GLONASS,3,12,4
2026-03-14T05:56:40.095Z,GLONASS,16,6,4
2026-03-14T05:56:40.095Z,Galileo,18,0,8
2026-03-14T05:56:40.095Z,GLONASS,16,6,4
2026-03-14T05:56:40.095Z,Galileo,21,0,8
2026-03-14T05:56:40.095Z,GLONASS,16,6,4
2026-03-14T05:56:40.095Z,GLONASS,9,5,4
2026-03-14T05:56:40.095Z,Galileo,26,0,8
2026-03-14T05:56:40.096Z,GLONASS,4,13,4
2026-03-14T05:56:40.098Z,Galileo,23,0,8
2026-03-14T05:56:40.098Z,Galileo,27,0,8
2026-03-14T05:56:40.098Z,Galileo,23,0,8
2026-03-14T05:56:40.098Z,Galileo,27,0,8
2026-03-14T05:56:40.098Z,GLONASS,3,12,4
2026-03-14T05:56:40.543Z,SBAS,129,0,8
2026-03-14T05:56:40.548Z,SBAS,137,0,8
2026-03-14T05:56:41.359Z,Galileo,18,0,8
2026-03-14T05:56:41.361Z,Galileo,13,0,8
2026-03-14T05:56:41.363Z,Galileo,27,0,8
2026-03-14T05:56:41.553Z,SBAS,129,0,8
2026-03-14T05:56:41.558Z,SBAS,137,0,8
2026-03-14T05:56:41.559Z,Galileo,21,0,8
2026-03-14T05:56:41.562Z,Galileo,23,0,8
2026-03-14T05:56:41.565Z,Galileo,26,0,8
2026-03-14T05:56:42.064Z,Galileo,18,0,8
2026-03-14T05:56:42.064Z,GPS,3,0,10
2026-03-14T05:56:42.064Z,Galileo,18,0,8
2026-03-14T05:56:42.065Z,GPS,14,0,10
2026-03-14T05:56:42.067Z,GPS,22,0,10
2026-03-14T05:56:42.067Z,GPS,1,0,10
2026-03-14T05:56:42.068Z,GPS,17,0,10
2026-03-14T05:56:42.073Z,GPS,19,0,10
2026-03-14T05:56:42.075Z,GPS,6,0,10
2026-03-14T05:56:42.077Z,Galileo,21,0,8
2026-03-14T05:56:42.078Z,Galileo,13,0,8
2026-03-14T05:56:42.083Z,GLONASS,19,10,4
2026-03-14T05:56:42.083Z,Galileo,21,0,8
2026-03-14T05:56:42.083Z,Galileo,13,0,8
2026-03-14T05:56:42.084Z,GLONASS,9,5,4
2026-03-14T05:56:42.089Z,Galileo,23,0,8
2026-03-14T05:56:42.089Z,GLONASS,4,13,4
2026-03-14T05:56:42.089Z,GLONASS,3,12,4
2026-03-14T05:56:42.089Z,GLONASS,20,9,4
2026-03-14T05:56:42.089Z,GLONASS,10,0,4
2026-03-14T05:56:42.092Z,GLONASS,18,4,4
2026-03-14T05:56:42.092Z,Galileo,26,0,8
2026-03-14T05:56:42.092Z,GLONASS,4,13,4
2026-03-14T05:56:42.092Z,GLONASS,16,6,4
2026-03-14T05:56:42.093Z,GLONASS,16,6,4
2026-03-14T05:56:42.093Z,Galileo,27,0,8
2026-03-14T05:56:42.093Z,GLONASS,18,4,4
2026-03-14T05:56:42.093Z,GLONASS,3,12,4
2026-03-14T05:56:42.094Z,Galileo,23,0,8
2026-03-14T05:56:42.094Z,GLONASS,4,13,4
2026-03-14T05:56:42.094Z,GLONASS,3,12,4
2026-03-14T05:56:42.094Z,GLONASS,18,4,4
2026-03-14T05:56:42.094Z,Galileo,26,0,8
2026-03-14T05:56:42.095Z,GLONASS,16,6,4
2026-03-14T05:56:42.095Z,Galileo,27,0,8
2026-03-14T05:56:42.120Z,QZSS,7,0,10
2026-03-14T05:56:42.121Z,QZSS,2,0,10
2026-03-14T05:56:42.124Z,QZSS,3,0,10
2026-03-14T05:56:42.310Z,SBAS,137,0,8
2026-03-14T05:56:42.514Z,SBAS,129,0,8
2026-03-14T05:56:43.141Z,Galileo,18,0,8
2026-03-14T05:56:43.142Z,Galileo,13,0,8
2026-03-14T05:56:43.144Z,Galileo,27,0,8
2026-03-14T05:56:43.323Z,SBAS,137,0,8
2026-03-14T05:56:43.326Z,Galileo,21,0,8
2026-03-14T05:56:43.328Z,Galileo,23,0,8
2026-03-14T05:56:43.330Z,Galileo,26,0,8
2026-03-14T05:56:43.522Z,SBAS,129,0,8
2026-03-14T05:56:44.062Z,Galileo,18,0,8
2026-03-14T05:56:44.083Z,GLONASS,19,10,4
2026-03-14T05:56:44.083Z,Galileo,18,0,8
2026-03-14T05:56:44.084Z,Galileo,23,0,8
2026-03-14T05:56:44.084Z,GLONASS,9,5,4
2026-03-14T05:56:44.084Z,Galileo,23,0,8
2026-03-14T05:56:44.087Z,Galileo,13,0,8
2026-03-14T05:56:44.088Z,GLONASS,10,0,4
2026-03-14T05:56:44.088Z,GLONASS,4,13,4
2026-03-14T05:56:44.088Z,Galileo,13,0,8
2026-03-14T05:56:44.088Z,GLONASS,3,12,4
2026-03-14T05:56:44.091Z,GLONASS,3,12,4
2026-03-14T05:56:44.091Z,GLONASS,4,13,4
2026-03-14T05:56:44.092Z,GLONASS,20,9,4
2026-03-14T05:56:44.092Z,GLONASS,18,4,4
2026-03-14T05:56:44.092Z,Galileo,26,0,8
2026-03-14T05:56:44.092Z,GLONASS,18,4,4
2026-03-14T05:56:44.092Z,GLONASS,3,12,4
2026-03-14T05:56:44.093Z,GLONASS,4,13,4
2026-03-14T05:56:44.093Z,GLONASS,20,9,4
2026-03-14T05:56:44.094Z,Galileo,27,0,8
2026-03-14T05:56:44.095Z,Galileo,27,0,8
2026-03-14T05:56:44.095Z,GLONASS,18,4,4
2026-03-14T05:56:44.095Z,Galileo,26,0,8
2026-03-14T05:56:44.268Z,QZSS,7,0,10
2026-03-14T05:56:44.288Z,BeiDou,34,0,10
2026-03-14T05:56:44.288Z,QZSS,7,0,10
2026-03-14T05:56:44.291Z,BeiDou,11,0,10
2026-03-14T05:56:44.291Z,BeiDou,12,0,10
2026-03-14T05:56:44.291Z,BeiDou,11,0,10
2026-03-14T05:56:44.292Z,BeiDou,11,0,10
2026-03-14T05:56:44.294Z,BeiDou,25,0,10
2026-03-14T05:56:44.295Z,BeiDou,44,0,10
2026-03-14T05:56:44.295Z,BeiDou,21,0,10
2026-03-14T05:56:44.297Z,BeiDou,50,0,10
2026-03-14T05:56:44.297Z,BeiDou,43,0,10
2026-03-14T05:56:44.301Z,BeiDou,42,0,10
2026-03-14T05:56:44.336Z,BeiDou,56,0,10
2026-03-14T05:56:44.337Z,BeiDou,40,0,10
2026-03-14T05:56:44.337Z,BeiDou,7,0,10
2026-03-14T05:56:44.341Z,BeiDou,10,0,10
2026-03-14T05:56:44.344Z,BeiDou,38,0,10
2026-03-14T05:56:44.466Z,QZSS,3,0,10
2026-03-14T05:56:44.522Z,SBAS,129,0,8
2026-03-14T05:56:44.523Z,QZSS,3,0,10
2026-03-14T05:56:45.153Z,Galileo,18,0,8
2026-03-14T05:56:45.156Z,Galileo,13,0,8
2026-03-14T05:56:45.160Z,Galileo,27,0,8
2026-03-14T05:56:45.337Z,SBAS,137,0,8
2026-03-14T05:56:45.339Z,Galileo,21,0,8
2026-03-14T05:56:45.343Z,Galileo,23,0,8
2026-03-14T05:56:45.345Z,Galileo,26,0,8
2026-03-14T05:56:46.068Z,Galileo,18,0,8
2026-03-14T05:56:46.078Z,Galileo,21,0,8
2026-03-14T05:56:46.078Z,Galileo,13,0,8
2026-03-14T05:56:46.081Z,Galileo,26,0,8
2026-03-14T05:56:46.083Z,GLONASS,19,10,4
2026-03-14T05:56:46.083Z,Galileo,18,0,8
2026-03-14T05:56:46.084Z,Galileo,21,0,8
2026-03-14T05:56:46.085Z,GLONASS,9,5,4
2026-03-14T05:56:46.085Z,Galileo,13,0,8
2026-03-14T05:56:46.085Z,Galileo,26,0,8
2026-03-14T05:56:46.088Z,Galileo,23,0,8
2026-03-14T05:56:46.088Z,GLONASS,20,9,4
2026-03-14T05:56:46.088Z,GLONASS,10,0,4
2026-03-14T05:56:46.088Z,GLONASS,4,13,4
2026-03-14T05:56:46.088Z,GLONASS,3,12,4
2026-03-14T05:56:46.089Z,GLONASS,3,12,4
2026-03-14T05:56:46.089Z,GLONASS,4,13,4
2026-03-14T05:56:46.090Z,Galileo,23,0,8
2026-03-14T05:56:46.090Z,GLONASS,18,4,4
2026-03-14T05:56:46.090Z,GLONASS,3,12,4
2026-03-14T05:56:46.091Z,GLONASS,18,4,4
2026-03-14T05:56:46.091Z,GLONASS,18,4,4
2026-03-14T05:56:46.091Z,GLONASS,4,13,4
2026-03-14T05:56:46.097Z,Galileo,27,0,8
2026-03-14T05:56:46.328Z,SBAS,137,0,8
2026-03-14T05:56:46.329Z,Galileo,27,0,8
2026-03-14T05:56:46.528Z,SBAS,129,0,8
2026-03-14T05:56:47.164Z,Galileo,18,0,8
2026-03-14T05:56:47.166Z,Galileo,13,0,8
2026-03-14T05:56:47.169Z,Galileo,27,0,8
2026-03-14T05:56:47.329Z,SBAS,137,0,8
2026-03-14T05:56:47.333Z,Galileo,21,0,8
2026-03-14T05:56:47.335Z,Galileo,23,0,8
2026-03-14T05:56:47.338Z,Galileo,26,0,8
2026-03-14T05:56:47.531Z,SBAS,129,0,8
2026-03-14T05:56:48.060Z,Galileo,18,0,8
2026-03-14T05:56:48.063Z,GPS,3,0,10
2026-03-14T05:56:48.063Z,Galileo,18,0,8
2026-03-14T05:56:48.064Z,GPS,14,0,10
2026-03-14T05:56:48.067Z,GPS,22,0,10
2026-03-14T05:56:48.067Z,GPS,1,0,10
2026-03-14T05:56:48.068Z,GPS,17,0,10
2026-03-14T05:56:48.072Z,GPS,19,0,10
2026-03-14T05:56:48.075Z,GPS,6,0,10
2026-03-14T05:56:48.079Z,Galileo,23,0,8
2026-03-14T05:56:48.082Z,GLONASS,19,10,4
2026-03-14T05:56:48.083Z,Galileo,23,0,8
2026-03-14T05:56:48.083Z,GLONASS,9,5,4
2026-03-14T05:56:48.084Z,GLONASS,9,5,4
2026-03-14T05:56:48.086Z,Galileo,21,0,8
2026-03-14T05:56:48.087Z,Galileo,26,0,8
2026-03-14T05:56:48.089Z,GLONASS,4,13,4
2026-03-14T05:56:48.089Z,GLONASS,20,9,4
2026-03-14T05:56:48.089Z,Galileo,27,0,8
2026-03-14T05:56:48.089Z,GLONASS,20,9,4
2026-03-14T05:56:48.090Z,GLONASS,18,4,4
2026-03-14T05:56:48.090Z,GLONASS,10,0,4
2026-03-14T05:56:48.090Z,GLONASS,4,13,4
2026-03-14T05:56:48.090Z,GLONASS,3,12,4
2026-03-14T05:56:48.091Z,GLONASS,9,5,4
2026-03-14T05:56:48.091Z,Galileo,21,0,8
2026-03-14T05:56:48.091Z,Galileo,26,0,8
2026-03-14T05:56:48.091Z,GLONASS,16,6,4
2026-03-14T05:56:48.092Z,GLONASS,16,6,4
2026-03-14T05:56:48.092Z,GLONASS,16,6,4
2026-03-14T05:56:48.092Z,GLONASS,4,13,4
2026-03-14T05:56:48.092Z,GLONASS,20,9,4
2026-03-14T05:56:48.093Z,Galileo,27,0,8
2026-03-14T05:56:48.121Z,QZSS,2,0,10
2026-03-14T05:56:48.124Z,QZSS,3,0,10
2026-03-14T05:56:48.259Z,Galileo,13,0,8
2026-03-14T05:56:48.315Z,SBAS,137,0,8
2026-03-14T05:56:48.315Z,Galileo,13,0,8
2026-03-14T05:56:48.509Z,SBAS,129,0,8
2026-03-14T05:56:49.148Z,Galileo,18,0,8
2026-03-14T05:56:49.152Z,Galileo,13,0,8
2026-03-14T05:56:49.157Z,Galileo,27,0,8
2026-03-14T05:56:49.309Z,GPS,2,0,10
2026-03-14T05:56:49.431Z,SBAS,137,0,8
2026-03-14T05:56:49.436Z,Galileo,21,0,8
2026-03-14T05:56:49.439Z,Galileo,23,0,8
2026-03-14T05:56:49.442Z,Galileo,26,0,8
2026-03-14T05:56:49.550Z,SBAS,129,0,8
2026-03-14T05:56:50.096Z,Galileo,18,0,8
2026-03-14T05:56:50.096Z,Galileo,26,0,8
2026-03-14T05:56:50.096Z,Galileo,23,0,8
2026-03-14T05:56:50.097Z,GLONASS,9,5,4
2026-03-14T05:56:50.097Z,Galileo,21,0,8
2026-03-14T05:56:50.097Z,GLONASS,19,10,4
2026-03-14T05:56:50.097Z,GLONASS,9,5,4
2026-03-14T05:56:50.097Z,Galileo,18,0,8
2026-03-14T05:56:50.097Z,Galileo,26,0,8
2026-03-14T05:56:50.097Z,Galileo,23,0,8
2026-03-14T05:56:50.098Z,GLONASS,9,5,4
2026-03-14T05:56:50.098Z,GLONASS,4,13,4
2026-03-14T05:56:50.098Z,Galileo,21,0,8
2026-03-14T05:56:50.098Z,GLONASS,20,9,4
2026-03-14T05:56:50.098Z,GLONASS,10,0,4
2026-03-14T05:56:50.098Z,GLONASS,18,4,4
2026-03-14T05:56:50.099Z,Galileo,27,0,8
2026-03-14T05:56:50.099Z,GLONASS,16,6,4
2026-03-14T05:56:50.099Z,GLONASS,16,6,4
2026-03-14T05:56:50.099Z,GLONASS,4,13,4
2026-03-14T05:56:50.099Z,GLONASS,4,13,4
2026-03-14T05:56:50.099Z,GLONASS,18,4,4
2026-03-14T05:56:50.099Z,Galileo,27,0,8
2026-03-14T05:56:50.099Z,GLONASS,16,6,4
2026-03-14T05:56:50.279Z,SBAS,137,0,8
2026-03-14T05:56:50.288Z,BeiDou,34,0,10
2026-03-14T05:56:50.291Z,BeiDou,11,0,10
2026-03-14T05:56:50.291Z,BeiDou,12,0,10
2026-03-14T05:56:50.291Z,BeiDou,11,0,10
2026-03-14T05:56:50.291Z,BeiDou,11,0,10
2026-03-14T05:56:50.294Z,BeiDou,25,0,10
2026-03-14T05:56:50.294Z,BeiDou,44,0,10
2026-03-14T05:56:50.295Z,BeiDou,21,0,10
2026-03-14T05:56:50.296Z,BeiDou,50,0,10
2026-03-14T05:56:50.297Z,BeiDou,22,0,10
2026-03-14T05:56:50.297Z,BeiDou,43,0,10
2026-03-14T05:56:50.299Z,BeiDou,23,0,10
2026-03-14T05:56:50.300Z,BeiDou,42,0,10
2026-03-14T05:56:50.301Z,BeiDou,24,0,10
2026-03-14T05:56:50.336Z,BeiDou,56,0,10
2026-03-14T05:56:50.337Z,BeiDou,40,0,10
2026-03-14T05:56:50.337Z,BeiDou,7,0,10
2026-03-14T05:56:50.341Z,BeiDou,10,0,10
2026-03-14T05:56:50.344Z,BeiDou,38,0,10
2026-03-14T05:56:50.349Z,BeiDou,8,0,10
2026-03-14T05:56:50.531Z,SBAS,129,0,8
2026-03-14T05:56:51.173Z,Galileo,18,0,8
2026-03-14T05:56:51.175Z,Galileo,13,0,8
2026-03-14T05:56:51.177Z,Galileo,27,0,8
2026-03-14T05:56:51.342Z,SBAS,137,0,8
2026-03-14T05:56:51.345Z,Galileo,33,0,8
2026-03-14T05:56:51.348Z,Galileo,21,0,8
2026-03-14T05:56:51.350Z,Galileo,23,0,8
2026-03-14T05:56:51.352Z,Galileo,26,0,8
2026-03-14T05:56:51.544Z,SBAS,129,0,8
2026-03-14T05:56:52.068Z,Galileo,18,0,8
2026-03-14T05:56:52.083Z,Galileo,26,0,8
2026-03-14T05:56:52.083Z,GLONASS,19,10,4
2026-03-14T05:56:52.084Z,GLONASS,9,5,4
2026-03-14T05:56:52.084Z,GLONASS,9,5,4
2026-03-14T05:56:52.085Z,Galileo,18,0,8
2026-03-14T05:56:52.085Z,Galileo,26,0,8
2026-03-14T05:56:52.086Z,Galileo,13,0,8
2026-03-14T05:56:52.087Z,Galileo,21,0,8
2026-03-14T05:56:52.087Z,Galileo,13,0,8
2026-03-14T05:56:52.089Z,GLONASS,4,13,4
2026-03-14T05:56:52.089Z,GLONASS,3,12,4
2026-03-14T05:56:52.089Z,GLONASS,20,9,4
2026-03-14T05:56:52.090Z,Galileo,23,0,8
2026-03-14T05:56:52.090Z,GLONASS,18,4,4
2026-03-14T05:56:52.091Z,GLONASS,18,4,4
2026-03-14T05:56:52.091Z,GLONASS,10,0,4
2026-03-14T05:56:52.091Z,GLONASS,4,13,4
2026-03-14T05:56:52.091Z,Galileo,27,0,8
2026-03-14T05:56:52.092Z,GLONASS,16,6,4
2026-03-14T05:56:52.093Z,GLONASS,16,6,4
2026-03-14T05:56:52.094Z,GLONASS,3,12,4
2026-03-14T05:56:52.094Z,GLONASS,4,13,4
2026-03-14T05:56:52.095Z,Galileo,21,0,8
2026-03-14T05:56:52.095Z,GLONASS,9,5,4
2026-03-14T05:56:52.096Z,GLONASS,3,12,4
2026-03-14T05:56:52.097Z,Galileo,23,0,8
2026-03-14T05:56:52.097Z,GLONASS,18,4,4
2026-03-14T05:56:52.098Z,Galileo,27,0,8
2026-03-14T05:56:52.098Z,GLONASS,16,6,4
2026-03-14T05:56:52.360Z,SBAS,137,0,8
2026-03-14T05:56:52.551Z,SBAS,129,0,8
2026-03-14T05:56:53.174Z,Galileo,18,0,8
2026-03-14T05:56:53.178Z,Galileo,13,0,8
2026-03-14T05:56:53.179Z,Galileo,27,0,8
2026-03-14T05:56:53.319Z,SBAS,137,0,8
2026-03-14T05:56:53.321Z,Galileo,33,0,8
2026-03-14T05:56:53.323Z,Galileo,21,0,8
2026-03-14T05:56:53.325Z,Galileo,23,0,8
2026-03-14T05:56:53.328Z,Galileo,26,0,8
2026-03-14T05:56:53.553Z,SBAS,129,0,8
2026-03-14T05:56:54.079Z,Galileo,18,0,8
2026-03-14T05:56:54.079Z,GPS,22,0,10
2026-03-14T05:56:54.079Z,GPS,3,0,10
2026-03-14T05:56:54.080Z,GPS,1,0,10
2026-03-14T05:56:54.080Z,GPS,17,0,10
2026-03-14T05:56:54.080Z,GPS,14,0,10
2026-03-14T05:56:54.080Z,Galileo,18,0,8
2026-03-14T05:56:54.080Z,GPS,19,0,10
2026-03-14T05:56:54.081Z,GPS,6,0,10
2026-03-14T05:56:54.081Z,Galileo,13,0,8
2026-03-14T05:56:54.081Z,Galileo,23,0,8
2026-03-14T05:56:54.081Z,Galileo,21,0,8
2026-03-14T05:56:54.082Z,GLONASS,19,10,4
2026-03-14T05:56:54.083Z,Galileo,13,0,8
2026-03-14T05:56:54.083Z,Galileo,23,0,8
2026-03-14T05:56:54.083Z,Galileo,21,0,8
2026-03-14T05:56:54.083Z,GLONASS,9,5,4
2026-03-14T05:56:54.086Z,Galileo,26,0,8
2026-03-14T05:56:54.089Z,GLONASS,4,13,4
2026-03-14T05:56:54.089Z,GLONASS,20,9,4
2026-03-14T05:56:54.090Z,GLONASS,18,4,4
2026-03-14T05:56:54.090Z,GLONASS,10,0,4
2026-03-14T05:56:54.090Z,GLONASS,4,13,4
2026-03-14T05:56:54.090Z,GLONASS,3,12,4
2026-03-14T05:56:54.091Z,Galileo,26,0,8
2026-03-14T05:56:54.091Z,GLONASS,4,13,4
2026-03-14T05:56:54.091Z,GLONASS,16,6,4
2026-03-14T05:56:54.092Z,Galileo,27,0,8
2026-03-14T05:56:54.092Z,Galileo,27,0,8
2026-03-14T05:56:54.121Z,QZSS,7,0,10
2026-03-14T05:56:54.121Z,QZSS,2,0,10
2026-03-14T05:56:54.124Z,QZSS,3,0,10
2026-03-14T05:56:54.359Z,SBAS,137,0,8
2026-03-14T05:56:54.558Z,SBAS,129,0,8
2026-03-14T05:56:55.174Z,Galileo,18,0,8
2026-03-14T05:56:55.176Z,Galileo,13,0,8
2026-03-14T05:56:55.178Z,Galileo,27,0,8
2026-03-14T05:56:55.310Z,SBAS,137,0,8
2026-03-14T05:56:55.312Z,Galileo,33,0,8
2026-03-14T05:56:55.314Z,Galileo,21,0,8
2026-03-14T05:56:55.317Z,Galileo,23,0,8
2026-03-14T05:56:55.318Z,Galileo,26,0,8
2026-03-14T05:56:55.513Z,SBAS,129,0,8
2026-03-14T05:56:56.062Z,Galileo,18,0,8
2026-03-14T05:56:56.078Z,Galileo,26,0,8
2026-03-14T05:56:56.082Z,Galileo,21,0,8
2026-03-14T05:56:56.082Z,GLONASS,19,10,4
2026-03-14T05:56:56.083Z,GLONASS,19,10,4
2026-03-14T05:56:56.083Z,Galileo,18,0,8
2026-03-14T05:56:56.084Z,Galileo,13,0,8
2026-03-14T05:56:56.084Z,GLONASS,9,5,4
2026-03-14T05:56:56.084Z,GLONASS,9,5,4
2026-03-14T05:56:56.084Z,Galileo,13,0,8
2026-03-14T05:56:56.085Z,Galileo,26,0,8
2026-03-14T05:56:56.085Z,Galileo,21,0,8
2026-03-14T05:56:56.085Z,GLONASS,19,10,4
2026-03-14T05:56:56.085Z,GLONASS,9,5,4
2026-03-14T05:56:56.088Z,Galileo,23,0,8
2026-03-14T05:56:56.088Z,GLONASS,4,13,4
2026-03-14T05:56:56.088Z,GLONASS,20,9,4
2026-03-14T05:56:56.089Z,GLONASS,10,0,4
2026-03-14T05:56:56.089Z,GLONASS,4,13,4
2026-03-14T05:56:56.089Z,GLONASS,3,12,4
2026-03-14T05:56:56.089Z,Galileo,23,0,8
2026-03-14T05:56:56.090Z,Galileo,27,0,8
2026-03-14T05:56:56.091Z,GLONASS,4,13,4
2026-03-14T05:56:56.091Z,Galileo,27,0,8
2026-03-14T05:56:56.092Z,GLONASS,16,6,4
2026-03-14T05:56:56.092Z,GLONASS,16,6,4
2026-03-14T05:56:56.093Z,GLONASS,16,6,4
2026-03-14T05:56:56.166Z,GPS,6,0,10
2026-03-14T05:56:56.260Z,QZSS,2,0,10
2026-03-14T05:56:56.260Z,QZSS,3,0,10
2026-03-14T05:56:56.260Z,QZSS,7,0,10
2026-03-14T05:56:56.287Z,BeiDou,34,0,10
2026-03-14T05:56:56.288Z,GPS,6,0,10
2026-03-14T05:56:56.288Z,QZSS,2,0,10
2026-03-14T05:56:56.288Z,QZSS,3,0,10
2026-03-14T05:56:56.288Z,QZSS,7,0,10
2026-03-14T05:56:56.290Z,BeiDou,12,0,10
2026-03-14T05:56:56.291Z,BeiDou,11,0,10
2026-03-14T05:56:56.291Z,BeiDou,11,0,10
2026-03-14T05:56:56.291Z,BeiDou,11,0,10
2026-03-14T05:56:56.293Z,BeiDou,25,0,10
2026-03-14T05:56:56.294Z,BeiDou,21,0,10
2026-03-14T05:56:56.296Z,BeiDou,50,0,10
2026-03-14T05:56:56.297Z,BeiDou,43,0,10
2026-03-14T05:56:56.299Z,BeiDou,23,0,10
2026-03-14T05:56:56.300Z,BeiDou,42,0,10
2026-03-14T05:56:56.301Z,BeiDou,24,0,10
2026-03-14T05:56:56.318Z,SBAS,137,0,8
2026-03-14T05:56:56.335Z,BeiDou,56,0,10
2026-03-14T05:56:56.336Z,BeiDou,40,0,10
2026-03-14T05:56:56.337Z,BeiDou,7,0,10
2026-03-14T05:56:56.340Z,BeiDou,10,0,10
2026-03-14T05:56:56.344Z,BeiDou,38,0,10
2026-03-14T05:56:56.349Z,BeiDou,8,0,10
2026-03-14T05:56:56.506Z,SBAS,129,0,8
2026-03-14T05:56:57.144Z,Galileo,18,0,8
2026-03-14T05:56:57.146Z,Galileo,13,0,8
2026-03-14T05:56:57.149Z,Galileo,27,0,8
2026-03-14T05:56:57.318Z,SBAS,137,0,8
2026-03-14T05:56:57.321Z,Galileo,33,0,8
2026-03-14T05:56:57.323Z,Galileo,21,0,8
2026-03-14T05:56:57.324Z,Galileo,23,0,8
2026-03-14T05:56:57.328Z,Galileo,26,0,8
2026-03-14T05:56:58.066Z,Galileo,18,0,8
2026-03-14T05:56:58.084Z,Galileo,26,0,8
2026-03-14T05:56:58.084Z,GLONASS,19,10,4
2026-03-14T05:56:58.085Z,GLONASS,19,10,4
2026-03-14T05:56:58.088Z,Galileo,21,0,8
2026-03-14T05:56:58.089Z,Galileo,13,0,8
2026-03-14T05:56:58.089Z,GLONASS,4,13,4
2026-03-14T05:56:58.089Z,GLONASS,3,12,4
2026-03-14T05:56:58.089Z,GLONASS,9,5,4
2026-03-14T05:56:58.090Z,Galileo,27,0,8
2026-03-14T05:56:58.091Z,GLONASS,18,4,4
2026-03-14T05:56:58.091Z,GLONASS,18,4,4
2026-03-14T05:56:58.091Z,GLONASS,10,0,4
2026-03-14T05:56:58.091Z,GLONASS,4,13,4
2026-03-14T05:56:58.092Z,GLONASS,3,12,4
2026-03-14T05:56:58.092Z,Galileo,18,0,8
2026-03-14T05:56:58.093Z,Galileo,26,0,8
2026-03-14T05:56:58.094Z,GLONASS,19,10,4
2026-03-14T05:56:58.094Z,Galileo,21,0,8
2026-03-14T05:56:58.094Z,Galileo,13,0,8
2026-03-14T05:56:58.095Z,GLONASS,4,13,4
2026-03-14T05:56:58.096Z,GLONASS,3,12,4
2026-03-14T05:56:58.097Z,Galileo,27,0,8
2026-03-14T05:56:58.098Z,GLONASS,18,4,4
2026-03-14T05:56:58.271Z,Galileo,23,0,8
2026-03-14T05:56:58.520Z,SBAS,129,0,8
2026-03-14T05:56:58.520Z,Galileo,23,0,8
2026-03-14T05:56:58.523Z,SBAS,137,0,8
2026-03-14T05:56:59.147Z,Galileo,18,0,8
2026-03-14T05:56:59.149Z,Galileo,13,0,8
2026-03-14T05:56:59.152Z,Galileo,27,0,8
2026-03-14T05:56:59.316Z,SBAS,137,0,8
2026-03-14T05:56:59.320Z,Galileo,21,0,8
2026-03-14T05:56:59.322Z,Galileo,23,0,8
2026-03-14T05:56:59.324Z,Galileo,26,0,8
2026-03-14T05:57:00.057Z,Galileo,18,0,8
2026-03-14T05:57:00.062Z,GPS,3,0,10
2026-03-14T05:57:00.062Z,Galileo,18,0,8
2026-03-14T05:57:00.064Z,GPS,14,0,10
2026-03-14T05:57:00.066Z,GPS,22,0,10
2026-03-14T05:57:00.066Z,GPS,1,0,10
2026-03-14T05:57:00.067Z,GPS,17,0,10
2026-03-14T05:57:00.072Z,GPS,19,0,10
2026-03-14T05:57:00.076Z,GPS,2,0,10
2026-03-14T05:57:00.077Z,Galileo,21,0,8
2026-03-14T05:57:00.078Z,Galileo,13,0,8
2026-03-14T05:57:00.082Z,GLONASS,19,10,4
2026-03-14T05:57:00.082Z,GLONASS,19,10,4
2026-03-14T05:57:00.082Z,Galileo,21,0,8
2026-03-14T05:57:00.083Z,Galileo,13,0,8
2026-03-14T05:57:00.083Z,GLONASS,19,10,4
2026-03-14T05:57:00.083Z,GLONASS,9,5,4
2026-03-14T05:57:00.084Z,GLONASS,9,5,4
2026-03-14T05:57:00.084Z,GLONASS,9,5,4
2026-03-14T05:57:00.085Z,Galileo,23,0,8
2026-03-14T05:57:00.086Z,Galileo,26,0,8
2026-03-14T05:57:00.088Z,GLONASS,4,13,4
2026-03-14T05:57:00.088Z,GLONASS,3,12,4
2026-03-14T05:57:00.088Z,GLONASS,20,9,4
2026-03-14T05:57:00.089Z,GLONASS,10,0,4
2026-03-14T05:57:00.089Z,GLONASS,4,13,4
2026-03-14T05:57:00.089Z,GLONASS,3,12,4
2026-03-14T05:57:00.089Z,GLONASS,18,4,4
2026-03-14T05:57:00.090Z,Galileo,23,0,8
2026-03-14T05:57:00.090Z,GLONASS,18,4,4
2026-03-14T05:57:00.090Z,GLONASS,18,4,4
2026-03-14T05:57:00.090Z,Galileo,26,0,8
2026-03-14T05:57:00.091Z,GLONASS,4,13,4
2026-03-14T05:57:00.091Z,GLONASS,3,12,4
2026-03-14T05:57:00.092Z,Galileo,27,0,8
2026-03-14T05:57:00.092Z,GLONASS,16,6,4
2026-03-14T05:57:00.092Z,GLONASS,16,6,4
2026-03-14T05:57:00.092Z,Galileo,27,0,8
2026-03-14T05:57:00.092Z,GLONASS,16,6,4
2026-03-14T05:57:00.119Z,QZSS,7,0,10
2026-03-14T05:57:00.120Z,QZSS,2,0,10
2026-03-14T05:57:00.131Z,QZSS,3,0,10
2026-03-14T05:57:00.302Z,SBAS,137,0,8
2026-03-14T05:57:01.127Z,Galileo,18,0,8
2026-03-14T05:57:01.129Z,Galileo,13,0,8
2026-03-14T05:57:01.131Z,Galileo,27,0,8
2026-03-14T05:57:01.303Z,SBAS,137,0,8
2026-03-14T05:57:01.307Z,Galileo,21,0,8
2026-03-14T05:57:01.309Z,Galileo,23,0,8
2026-03-14T05:57:01.311Z,Galileo,26,0,8
2026-03-14T05:57:02.061Z,Galileo,18,0,8
2026-03-14T05:57:02.077Z,Galileo,26,0,8
2026-03-14T05:57:02.082Z,Galileo,21,0,8
2026-03-14T05:57:02.082Z,GLONASS,19,10,4
2026-03-14T05:57:02.082Z,GLONASS,19,10,4
2026-03-14T05:57:02.083Z,Galileo,18,0,8
2026-03-14T05:57:02.083Z,Galileo,26,0,8
2026-03-14T05:57:02.084Z,Galileo,13,0,8
2026-03-14T05:57:02.084Z,GLONASS,9,5,4
2026-03-14T05:57:02.084Z,GLONASS,9,5,4
2026-03-14T05:57:02.084Z,Galileo,13,0,8
2026-03-14T05:57:02.084Z,GLONASS,9,5,4
2026-03-14T05:57:02.085Z,Galileo,21,0,8
2026-03-14T05:57:02.085Z,GLONASS,19,10,4
2026-03-14T05:57:02.088Z,GLONASS,4,13,4
2026-03-14T05:57:02.088Z,GLONASS,3,12,4
2026-03-14T05:57:02.088Z,GLONASS,20,9,4
2026-03-14T05:57:02.088Z,GLONASS,10,0,4
2026-03-14T05:57:02.088Z,GLONASS,4,13,4
2026-03-14T05:57:02.089Z,GLONASS,3,12,4
2026-03-14T05:57:02.089Z,GLONASS,18,4,4
2026-03-14T05:57:02.089Z,GLONASS,18,4,4
2026-03-14T05:57:02.090Z,GLONASS,4,13,4
2026-03-14T05:57:02.090Z,GLONASS,3,12,4
2026-03-14T05:57:02.090Z,GLONASS,18,4,4
2026-03-14T05:57:02.092Z,GLONASS,16,6,4
2026-03-14T05:57:02.092Z,GLONASS,16,6,4
2026-03-14T05:57:02.092Z,GLONASS,16,6,4
2026-03-14T05:57:02.095Z,Galileo,23,0,8
2026-03-14T05:57:02.096Z,Galileo,27,0,8
2026-03-14T05:57:02.287Z,BeiDou,34,0,10
2026-03-14T05:57:02.287Z,Galileo,23,0,8
2026-03-14T05:57:02.288Z,Galileo,27,0,8
2026-03-14T05:57:02.290Z,BeiDou,12,0,10
2026-03-14T05:57:02.291Z,BeiDou,11,0,10
2026-03-14T05:57:02.291Z,BeiDou,12,0,10
2026-03-14T05:57:02.291Z,BeiDou,11,0,10
2026-03-14T05:57:02.291Z,BeiDou,12,0,10
2026-03-14T05:57:02.291Z,BeiDou,11,0,10
2026-03-14T05:57:02.294Z,BeiDou,44,0,10
2026-03-14T05:57:02.294Z,BeiDou,21,0,10
2026-03-14T05:57:02.296Z,BeiDou,22,0,10
2026-03-14T05:57:02.296Z,BeiDou,43,0,10
2026-03-14T05:57:02.299Z,BeiDou,23,0,10
2026-03-14T05:57:02.300Z,BeiDou,42,0,10
2026-03-14T05:57:02.301Z,BeiDou,24,0,10
2026-03-14T05:57:02.308Z,SBAS,137,0,8
2026-03-14T05:57:02.335Z,BeiDou,56,0,10
2026-03-14T05:57:02.336Z,BeiDou,40,0,10
2026-03-14T05:57:02.336Z,BeiDou,7,0,10
2026-03-14T05:57:02.340Z,BeiDou,10,0,10
2026-03-14T05:57:02.341Z,BeiDou,10,0,10
2026-03-14T05:57:02.349Z,BeiDou,8,0,10
2026-03-14T05:57:02.349Z,BeiDou,10,0,10
2026-03-14T05:57:03.131Z,Galileo,18,0,8
2026-03-14T05:57:03.133Z,Galileo,13,0,8
2026-03-14T05:57:03.134Z,Galileo,27,0,8
2026-03-14T05:57:03.301Z,SBAS,137,0,8
2026-03-14T05:57:03.304Z,Galileo,21,0,8
2026-03-14T05:57:03.307Z,Galileo,23,0,8
2026-03-14T05:57:03.308Z,Galileo,26,0,8
2026-03-14T05:57:04.065Z,Galileo,18,0,8
2026-03-14T05:57:04.081Z,Galileo,26,0,8
2026-03-14T05:57:04.082Z,GLONASS,19,10,4
2026-03-14T05:57:04.082Z,GLONASS,19,10,4
2026-03-14T05:57:04.082Z,Galileo,18,0,8
2026-03-14T05:57:04.084Z,GLONASS,9,5,4
2026-03-14T05:57:04.084Z,Galileo,26,0,8
2026-03-14T05:57:04.084Z,GLONASS,9,5,4
2026-03-14T05:57:04.085Z,Galileo,21,0,8
2026-03-14T05:57:04.086Z,GLONASS,9,5,4
2026-03-14T05:57:04.086Z,Galileo,13,0,8
2026-03-14T05:57:04.086Z,Galileo,21,0,8
2026-03-14T05:57:04.087Z,Galileo,13,0,8
2026-03-14T05:57:04.088Z,GLONASS,4,13,4
2026-03-14T05:57:04.088Z,GLONASS,3,12,4
2026-03-14T05:57:04.088Z,Galileo,27,0,8
2026-03-14T05:57:04.089Z,GLONASS,20,9,4
2026-03-14T05:57:04.090Z,GLONASS,18,4,4
2026-03-14T05:57:04.090Z,GLONASS,18,4,4
2026-03-14T05:57:04.090Z,GLONASS,10,0,4
2026-03-14T05:57:04.090Z,GLONASS,4,13,4
2026-03-14T05:57:04.091Z,GLONASS,16,6,4
2026-03-14T05:57:04.091Z,GLONASS,3,12,4
2026-03-14T05:57:04.092Z,GLONASS,16,6,4
2026-03-14T05:57:04.092Z,GLONASS,4,13,4
2026-03-14T05:57:04.092Z,GLONASS,3,12,4
2026-03-14T05:57:04.092Z,GLONASS,19,10,4
2026-03-14T05:57:04.092Z,Galileo,27,0,8
2026-03-14T05:57:04.092Z,GLONASS,18,4,4
2026-03-14T05:57:04.093Z,GLONASS,16,6,4
2026-03-14T05:57:04.256Z,Galileo,23,0,8
2026-03-14T05:57:04.299Z,SBAS,137,0,8
2026-03-14T05:57:04.300Z,Galileo,23,0,8
2026-03-14T05:57:05.132Z,Galileo,18,0,8
2026-03-14T05:57:05.134Z,Galileo,13,0,8
2026-03-14T05:57:05.136Z,Galileo,27,0,8
2026-03-14T05:57:05.301Z,SBAS,137,0,8
2026-03-14T05:57:05.303Z,Galileo,33,0,8
2026-03-14T05:57:05.305Z,Galileo,21,0,8
2026-03-14T05:57:05.308Z,Galileo,23,0,8
2026-03-14T05:57:05.309Z,Galileo,26,0,8
2026-03-14T05:57:06.057Z,Galileo,18,0,8
2026-03-14T05:57:06.062Z,GPS,3,0,10
2026-03-14T05:57:06.062Z,Galileo,18,0,8
2026-03-14T05:57:06.064Z,GPS,14,0,10
2026-03-14T05:57:06.066Z,GPS,22,0,10
2026-03-14T05:57:06.066Z,GPS,1,0,10
2026-03-14T05:57:06.067Z,GPS,17,0,10
2026-03-14T05:57:06.072Z,GPS,19,0,10
2026-03-14T05:57:06.076Z,GPS,2,0,10
2026-03-14T05:57:06.077Z,Galileo,21,0,8
2026-03-14T05:57:06.078Z,Galileo,13,0,8
2026-03-14T05:57:06.082Z,GLONASS,19,10,4
2026-03-14T05:57:06.082Z,GLONASS,19,10,4
2026-03-14T05:57:06.082Z,Galileo,21,0,8
2026-03-14T05:57:06.083Z,Galileo,13,0,8
2026-03-14T05:57:06.083Z,GLONASS,9,5,4
2026-03-14T05:57:06.083Z,GLONASS,9,5,4
2026-03-14T05:57:06.084Z,GLONASS,9,5,4
2026-03-14T05:57:06.084Z,GLONASS,19,10,4
2026-03-14T05:57:06.084Z,Galileo,23,0,8
2026-03-14T05:57:06.085Z,Galileo,26,0,8
2026-03-14T05:57:06.088Z,GLONASS,4,13,4
2026-03-14T05:57:06.088Z,GLONASS,3,12,4
2026-03-14T05:57:06.088Z,GLONASS,20,9,4
2026-03-14T05:57:06.088Z,GLONASS,10,0,4
2026-03-14T05:57:06.089Z,GLONASS,4,13,4
2026-03-14T05:57:06.089Z,GLONASS,3,12,4
2026-03-14T05:57:06.090Z,GLONASS,18,4,4
2026-03-14T05:57:06.090Z,GLONASS,18,4,4
2026-03-14T05:57:06.090Z,Galileo,23,0,8
2026-03-14T05:57:06.090Z,Galileo,26,0,8
2026-03-14T05:57:06.091Z,Galileo,27,0,8
2026-03-14T05:57:06.092Z,GLONASS,16,6,4
2026-03-14T05:57:06.092Z,GLONASS,4,13,4
2026-03-14T05:57:06.092Z,GLONASS,16,6,4
2026-03-14T05:57:06.092Z,Galileo,27,0,8
2026-03-14T05:57:06.092Z,GLONASS,16,6,4
2026-03-14T05:57:06.092Z,GLONASS,3,12,4
2026-03-14T05:57:06.093Z,GLONASS,18,4,4
2026-03-14T05:57:06.119Z,QZSS,7,0,10
2026-03-14T05:57:06.120Z,QZSS,2,0,10
2026-03-14T05:57:06.123Z,QZSS,3,0,10
2026-03-14T05:57:06.295Z,SBAS,137,0,8
2026-03-14T05:57:07.128Z,Galileo,18,0,8
2026-03-14T05:57:07.132Z,Galileo,13,0,8
2026-03-14T05:57:07.134Z,Galileo,27,0,8
2026-03-14T05:57:07.310Z,SBAS,137,0,8
2026-03-14T05:57:07.315Z,Galileo,21,0,8
2026-03-14T05:57:07.318Z,Galileo,23,0,8
2026-03-14T05:57:07.319Z,Galileo,26,0,8
2026-03-14T05:57:08.061Z,Galileo,18,0,8
2026-03-14T05:57:08.076Z,Galileo,26,0,8
2026-03-14T05:57:08.081Z,Galileo,21,0,8
2026-03-14T05:57:08.082Z,GLONASS,19,10,4
2026-03-14T05:57:08.082Z,Galileo,13,0,8
2026-03-14T05:57:08.082Z,GLONASS,19,10,4
2026-03-14T05:57:08.083Z,GLONASS,9,5,4
2026-03-14T05:57:08.083Z,GLONASS,9,5,4
2026-03-14T05:57:08.084Z,Galileo,18,0,8
2026-03-14T05:57:08.084Z,Galileo,26,0,8
2026-03-14T05:57:08.084Z,Galileo,21,0,8
2026-03-14T05:57:08.084Z,GLONASS,19,10,4
2026-03-14T05:57:08.084Z,Galileo,13,0,8
2026-03-14T05:57:08.085Z,GLONASS,9,5,4
2026-03-14T05:57:08.088Z,GLONASS,4,13,4
2026-03-14T05:57:08.088Z,GLONASS,3,12,4
2026-03-14T05:57:08.088Z,GLONASS,20,9,4
2026-03-14T05:57:08.088Z,GLONASS,10,0,4
2026-03-14T05:57:08.089Z,GLONASS,4,13,4
2026-03-14T05:57:08.089Z,GLONASS,3,12,4
2026-03-14T05:57:08.089Z,GLONASS,18,4,4
2026-03-14T05:57:08.089Z,GLONASS,18,4,4
2026-03-14T05:57:08.090Z,GLONASS,4,13,4
2026-03-14T05:57:08.090Z,GLONASS,3,12,4
2026-03-14T05:57:08.090Z,GLONASS,18,4,4
2026-03-14T05:57:08.092Z,GLONASS,16,6,4
2026-03-14T05:57:08.092Z,GLONASS,16,6,4
2026-03-14T05:57:08.092Z,GLONASS,16,6,4
2026-03-14T05:57:08.096Z,Galileo,23,0,8
2026-03-14T05:57:08.097Z,Galileo,27,0,8
2026-03-14T05:57:08.147Z,GPS,3,0,10
2026-03-14T05:57:08.161Z,GPS,14,0,10
2026-03-14T05:57:08.163Z,GPS,6,0,10
2026-03-14T05:57:08.265Z,GPS,17,0,10
2026-03-14T05:57:08.265Z,GPS,1,0,10
2026-03-14T05:57:08.266Z,QZSS,2,0,10
2026-03-14T05:57:08.266Z,QZSS,3,0,10
2026-03-14T05:57:08.266Z,QZSS,7,0,10
2026-03-14T05:57:08.287Z,BeiDou,34,0,10
2026-03-14T05:57:08.287Z,Galileo,23,0,8
2026-03-14T05:57:08.288Z,Galileo,27,0,8
2026-03-14T05:57:08.288Z,GPS,3,0,10
2026-03-14T05:57:08.288Z,GPS,14,0,10
2026-03-14T05:57:08.288Z,GPS,6,0,10
2026-03-14T05:57:08.288Z,GPS,17,0,10
2026-03-14T05:57:08.288Z,GPS,1,0,10
2026-03-14T05:57:08.289Z,QZSS,2,0,10
2026-03-14T05:57:08.289Z,QZSS,3,0,10
2026-03-14T05:57:08.289Z,QZSS,7,0,10
2026-03-14T05:57:08.290Z,BeiDou,12,0,10
2026-03-14T05:57:08.291Z,BeiDou,11,0,10
2026-03-14T05:57:08.291Z,BeiDou,12,0,10
2026-03-14T05:57:08.291Z,BeiDou,11,0,10
2026-03-14T05:57:08.291Z,BeiDou,12,0,10
2026-03-14T05:57:08.291Z,BeiDou,11,0,10
2026-03-14T05:57:08.294Z,BeiDou,44,0,10
2026-03-14T05:57:08.294Z,BeiDou,21,0,10
2026-03-14T05:57:08.295Z,BeiDou,50,0,10
2026-03-14T05:57:08.296Z,BeiDou,43,0,10
2026-03-14T05:57:08.299Z,BeiDou,23,0,10
2026-03-14T05:57:08.300Z,BeiDou,42,0,10
2026-03-14T05:57:08.301Z,BeiDou,24,0,10
2026-03-14T05:57:08.335Z,BeiDou,56,0,10
2026-03-14T05:57:08.336Z,BeiDou,40,0,10
2026-03-14T05:57:08.337Z,BeiDou,7,0,10
2026-03-14T05:57:08.337Z,BeiDou,7,0,10
2026-03-14T05:57:08.338Z,BeiDou,7,0,10
2026-03-14T05:57:08.340Z,BeiDou,10,0,10
2026-03-14T05:57:08.340Z,BeiDou,10,0,10
2026-03-14T05:57:08.341Z,BeiDou,10,0,10
2026-03-14T05:57:08.349Z,BeiDou,8,0,10
2026-03-14T05:57:09.130Z,Galileo,18,0,8
2026-03-14T05:57:09.132Z,Galileo,13,0,8
2026-03-14T05:57:09.134Z,Galileo,27,0,8
2026-03-14T05:57:09.301Z,SBAS,137,0,8
2026-03-14T05:57:09.305Z,Galileo,21,0,8
2026-03-14T05:57:09.308Z,Galileo,23,0,8
2026-03-14T05:57:09.309Z,Galileo,26,0,8
2026-03-14T05:57:10.065Z,Galileo,18,0,8
2026-03-14T05:57:10.081Z,Galileo,26,0,8
2026-03-14T05:57:10.082Z,GLONASS,19,10,4
2026-03-14T05:57:10.082Z,GLONASS,19,10,4
2026-03-14T05:57:10.082Z,Galileo,18,0,8
2026-03-14T05:57:10.083Z,Galileo,26,0,8
2026-03-14T05:57:10.084Z,GLONASS,9,5,4
2026-03-14T05:57:10.084Z,GLONASS,19,10,4
2026-03-14T05:57:10.085Z,Galileo,21,0,8
2026-03-14T05:57:10.087Z,GLONASS,20,9,4
2026-03-14T05:57:10.087Z,GLONASS,10,0,4
2026-03-14T05:57:10.088Z,Galileo,23,0,8
2026-03-14T05:57:10.088Z,GLONASS,4,13,4
2026-03-14T05:57:10.088Z,GLONASS,20,9,4
2026-03-14T05:57:10.088Z,GLONASS,3,12,4
2026-03-14T05:57:10.089Z,GLONASS,4,13,4
2026-03-14T05:57:10.089Z,GLONASS,3,12,4
2026-03-14T05:57:10.089Z,GLONASS,18,4,4
2026-03-14T05:57:10.090Z,Galileo,13,0,8
2026-03-14T05:57:10.090Z,GLONASS,18,4,4
2026-03-14T05:57:10.090Z,Galileo,21,0,8
2026-03-14T05:57:10.091Z,Galileo,23,0,8
2026-03-14T05:57:10.091Z,Galileo,27,0,8
2026-03-14T05:57:10.092Z,GLONASS,16,6,4
2026-03-14T05:57:10.092Z,GLONASS,16,6,4
2026-03-14T05:57:10.092Z,Galileo,27,0,8
2026-03-14T05:57:10.092Z,GLONASS,16,6,4
2026-03-14T05:57:10.092Z,GLONASS,4,13,4
2026-03-14T05:57:10.092Z,GLONASS,20,9,4
2026-03-14T05:57:10.093Z,GLONASS,3,12,4
2026-03-14T05:57:10.093Z,Galileo,13,0,8
2026-03-14T05:57:10.093Z,GLONASS,18,4,4
2026-03-14T05:57:10.305Z,SBAS,137,0,8
2026-03-14T05:57:11.135Z,Galileo,18,0,8
2026-03-14T05:57:11.137Z,Galileo,13,0,8
2026-03-14T05:57:11.140Z,Galileo,27,0,8
2026-03-14T05:57:11.305Z,SBAS,137,0,8
2026-03-14T05:57:11.309Z,Galileo,21,0,8
2026-03-14T05:57:11.312Z,Galileo,23,0,8
2026-03-14T05:57:11.313Z,Galileo,26,0,8
2026-03-14T05:57:12.056Z,Galileo,18,0,8
2026-03-14T05:57:12.062Z,GPS,3,0,10
2026-03-14T05:57:12.062Z,Galileo,18,0,8
2026-03-14T05:57:12.063Z,GPS,14,0,10
2026-03-14T05:57:12.066Z,GPS,22,0,10
2026-03-14T05:57:12.066Z,GPS,1,0,10
2026-03-14T05:57:12.067Z,GPS,17,0,10
2026-03-14T05:57:12.072Z,GPS,19,0,10
2026-03-14T05:57:12.076Z,GPS,2,0,10
2026-03-14T05:57:12.077Z,Galileo,21,0,8
2026-03-14T05:57:12.077Z,Galileo,21,0,8
2026-03-14T05:57:12.078Z,Galileo,13,0,8
2026-03-14T05:57:12.082Z,GLONASS,19,10,4
2026-03-14T05:57:12.082Z,GLONASS,19,10,4
2026-03-14T05:57:12.082Z,Galileo,13,0,8
2026-03-14T05:57:12.083Z,GLONASS,19,10,4
2026-03-14T05:57:12.083Z,GLONASS,9,5,4
2026-03-14T05:57:12.084Z,GLONASS,9,5,4
2026-03-14T05:57:12.085Z,Galileo,23,0,8
2026-03-14T05:57:12.086Z,Galileo,26,0,8
2026-03-14T05:57:12.088Z,GLONASS,4,13,4
2026-03-14T05:57:12.088Z,GLONASS,3,12,4
2026-03-14T05:57:12.088Z,GLONASS,20,9,4
2026-03-14T05:57:12.088Z,GLONASS,10,0,4
2026-03-14T05:57:12.088Z,GLONASS,4,13,4
2026-03-14T05:57:12.089Z,GLONASS,3,12,4
2026-03-14T05:57:12.089Z,GLONASS,18,4,4
2026-03-14T05:57:12.090Z,GLONASS,18,4,4
2026-03-14T05:57:12.091Z,GLONASS,9,5,4
2026-03-14T05:57:12.091Z,GLONASS,16,6,4
2026-03-14T05:57:12.091Z,GLONASS,16,6,4
2026-03-14T05:57:12.092Z,Galileo,27,0,8
2026-03-14T05:57:12.092Z,GLONASS,16,6,4
2026-03-14T05:57:12.092Z,Galileo,23,0,8
2026-03-14T05:57:12.092Z,Galileo,26,0,8
2026-03-14T05:57:12.093Z,GLONASS,4,13,4
2026-03-14T05:57:12.093Z,GLONASS,3,12,4
2026-03-14T05:57:12.093Z,GLONASS,18,4,4
2026-03-14T05:57:12.093Z,Galileo,27,0,8
2026-03-14T05:57:12.119Z,QZSS,7,0,10
2026-03-14T05:57:12.120Z,QZSS,2,0,10
2026-03-14T05:57:12.123Z,QZSS,3,0,10
2026-03-14T05:57:12.305Z,SBAS,137,0,8
2026-03-14T05:57:13.130Z,Galileo,18,0,8
2026-03-14T05:57:13.132Z,Galileo,13,0,8
2026-03-14T05:57:13.134Z,Galileo,27,0,8
2026-03-14T05:57:13.303Z,SBAS,137,0,8
2026-03-14T05:57:13.307Z,Galileo,21,0,8
2026-03-14T05:57:13.309Z,Galileo,23,0,8
2026-03-14T05:57:13.311Z,Galileo,26,0,8
2026-03-14T05:57:14.061Z,Galileo,18,0,8
2026-03-14T05:57:14.076Z,Galileo,26,0,8
2026-03-14T05:57:14.081Z,Galileo,13,0,8
2026-03-14T05:57:14.082Z,GLONASS,19,10,4
2026-03-14T05:57:14.082Z,GLONASS,19,10,4
2026-03-14T05:57:14.083Z,Galileo,23,0,8
2026-03-14T05:57:14.084Z,GLONASS,9,5,4
2026-03-14T05:57:14.084Z,GLONASS,9,5,4
2026-03-14T05:57:14.084Z,Galileo,18,0,8
2026-03-14T05:57:14.084Z,Galileo,26,0,8
2026-03-14T05:57:14.084Z,Galileo,13,0,8
2026-03-14T05:57:14.085Z,Galileo,21,0,8
2026-03-14T05:57:14.085Z,GLONASS,19,10,4
2026-03-14T05:57:14.085Z,Galileo,21,0,8
2026-03-14T05:57:14.085Z,Galileo,23,0,8
2026-03-14T05:57:14.086Z,GLONASS,9,5,4
2026-03-14T05:57:14.087Z,GLONASS,20,9,4
2026-03-14T05:57:14.088Z,GLONASS,4,13,4
2026-03-14T05:57:14.088Z,GLONASS,3,12,4
2026-03-14T05:57:14.088Z,GLONASS,10,0,4
2026-03-14T05:57:14.088Z,GLONASS,4,13,4
2026-03-14T05:57:14.088Z,GLONASS,4,13,4
2026-03-14T05:57:14.088Z,GLONASS,3,12,4
2026-03-14T05:57:14.089Z,GLONASS,18,4,4
2026-03-14T05:57:14.092Z,GLONASS,16,6,4
2026-03-14T05:57:14.092Z,GLONASS,16,6,4
2026-03-14T05:57:14.092Z,GLONASS,18,4,4
2026-03-14T05:57:14.092Z,GLONASS,16,6,4
2026-03-14T05:57:14.095Z,Galileo,27,0,8
2026-03-14T05:57:14.287Z,BeiDou,34,0,10
2026-03-14T05:57:14.287Z,Galileo,27,0,8
2026-03-14T05:57:14.290Z,BeiDou,12,0,10
2026-03-14T05:57:14.290Z,BeiDou,11,0,10
2026-03-14T05:57:14.291Z,BeiDou,12,0,10
2026-03-14T05:57:14.291Z,BeiDou,11,0,10
2026-03-14T05:57:14.291Z,BeiDou,12,0,10
2026-03-14T05:57:14.291Z,BeiDou,11,0,10
2026-03-14T05:57:14.294Z,BeiDou,44,0,10
2026-03-14T05:57:14.294Z,BeiDou,21,0,10
2026-03-14T05:57:14.295Z,BeiDou,50,0,10
2026-03-14T05:57:14.296Z,BeiDou,22,0,10
2026-03-14T05:57:14.296Z,BeiDou,43,0,10
2026-03-14T05:57:14.299Z,BeiDou,23,0,10
2026-03-14T05:57:14.300Z,BeiDou,42,0,10
2026-03-14T05:57:14.301Z,BeiDou,24,0,10
2026-03-14T05:57:14.305Z,SBAS,137,0,8
2026-03-14T05:57:14.335Z,BeiDou,56,0,10
2026-03-14T05:57:14.336Z,BeiDou,7,0,10
2026-03-14T05:57:14.337Z,BeiDou,40,0,10
2026-03-14T05:57:14.337Z,BeiDou,7,0,10
2026-03-14T05:57:14.337Z,BeiDou,7,0,10
2026-03-14T05:57:14.340Z,BeiDou,10,0,10
2026-03-14T05:57:14.340Z,BeiDou,10,0,10
2026-03-14T05:57:14.340Z,BeiDou,10,0,10
2026-03-14T05:57:14.343Z,BeiDou,38,0,10
2026-03-14T05:57:14.349Z,BeiDou,8,0,10
2026-03-14T05:57:15.131Z,Galileo,18,0,8
2026-03-14T05:57:15.133Z,Galileo,13,0,8
2026-03-14T05:57:15.136Z,Galileo,27,0,8
2026-03-14T05:57:15.300Z,SBAS,137,0,8
2026-03-14T05:57:15.304Z,Galileo,21,0,8
2026-03-14T05:57:15.306Z,Galileo,23,0,8
2026-03-14T05:57:15.308Z,Galileo,26,0,8
2026-03-14T05:57:16.065Z,Galileo,18,0,8
2026-03-14T05:57:16.077Z,Galileo,21,0,8
2026-03-14T05:57:16.081Z,Galileo,26,0,8
2026-03-14T05:57:16.082Z,GLONASS,19,10,4
2026-03-14T05:57:16.082Z,GLONASS,19,10,4
2026-03-14T05:57:16.082Z,Galileo,18,0,8
2026-03-14T05:57:16.082Z,Galileo,21,0,8
2026-03-14T05:57:16.084Z,GLONASS,9,5,4
2026-03-14T05:57:16.084Z,GLONASS,9,5,4
2026-03-14T05:57:16.084Z,GLONASS,9,5,4
2026-03-14T05:57:16.084Z,Galileo,26,0,8
2026-03-14T05:57:16.084Z,GLONASS,19,10,4
2026-03-14T05:57:16.085Z,Galileo,13,0,8
2026-03-14T05:57:16.085Z,Galileo,13,0,8
2026-03-14T05:57:16.087Z,GLONASS,20,9,4
2026-03-14T05:57:16.087Z,GLONASS,4,13,4
2026-03-14T05:57:16.088Z,GLONASS,10,0,4
2026-03-14T05:57:16.088Z,GLONASS,3,12,4
2026-03-14T05:57:16.088Z,Galileo,23,0,8
2026-03-14T05:57:16.088Z,GLONASS,4,13,4
2026-03-14T05:57:16.089Z,GLONASS,3,12,4
2026-03-14T05:57:16.089Z,GLONASS,18,4,4
2026-03-14T05:57:16.089Z,GLONASS,4,13,4
2026-03-14T05:57:16.090Z,GLONASS,3,12,4
2026-03-14T05:57:16.090Z,Galileo,27,0,8
2026-03-14T05:57:16.090Z,Galileo,27,0,8
2026-03-14T05:57:16.090Z,Galileo,23,0,8
2026-03-14T05:57:16.091Z,GLONASS,16,6,4
2026-03-14T05:57:16.091Z,GLONASS,16,6,4
2026-03-14T05:57:16.092Z,GLONASS,18,4,4
2026-03-14T05:57:16.302Z,SBAS,137,0,8
2026-03-14T05:57:17.133Z,Galileo,18,0,8
2026-03-14T05:57:17.135Z,Galileo,13,0,8
2026-03-14T05:57:17.137Z,Galileo,27,0,8
2026-03-14T05:57:17.317Z,SBAS,137,0,8
2026-03-14T05:57:17.321Z,Galileo,21,0,8
2026-03-14T05:57:17.323Z,Galileo,23,0,8
2026-03-14T05:57:17.325Z,Galileo,26,0,8
2026-03-14T05:57:18.061Z,Galileo,18,0,8
2026-03-14T05:57:18.062Z,GPS,3,0,10
2026-03-14T05:57:18.062Z,Galileo,18,0,8
2026-03-14T05:57:18.063Z,GPS,14,0,10
2026-03-14T05:57:18.066Z,GPS,22,0,10
2026-03-14T05:57:18.066Z,GPS,1,0,10
2026-03-14T05:57:18.067Z,GPS,17,0,10
2026-03-14T05:57:18.077Z,Galileo,13,0,8
2026-03-14T05:57:18.078Z,GPS,2,0,10
2026-03-14T05:57:18.078Z,Galileo,13,0,8
2026-03-14T05:57:18.078Z,Galileo,23,0,8
2026-03-14T05:57:18.081Z,Galileo,21,0,8
2026-03-14T05:57:18.082Z,GLONASS,19,10,4
2026-03-14T05:57:18.082Z,GLONASS,19,10,4
2026-03-14T05:57:18.082Z,Galileo,23,0,8
2026-03-14T05:57:18.083Z,GLONASS,9,5,4
2026-03-14T05:57:18.083Z,Galileo,21,0,8
2026-03-14T05:57:18.084Z,GLONASS,9,5,4
2026-03-14T05:57:18.084Z,GLONASS,9,5,4
2026-03-14T05:57:18.084Z,GLONASS,19,10,4
2026-03-14T05:57:18.085Z,Galileo,26,0,8
2026-03-14T05:57:18.088Z,GLONASS,20,9,4
2026-03-14T05:57:18.088Z,GLONASS,10,0,4
2026-03-14T05:57:18.088Z,GLONASS,4,13,4
2026-03-14T05:57:18.088Z,GLONASS,3,12,4
2026-03-14T05:57:18.090Z,GLONASS,4,13,4
2026-03-14T05:57:18.090Z,GLONASS,3,12,4
2026-03-14T05:57:18.091Z,GLONASS,18,4,4
2026-03-14T05:57:18.092Z,GLONASS,16,6,4
2026-03-14T05:57:18.092Z,Galileo,27,0,8
2026-03-14T05:57:18.092Z,GLONASS,16,6,4
2026-03-14T05:57:18.093Z,GLONASS,18,4,4
2026-03-14T05:57:18.093Z,Galileo,26,0,8
2026-03-14T05:57:18.093Z,GLONASS,4,13,4
2026-03-14T05:57:18.093Z,GLONASS,3,12,4
2026-03-14T05:57:18.093Z,GLONASS,18,4,4
2026-03-14T05:57:18.094Z,GLONASS,16,6,4
2026-03-14T05:57:18.094Z,Galileo,27,0,8
2026-03-14T05:57:18.119Z,QZSS,7,0,10
2026-03-14T05:57:18.120Z,QZSS,2,0,10
2026-03-14T05:57:18.125Z,QZSS,3,0,10
2026-03-14T05:57:18.318Z,SBAS,137,0,8
2026-03-14T05:57:19.132Z,Galileo,18,0,8
2026-03-14T05:57:19.134Z,Galileo,13,0,8
2026-03-14T05:57:19.136Z,Galileo,27,0,8
2026-03-14T05:57:19.304Z,SBAS,137,0,8
2026-03-14T05:57:19.308Z,Galileo,21,0,8
2026-03-14T05:57:19.309Z,Galileo,23,0,8
2026-03-14T05:57:19.312Z,Galileo,26,0,8
2026-03-14T05:57:20.061Z,Galileo,18,0,8
2026-03-14T05:57:20.076Z,Galileo,26,0,8
2026-03-14T05:57:20.081Z,Galileo,13,0,8
2026-03-14T05:57:20.082Z,GLONASS,19,10,4
2026-03-14T05:57:20.082Z,GLONASS,19,10,4
2026-03-14T05:57:20.083Z,Galileo,23,0,8
2026-03-14T05:57:20.083Z,GLONASS,9,5,4
2026-03-14T05:57:20.083Z,Galileo,18,0,8
2026-03-14T05:57:20.084Z,GLONASS,9,5,4
2026-03-14T05:57:20.084Z,GLONASS,9,5,4
2026-03-14T05:57:20.084Z,Galileo,26,0,8
2026-03-14T05:57:20.084Z,Galileo,13,0,8
2026-03-14T05:57:20.085Z,Galileo,21,0,8
2026-03-14T05:57:20.085Z,Galileo,21,0,8
2026-03-14T05:57:20.085Z,GLONASS,19,10,4
2026-03-14T05:57:20.086Z,Galileo,23,0,8
2026-03-14T05:57:20.087Z,GLONASS,20,9,4
2026-03-14T05:57:20.087Z,GLONASS,10,0,4
2026-03-14T05:57:20.087Z,GLONASS,4,13,4
2026-03-14T05:57:20.088Z,GLONASS,3,12,4
2026-03-14T05:57:20.089Z,GLONASS,4,13,4
2026-03-14T05:57:20.089Z,GLONASS,18,4,4
2026-03-14T05:57:20.089Z,GLONASS,18,4,4
2026-03-14T05:57:20.090Z,GLONASS,4,13,4
2026-03-14T05:57:20.090Z,GLONASS,18,4,4
2026-03-14T05:57:20.092Z,GLONASS,16,6,4
2026-03-14T05:57:20.095Z,Galileo,27,0,8
2026-03-14T05:57:20.156Z,GPS,3,0,10
2026-03-14T05:57:20.159Z,GPS,14,0,10
2026-03-14T05:57:20.257Z,GPS,17,0,10
2026-03-14T05:57:20.257Z,GPS,1,0,10
2026-03-14T05:57:20.257Z,QZSS,2,0,10
2026-03-14T05:57:20.257Z,QZSS,3,0,10
2026-03-14T05:57:20.258Z,QZSS,7,0,10
2026-03-14T05:57:20.287Z,BeiDou,34,0,10
2026-03-14T05:57:20.287Z,GLONASS,16,6,4
2026-03-14T05:57:20.287Z,Galileo,27,0,8
2026-03-14T05:57:20.287Z,GPS,3,0,10
2026-03-14T05:57:20.287Z,GPS,14,0,10
2026-03-14T05:57:20.288Z,GPS,17,0,10
2026-03-14T05:57:20.288Z,GPS,1,0,10
2026-03-14T05:57:20.288Z,QZSS,2,0,10
2026-03-14T05:57:20.288Z,QZSS,3,0,10
2026-03-14T05:57:20.288Z,QZSS,7,0,10
2026-03-14T05:57:20.290Z,BeiDou,12,0,10
2026-03-14T05:57:20.290Z,BeiDou,11,0,10
2026-03-14T05:57:20.290Z,BeiDou,12,0,10
2026-03-14T05:57:20.291Z,BeiDou,11,0,10
2026-03-14T05:57:20.291Z,BeiDou,12,0,10
2026-03-14T05:57:20.291Z,BeiDou,11,0,10
2026-03-14T05:57:20.294Z,BeiDou,44,0,10
2026-03-14T05:57:20.294Z,BeiDou,21,0,10
2026-03-14T05:57:20.296Z,BeiDou,22,0,10
2026-03-14T05:57:20.299Z,BeiDou,23,0,10
2026-03-14T05:57:20.300Z,BeiDou,42,0,10
2026-03-14T05:57:20.300Z,BeiDou,24,0,10
2026-03-14T05:57:20.312Z,SBAS,137,0,8
2026-03-14T05:57:20.335Z,BeiDou,56,0,10
2026-03-14T05:57:20.336Z,BeiDou,7,0,10
2026-03-14T05:57:20.336Z,BeiDou,40,0,10
2026-03-14T05:57:20.337Z,BeiDou,7,0,10
2026-03-14T05:57:20.337Z,BeiDou,7,0,10
2026-03-14T05:57:20.340Z,BeiDou,10,0,10
2026-03-14T05:57:20.343Z,BeiDou,38,0,10
2026-03-14T05:57:20.349Z,BeiDou,8,0,10
2026-03-14T05:57:21.132Z,Galileo,18,0,8
2026-03-14T05:57:21.135Z,Galileo,13,0,8
2026-03-14T05:57:21.137Z,Galileo,27,0,8
2026-03-14T05:57:21.304Z,SBAS,137,0,8
2026-03-14T05:57:21.308Z,Galileo,21,0,8
2026-03-14T05:57:21.310Z,Galileo,23,0,8
2026-03-14T05:57:21.312Z,Galileo,26,0,8
2026-03-14T05:57:22.065Z,Galileo,18,0,8
2026-03-14T05:57:22.077Z,Galileo,21,0,8
2026-03-14T05:57:22.082Z,Galileo,26,0,8
2026-03-14T05:57:22.082Z,GLONASS,19,10,4
2026-03-14T05:57:22.082Z,GLONASS,19,10,4
2026-03-14T05:57:22.084Z,Galileo,23,0,8
2026-03-14T05:57:22.084Z,GLONASS,9,5,4
2026-03-14T05:57:22.084Z,GLONASS,9,5,4
2026-03-14T05:57:22.085Z,Galileo,18,0,8
2026-03-14T05:57:22.085Z,Galileo,13,0,8
2026-03-14T05:57:22.086Z,Galileo,13,0,8
2026-03-14T05:57:22.087Z,GLONASS,20,9,4
2026-03-14T05:57:22.087Z,GLONASS,4,13,4
2026-03-14T05:57:22.087Z,GLONASS,10,0,4
2026-03-14T05:57:22.088Z,GLONASS,4,13,4
2026-03-14T05:57:22.088Z,Galileo,27,0,8
2026-03-14T05:57:22.088Z,GLONASS,3,12,4
2026-03-14T05:57:22.088Z,GLONASS,4,13,4
2026-03-14T05:57:22.089Z,GLONASS,18,4,4
2026-03-14T05:57:22.089Z,GLONASS,18,4,4
2026-03-14T05:57:22.089Z,GLONASS,18,4,4
2026-03-14T05:57:22.090Z,Galileo,21,0,8
2026-03-14T05:57:22.090Z,Galileo,26,0,8
2026-03-14T05:57:22.090Z,GLONASS,19,10,4
2026-03-14T05:57:22.091Z,GLONASS,16,6,4
2026-03-14T05:57:22.091Z,GLONASS,16,6,4
2026-03-14T05:57:22.092Z,GLONASS,16,6,4
2026-03-14T05:57:22.092Z,Galileo,23,0,8
2026-03-14T05:57:22.092Z,GLONASS,9,5,4
2026-03-14T05:57:22.092Z,Galileo,27,0,8
2026-03-14T05:57:22.301Z,SBAS,137,0,8
2026-03-14T05:57:23.136Z,Galileo,18,0,8
2026-03-14T05:57:23.137Z,Galileo,13,0,8
2026-03-14T05:57:23.140Z,Galileo,27,0,8
2026-03-14T05:57:23.297Z,SBAS,137,0,8
2026-03-14T05:57:23.301Z,Galileo,21,0,8
2026-03-14T05:57:23.303Z,Galileo,23,0,8
2026-03-14T05:57:23.304Z,Galileo,26,0,8
2026-03-14T05:57:24.057Z,Galileo,18,0,8
2026-03-14T05:57:24.062Z,GPS,3,0,10
2026-03-14T05:57:24.062Z,Galileo,18,0,8
2026-03-14T05:57:24.063Z,GPS,14,0,10
2026-03-14T05:57:24.066Z,GPS,22,0,10
2026-03-14T05:57:24.066Z,GPS,1,0,10
2026-03-14T05:57:24.067Z,GPS,17,0,10
2026-03-14T05:57:24.071Z,GPS,19,0,10
2026-03-14T05:57:24.074Z,GPS,6,0,10
2026-03-14T05:57:24.076Z,Galileo,13,0,8
2026-03-14T05:57:24.076Z,GPS,2,0,10
2026-03-14T05:57:24.077Z,Galileo,13,0,8
2026-03-14T05:57:24.080Z,Galileo,21,0,8
2026-03-14T05:57:24.082Z,GLONASS,19,10,4
2026-03-14T05:57:24.082Z,GLONASS,19,10,4
2026-03-14T05:57:24.082Z,Galileo,21,0,8
2026-03-14T05:57:24.082Z,GLONASS,19,10,4
2026-03-14T05:57:24.083Z,GLONASS,9,5,4
2026-03-14T05:57:24.083Z,GLONASS,9,5,4
2026-03-14T05:57:24.085Z,Galileo,26,0,8
2026-03-14T05:57:24.086Z,Galileo,23,0,8
2026-03-14T05:57:24.087Z,GLONASS,4,13,4
2026-03-14T05:57:24.088Z,GLONASS,20,9,4
2026-03-14T05:57:24.088Z,GLONASS,10,0,4
2026-03-14T05:57:24.088Z,GLONASS,4,13,4
2026-03-14T05:57:24.088Z,GLONASS,3,12,4
2026-03-14T05:57:24.088Z,GLONASS,9,5,4
2026-03-14T05:57:24.088Z,Galileo,26,0,8
2026-03-14T05:57:24.089Z,GLONASS,18,4,4
2026-03-14T05:57:24.089Z,GLONASS,18,4,4
2026-03-14T05:57:24.090Z,GLONASS,18,4,4
2026-03-14T05:57:24.090Z,Galileo,23,0,8
2026-03-14T05:57:24.090Z,GLONASS,4,13,4
2026-03-14T05:57:24.091Z,GLONASS,16,6,4
2026-03-14T05:57:24.092Z,GLONASS,16,6,4
2026-03-14T05:57:24.092Z,Galileo,27,0,8
2026-03-14T05:57:24.092Z,GLONASS,16,6,4
2026-03-14T05:57:24.092Z,Galileo,27,0,8
2026-03-14T05:57:24.119Z,QZSS,7,0,10
2026-03-14T05:57:24.120Z,QZSS,2,0,10
2026-03-14T05:57:24.129Z,QZSS,3,0,10
2026-03-14T05:57:24.299Z,SBAS,137,0,8
2026-03-14T05:57:25.125Z,Galileo,18,0,8
2026-03-14T05:57:25.127Z,Galileo,13,0,8
2026-03-14T05:57:25.129Z,Galileo,27,0,8
2026-03-14T05:57:25.301Z,Galileo,21,0,8
2026-03-14T05:57:25.303Z,Galileo,23,0,8
2026-03-14T05:57:25.305Z,Galileo,26,0,8
2026-03-14T05:57:26.060Z,Galileo,18,0,8
2026-03-14T05:57:26.076Z,Galileo,26,0,8
2026-03-14T05:57:26.078Z,Galileo,23,0,8
2026-03-14T05:57:26.081Z,Galileo,13,0,8
2026-03-14T05:57:26.082Z,GLONASS,19,10,4
2026-03-14T05:57:26.082Z,GLONASS,19,10,4
2026-03-14T05:57:26.082Z,Galileo,18,0,8
2026-03-14T05:57:26.083Z,Galileo,26,0,8
2026-03-14T05:57:26.083Z,Galileo,23,0,8
2026-03-14T05:57:26.083Z,Galileo,13,0,8
2026-03-14T05:57:26.083Z,GLONASS,19,10,4
2026-03-14T05:57:26.084Z,GLONASS,9,5,4
2026-03-14T05:57:26.085Z,Galileo,21,0,8
2026-03-14T05:57:26.087Z,GLONASS,4,13,4
2026-03-14T05:57:26.087Z,GLONASS,10,0,4
2026-03-14T05:57:26.088Z,GLONASS,3,12,4
2026-03-14T05:57:26.088Z,GLONASS,4,13,4
2026-03-14T05:57:26.088Z,GLONASS,3,12,4
2026-03-14T05:57:26.088Z,GLONASS,9,5,4
2026-03-14T05:57:26.089Z,Galileo,21,0,8
2026-03-14T05:57:26.089Z,GLONASS,18,4,4
2026-03-14T05:57:26.089Z,GLONASS,18,4,4
2026-03-14T05:57:26.090Z,GLONASS,18,4,4
2026-03-14T05:57:26.090Z,GLONASS,4,13,4
2026-03-14T05:57:26.090Z,GLONASS,3,12,4
2026-03-14T05:57:26.091Z,GLONASS,16,6,4
2026-03-14T05:57:26.092Z,GLONASS,16,6,4
2026-03-14T05:57:26.092Z,GLONASS,16,6,4
2026-03-14T05:57:26.095Z,Galileo,27,0,8
2026-03-14T05:57:26.290Z,BeiDou,12,0,10
2026-03-14T05:57:26.290Z,BeiDou,11,0,10
2026-03-14T05:57:26.290Z,BeiDou,12,0,10
2026-03-14T05:57:26.291Z,BeiDou,11,0,10
2026-03-14T05:57:26.291Z,Galileo,27,0,8
2026-03-14T05:57:26.291Z,BeiDou,12,0,10
2026-03-14T05:57:26.291Z,BeiDou,11,0,10
2026-03-14T05:57:26.294Z,BeiDou,44,0,10
2026-03-14T05:57:26.294Z,BeiDou,21,0,10
2026-03-14T05:57:26.295Z,BeiDou,50,0,10
2026-03-14T05:57:26.296Z,BeiDou,22,0,10
2026-03-14T05:57:26.299Z,BeiDou,23,0,10
2026-03-14T05:57:26.300Z,BeiDou,42,0,10
2026-03-14T05:57:26.300Z,BeiDou,24,0,10
2026-03-14T05:57:26.312Z,SBAS,137,0,8
2026-03-14T05:57:26.335Z,BeiDou,56,0,10
2026-03-14T05:57:26.336Z,BeiDou,7,0,10
2026-03-14T05:57:26.336Z,BeiDou,40,0,10
2026-03-14T05:57:26.337Z,BeiDou,7,0,10
2026-03-14T05:57:26.337Z,BeiDou,7,0,10
2026-03-14T05:57:26.340Z,BeiDou,10,0,10
2026-03-14T05:57:26.340Z,BeiDou,10,0,10
2026-03-14T05:57:26.340Z,BeiDou,10,0,10
2026-03-14T05:57:26.343Z,BeiDou,38,0,10
2026-03-14T05:57:27.134Z,Galileo,18,0,8
2026-03-14T05:57:27.137Z,Galileo,13,0,8
2026-03-14T05:57:27.139Z,Galileo,27,0,8
2026-03-14T05:57:27.310Z,SBAS,137,0,8
2026-03-14T05:57:27.314Z,Galileo,21,0,8
2026-03-14T05:57:27.316Z,Galileo,23,0,8
2026-03-14T05:57:27.318Z,Galileo,26,0,8
2026-03-14T05:57:28.065Z,Galileo,18,0,8
2026-03-14T05:57:28.077Z,Galileo,21,0,8
2026-03-14T05:57:28.080Z,Galileo,26,0,8
2026-03-14T05:57:28.082Z,GLONASS,19,10,4
2026-03-14T05:57:28.082Z,GLONASS,19,10,4
2026-03-14T05:57:28.084Z,Galileo,23,0,8
2026-03-14T05:57:28.084Z,GLONASS,9,5,4
2026-03-14T05:57:28.084Z,Galileo,18,0,8
2026-03-14T05:57:28.085Z,Galileo,13,0,8
2026-03-14T05:57:28.085Z,GLONASS,9,5,4
2026-03-14T05:57:28.086Z,Galileo,23,0,8
2026-03-14T05:57:28.086Z,Galileo,21,0,8
2026-03-14T05:57:28.087Z,Galileo,26,0,8
2026-03-14T05:57:28.088Z,GLONASS,4,13,4
2026-03-14T05:57:28.088Z,GLONASS,20,9,4
2026-03-14T05:57:28.088Z,GLONASS,3,12,4
2026-03-14T05:57:28.088Z,GLONASS,20,9,4
2026-03-14T05:57:28.089Z,Galileo,27,0,8
2026-03-14T05:57:28.089Z,GLONASS,18,4,4
2026-03-14T05:57:28.089Z,GLONASS,18,4,4
2026-03-14T05:57:28.089Z,GLONASS,10,0,4
2026-03-14T05:57:28.090Z,GLONASS,4,13,4
2026-03-14T05:57:28.090Z,GLONASS,3,12,4
2026-03-14T05:57:28.090Z,GLONASS,4,13,4
2026-03-14T05:57:28.090Z,GLONASS,20,9,4
2026-03-14T05:57:28.091Z,GLONASS,16,6,4
2026-03-14T05:57:28.091Z,GLONASS,16,6,4
2026-03-14T05:57:28.092Z,GLONASS,16,6,4
2026-03-14T05:57:28.092Z,GLONASS,3,12,4
2026-03-14T05:57:28.092Z,GLONASS,19,10,4
2026-03-14T05:57:28.092Z,GLONASS,9,5,4
2026-03-14T05:57:28.092Z,Galileo,13,0,8
2026-03-14T05:57:28.093Z,Galileo,27,0,8
2026-03-14T05:57:28.093Z,GLONASS,18,4,4
2026-03-14T05:57:29.149Z,Galileo,18,0,8
2026-03-14T05:57:29.152Z,Galileo,13,0,8
2026-03-14T05:57:29.154Z,Galileo,27,0,8
2026-03-14T05:57:29.315Z,Galileo,21,0,8
2026-03-14T05:57:29.317Z,Galileo,23,0,8
2026-03-14T05:57:29.319Z,Galileo,26,0,8
2026-03-14T05:57:30.056Z,Galileo,18,0,8
2026-03-14T05:57:30.062Z,GPS,3,0,10
2026-03-14T05:57:30.062Z,Galileo,18,0,8
2026-03-14T05:57:30.063Z,GPS,14,0,10
2026-03-14T05:57:30.066Z,GPS,22,0,10
2026-03-14T05:57:30.066Z,GPS,1,0,10
2026-03-14T05:57:30.067Z,GPS,17,0,10
2026-03-14T05:57:30.070Z,GPS,19,0,10
2026-03-14T05:57:30.073Z,GPS,6,0,10
2026-03-14T05:57:30.076Z,Galileo,13,0,8
2026-03-14T05:57:30.080Z,Galileo,21,0,8
2026-03-14T05:57:30.082Z,GLONASS,19,10,4
2026-03-14T05:57:30.082Z,GLONASS,19,10,4
2026-03-14T05:57:30.082Z,Galileo,13,0,8
2026-03-14T05:57:30.082Z,Galileo,21,0,8
2026-03-14T05:57:30.083Z,GLONASS,9,5,4
2026-03-14T05:57:30.083Z,GLONASS,19,10,4
2026-03-14T05:57:30.083Z,GLONASS,9,5,4
2026-03-14T05:57:30.084Z,Galileo,26,0,8
2026-03-14T05:57:30.088Z,Galileo,23,0,8
2026-03-14T05:57:30.088Z,GLONASS,4,13,4
2026-03-14T05:57:30.088Z,GLONASS,20,9,4
2026-03-14T05:57:30.088Z,GLONASS,3,12,4
2026-03-14T05:57:30.088Z,GLONASS,20,9,4
2026-03-14T05:57:30.088Z,GLONASS,10,0,4
2026-03-14T05:57:30.088Z,GLONASS,4,13,4
2026-03-14T05:57:30.088Z,GLONASS,9,5,4
2026-03-14T05:57:30.089Z,Galileo,26,0,8
2026-03-14T05:57:30.089Z,Galileo,23,0,8
2026-03-14T05:57:30.089Z,GLONASS,4,13,4
2026-03-14T05:57:30.090Z,GLONASS,20,9,4
2026-03-14T05:57:30.091Z,GLONASS,18,4,4
2026-03-14T05:57:30.091Z,GLONASS,16,6,4
2026-03-14T05:57:30.091Z,GLONASS,16,6,4
2026-03-14T05:57:30.091Z,GLONASS,18,4,4
2026-03-14T05:57:30.092Z,GLONASS,18,4,4
2026-03-14T05:57:30.092Z,Galileo,27,0,8
2026-03-14T05:57:30.092Z,Galileo,27,0,8
2026-03-14T05:57:30.093Z,GLONASS,16,6,4
2026-03-14T05:57:30.093Z,GLONASS,3,12,4
2026-03-14T05:57:30.120Z,QZSS,2,0,10
2026-03-14T05:57:31.127Z,Galileo,18,0,8
2026-03-14T05:57:31.129Z,Galileo,13,0,8
2026-03-14T05:57:31.131Z,Galileo,27,0,8
2026-03-14T05:57:31.303Z,Galileo,21,0,8
2026-03-14T05:57:31.305Z,Galileo,23,0,8
2026-03-14T05:57:31.307Z,Galileo,26,0,8
2026-03-14T05:57:32.060Z,Galileo,18,0,8
2026-03-14T05:57:32.076Z,Galileo,21,0,8
2026-03-14T05:57:32.077Z,Galileo,26,0,8
2026-03-14T05:57:32.081Z,Galileo,23,0,8
2026-03-14T05:57:32.082Z,Galileo,13,0,8
2026-03-14T05:57:32.082Z,GLONASS,19,10,4
2026-03-14T05:57:32.082Z,GLONASS,19,10,4
2026-03-14T05:57:32.082Z,Galileo,18,0,8
2026-03-14T05:57:32.082Z,Galileo,21,0,8
2026-03-14T05:57:32.083Z,GLONASS,9,5,4
2026-03-14T05:57:32.083Z,Galileo,26,0,8
2026-03-14T05:57:32.083Z,GLONASS,9,5,4
2026-03-14T05:57:32.083Z,Galileo,23,0,8
2026-03-14T05:57:32.083Z,GLONASS,9,5,4
2026-03-14T05:57:32.084Z,Galileo,13,0,8
2026-03-14T05:57:32.084Z,GLONASS,19,10,4
2026-03-14T05:57:32.087Z,GLONASS,4,13,4
2026-03-14T05:57:32.087Z,GLONASS,20,9,4
2026-03-14T05:57:32.087Z,GLONASS,3,12,4
2026-03-14T05:57:32.087Z,GLONASS,10,0,4
2026-03-14T05:57:32.088Z,GLONASS,4,13,4
2026-03-14T05:57:32.088Z,GLONASS,4,13,4
2026-03-14T05:57:32.088Z,GLONASS,3,12,4
2026-03-14T05:57:32.090Z,GLONASS,18,4,4
2026-03-14T05:57:32.091Z,GLONASS,16,6,4
2026-03-14T05:57:32.091Z,GLONASS,16,6,4
2026-03-14T05:57:32.091Z,GLONASS,18,4,4
2026-03-14T05:57:32.092Z,GLONASS,16,6,4
2026-03-14T05:57:32.095Z,Galileo,27,0,8
2026-03-14T05:57:32.147Z,GPS,3,0,10
2026-03-14T05:57:32.150Z,GPS,14,0,10
2026-03-14T05:57:32.157Z,GPS,17,0,10
2026-03-14T05:57:32.160Z,GPS,1,0,10
2026-03-14T05:57:32.164Z,GPS,6,0,10
2026-03-14T05:57:32.256Z,QZSS,7,0,10
2026-03-14T05:57:32.256Z,QZSS,2,0,10
2026-03-14T05:57:32.256Z,QZSS,3,0,10
2026-03-14T05:57:32.287Z,BeiDou,34,0,10
2026-03-14T05:57:32.287Z,Galileo,27,0,8
2026-03-14T05:57:32.287Z,GPS,3,0,10
2026-03-14T05:57:32.287Z,GPS,14,0,10
2026-03-14T05:57:32.287Z,GPS,17,0,10
2026-03-14T05:57:32.287Z,GPS,1,0,10
2026-03-14T05:57:32.288Z,GPS,6,0,10
2026-03-14T05:57:32.288Z,QZSS,7,0,10
2026-03-14T05:57:32.288Z,QZSS,2,0,10
2026-03-14T05:57:32.288Z,QZSS,3,0,10
2026-03-14T05:57:32.290Z,BeiDou,12,0,10
2026-03-14T05:57:32.291Z,BeiDou,11,0,10
2026-03-14T05:57:32.291Z,BeiDou,12,0,10
2026-03-14T05:57:32.291Z,BeiDou,11,0,10
2026-03-14T05:57:32.291Z,BeiDou,12,0,10
2026-03-14T05:57:32.291Z,BeiDou,11,0,10
2026-03-14T05:57:32.293Z,BeiDou,44,0,10
2026-03-14T05:57:32.294Z,BeiDou,21,0,10
2026-03-14T05:57:32.295Z,BeiDou,50,0,10
2026-03-14T05:57:32.296Z,BeiDou,22,0,10
2026-03-14T05:57:32.298Z,BeiDou,23,0,10
2026-03-14T05:57:32.300Z,BeiDou,42,0,10
2026-03-14T05:57:32.300Z,BeiDou,24,0,10
2026-03-14T05:57:32.334Z,BeiDou,56,0,10
2026-03-14T05:57:32.336Z,BeiDou,7,0,10
2026-03-14T05:57:32.336Z,BeiDou,40,0,10
2026-03-14T05:57:32.336Z,BeiDou,7,0,10
2026-03-14T05:57:32.337Z,BeiDou,7,0,10
2026-03-14T05:57:32.340Z,BeiDou,10,0,10
2026-03-14T05:57:32.340Z,BeiDou,10,0,10
2026-03-14T05:57:32.340Z,BeiDou,10,0,10
2026-03-14T05:57:32.343Z,BeiDou,38,0,10
2026-03-14T05:57:33.127Z,Galileo,18,0,8
2026-03-14T05:57:33.128Z,Galileo,13,0,8
2026-03-14T05:57:33.131Z,Galileo,27,0,8
2026-03-14T05:57:33.307Z,Galileo,21,0,8
2026-03-14T05:57:33.308Z,Galileo,23,0,8
2026-03-14T05:57:33.311Z,Galileo,26,0,8
2026-03-14T05:57:34.064Z,Galileo,18,0,8
2026-03-14T05:57:34.080Z,Galileo,21,0,8
2026-03-14T05:57:34.081Z,GLONASS,19,10,4
2026-03-14T05:57:34.082Z,GLONASS,19,10,4
2026-03-14T05:57:34.083Z,Galileo,18,0,8
2026-03-14T05:57:34.084Z,Galileo,26,0,8
2026-03-14T05:57:34.084Z,GLONASS,9,5,4
2026-03-14T05:57:34.084Z,Galileo,26,0,8
2026-03-14T05:57:34.084Z,Galileo,21,0,8
2026-03-14T05:57:34.085Z,Galileo,23,0,8
2026-03-14T05:57:34.085Z,Galileo,23,0,8
2026-03-14T05:57:34.086Z,Galileo,13,0,8
2026-03-14T05:57:34.086Z,Galileo,13,0,8
2026-03-14T05:57:34.086Z,GLONASS,19,10,4
2026-03-14T05:57:34.087Z,GLONASS,4,13,4
2026-03-14T05:57:34.087Z,GLONASS,3,12,4
2026-03-14T05:57:34.087Z,GLONASS,20,9,4
2026-03-14T05:57:34.088Z,Galileo,27,0,8
2026-03-14T05:57:34.088Z,GLONASS,10,0,4
2026-03-14T05:57:34.088Z,GLONASS,4,13,4
2026-03-14T05:57:34.088Z,GLONASS,3,12,4
2026-03-14T05:57:34.089Z,GLONASS,4,13,4
2026-03-14T05:57:34.089Z,GLONASS,3,12,4
2026-03-14T05:57:34.089Z,Galileo,27,0,8
2026-03-14T05:57:34.091Z,GLONASS,9,5,4
2026-03-14T05:57:34.091Z,GLONASS,18,4,4
2026-03-14T05:57:34.091Z,GLONASS,16,6,4
2026-03-14T05:57:34.091Z,GLONASS,16,6,4
2026-03-14T05:57:34.092Z,GLONASS,18,4,4
2026-03-14T05:57:34.092Z,GLONASS,18,4,4
2026-03-14T05:57:34.092Z,GLONASS,16,6,4
2026-03-14T05:57:34.302Z,SBAS,137,0,8
2026-03-14T05:57:35.134Z,Galileo,18,0,8
2026-03-14T05:57:35.137Z,Galileo,13,0,8
2026-03-14T05:57:35.139Z,Galileo,27,0,8
2026-03-14T05:57:35.301Z,SBAS,137,0,8
2026-03-14T05:57:35.305Z,Galileo,21,0,8
2026-03-14T05:57:35.308Z,Galileo,23,0,8
2026-03-14T05:57:35.310Z,Galileo,26,0,8
2026-03-14T05:57:36.056Z,Galileo,18,0,8
2026-03-14T05:57:36.061Z,GPS,3,0,10
2026-03-14T05:57:36.062Z,Galileo,18,0,8
2026-03-14T05:57:36.063Z,GPS,14,0,10
2026-03-14T05:57:36.065Z,GPS,22,0,10
2026-03-14T05:57:36.066Z,GPS,1,0,10
2026-03-14T05:57:36.066Z,GPS,17,0,10
2026-03-14T05:57:36.070Z,GPS,19,0,10
2026-03-14T05:57:36.076Z,Galileo,13,0,8
2026-03-14T05:57:36.076Z,GPS,2,0,10
2026-03-14T05:57:36.077Z,Galileo,13,0,8
2026-03-14T05:57:36.081Z,GLONASS,19,10,4
2026-03-14T05:57:36.082Z,GLONASS,19,10,4
2026-03-14T05:57:36.082Z,GLONASS,19,10,4
2026-03-14T05:57:36.082Z,GLONASS,9,5,4
2026-03-14T05:57:36.083Z,GLONASS,9,5,4
2026-03-14T05:57:36.084Z,Galileo,21,0,8
2026-03-14T05:57:36.087Z,Galileo,26,0,8
2026-03-14T05:57:36.087Z,GLONASS,4,13,4
2026-03-14T05:57:36.088Z,GLONASS,10,0,4
2026-03-14T05:57:36.088Z,GLONASS,4,13,4
2026-03-14T05:57:36.088Z,GLONASS,3,12,4
2026-03-14T05:57:36.088Z,GLONASS,9,5,4
2026-03-14T05:57:36.088Z,Galileo,21,0,8
2026-03-14T05:57:36.088Z,Galileo,26,0,8
2026-03-14T05:57:36.088Z,GLONASS,4,13,4
2026-03-14T05:57:36.090Z,GLONASS,18,4,4
2026-03-14T05:57:36.091Z,GLONASS,16,6,4
2026-03-14T05:57:36.091Z,GLONASS,16,6,4
2026-03-14T05:57:36.091Z,Galileo,23,0,8
2026-03-14T05:57:36.092Z,GLONASS,18,4,4
2026-03-14T05:57:36.092Z,GLONASS,18,4,4
2026-03-14T05:57:36.092Z,GLONASS,16,6,4
2026-03-14T05:57:36.092Z,Galileo,23,0,8
2026-03-14T05:57:36.093Z,Galileo,27,0,8
2026-03-14T05:57:36.118Z,QZSS,7,0,10
2026-03-14T05:57:36.118Z,Galileo,27,0,8
2026-03-14T05:57:36.123Z,QZSS,3,0,10
2026-03-14T05:57:36.307Z,SBAS,137,0,8
2026-03-14T05:57:37.133Z,Galileo,18,0,8
2026-03-14T05:57:37.135Z,Galileo,13,0,8
2026-03-14T05:57:37.137Z,Galileo,27,0,8
2026-03-14T05:57:37.307Z,Galileo,21,0,8
2026-03-14T05:57:37.309Z,Galileo,23,0,8
2026-03-14T05:57:37.312Z,Galileo,26,0,8
2026-03-14T05:57:38.060Z,Galileo,18,0,8
2026-03-14T05:57:38.076Z,Galileo,21,0,8
2026-03-14T05:57:38.077Z,Galileo,26,0,8
2026-03-14T05:57:38.080Z,Galileo,23,0,8
2026-03-14T05:57:38.081Z,GLONASS,19,10,4
2026-03-14T05:57:38.082Z,Galileo,13,0,8
2026-03-14T05:57:38.082Z,GLONASS,19,10,4
2026-03-14T05:57:38.082Z,GLONASS,9,5,4
2026-03-14T05:57:38.083Z,GLONASS,9,5,4
2026-03-14T05:57:38.083Z,Galileo,18,0,8
2026-03-14T05:57:38.083Z,Galileo,21,0,8
2026-03-14T05:57:38.083Z,Galileo,26,0,8
2026-03-14T05:57:38.084Z,Galileo,23,0,8
2026-03-14T05:57:38.084Z,Galileo,13,0,8
2026-03-14T05:57:38.084Z,GLONASS,19,10,4
2026-03-14T05:57:38.084Z,GLONASS,9,5,4
2026-03-14T05:57:38.086Z,GLONASS,10,0,4
2026-03-14T05:57:38.087Z,GLONASS,4,13,4
2026-03-14T05:57:38.087Z,GLONASS,3,12,4
2026-03-14T05:57:38.087Z,GLONASS,4,13,4
2026-03-14T05:57:38.088Z,GLONASS,3,12,4
2026-03-14T05:57:38.088Z,GLONASS,4,13,4
2026-03-14T05:57:38.088Z,GLONASS,3,12,4
2026-03-14T05:57:38.090Z,GLONASS,18,4,4
2026-03-14T05:57:38.091Z,GLONASS,16,6,4
2026-03-14T05:57:38.091Z,GLONASS,16,6,4
2026-03-14T05:57:38.091Z,GLONASS,18,4,4
2026-03-14T05:57:38.092Z,GLONASS,16,6,4
2026-03-14T05:57:38.095Z,Galileo,27,0,8
2026-03-14T05:57:38.287Z,BeiDou,34,0,10
2026-03-14T05:57:38.287Z,Galileo,27,0,8
2026-03-14T05:57:38.290Z,BeiDou,12,0,10
2026-03-14T05:57:38.290Z,BeiDou,11,0,10
2026-03-14T05:57:38.290Z,BeiDou,12,0,10
2026-03-14T05:57:38.290Z,BeiDou,11,0,10
2026-03-14T05:57:38.291Z,BeiDou,12,0,10
2026-03-14T05:57:38.291Z,BeiDou,11,0,10
2026-03-14T05:57:38.293Z,BeiDou,44,0,10
2026-03-14T05:57:38.293Z,BeiDou,21,0,10
2026-03-14T05:57:38.294Z,BeiDou,50,0,10
2026-03-14T05:57:38.295Z,BeiDou,22,0,10
2026-03-14T05:57:38.299Z,BeiDou,42,0,10
2026-03-14T05:57:38.300Z,BeiDou,24,0,10
2026-03-14T05:57:38.334Z,BeiDou,56,0,10
2026-03-14T05:57:38.336Z,BeiDou,7,0,10
2026-03-14T05:57:38.336Z,BeiDou,40,0,10
2026-03-14T05:57:38.336Z,BeiDou,7,0,10
2026-03-14T05:57:38.336Z,BeiDou,7,0,10
2026-03-14T05:57:38.340Z,BeiDou,10,0,10
2026-03-14T05:57:38.340Z,BeiDou,10,0,10
2026-03-14T05:57:38.340Z,BeiDou,10,0,10
2026-03-14T05:57:38.343Z,BeiDou,38,0,10
2026-03-14T05:57:38.348Z,BeiDou,8,0,10
2026-03-14T05:57:38.348Z,BeiDou,8,0,10
2026-03-14T05:57:38.521Z,SBAS,137,0,8
2026-03-14T05:57:38.521Z,BeiDou,8,0,10
2026-03-14T05:57:39.150Z,Galileo,18,0,8
2026-03-14T05:57:39.152Z,Galileo,13,0,8
2026-03-14T05:57:39.156Z,Galileo,27,0,8
2026-03-14T05:57:39.310Z,SBAS,137,0,8
2026-03-14T05:57:39.314Z,Galileo,21,0,8
2026-03-14T05:57:39.317Z,Galileo,23,0,8
2026-03-14T05:57:39.319Z,Galileo,26,0,8
2026-03-14T05:57:40.064Z,Galileo,18,0,8
2026-03-14T05:57:40.080Z,Galileo,21,0,8
2026-03-14T05:57:40.081Z,GLONASS,19,10,4
2026-03-14T05:57:40.081Z,GLONASS,19,10,4
2026-03-14T05:57:40.082Z,Galileo,26,0,8
2026-03-14T05:57:40.083Z,GLONASS,9,5,4
2026-03-14T05:57:40.083Z,Galileo,18,0,8
2026-03-14T05:57:40.084Z,GLONASS,9,5,4
2026-03-14T05:57:40.084Z,GLONASS,9,5,4
2026-03-14T05:57:40.084Z,Galileo,23,0,8
2026-03-14T05:57:40.085Z,Galileo,21,0,8
2026-03-14T05:57:40.085Z,Galileo,23,0,8
2026-03-14T05:57:40.085Z,GLONASS,19,10,4
2026-03-14T05:57:40.085Z,Galileo,26,0,8
2026-03-14T05:57:40.087Z,GLONASS,4,13,4
2026-03-14T05:57:40.087Z,Galileo,13,0,8
2026-03-14T05:57:40.087Z,GLONASS,3,12,4
2026-03-14T05:57:40.088Z,Galileo,27,0,8
2026-03-14T05:57:40.091Z,GLONASS,18,4,4
2026-03-14T05:57:40.091Z,GLONASS,16,6,4
2026-03-14T05:57:40.091Z,GLONASS,16,6,4
2026-03-14T05:57:40.091Z,GLONASS,18,4,4
2026-03-14T05:57:40.091Z,Galileo,13,0,8
2026-03-14T05:57:40.091Z,GLONASS,3,12,4
2026-03-14T05:57:40.091Z,Galileo,27,0,8
2026-03-14T05:57:40.092Z,GLONASS,18,4,4
2026-03-14T05:57:40.092Z,GLONASS,16,6,4
2026-03-14T05:57:40.308Z,SBAS,137,0,8
2026-03-14T05:57:41.128Z,Galileo,18,0,8
2026-03-14T05:57:41.131Z,Galileo,13,0,8
2026-03-14T05:57:41.132Z,Galileo,27,0,8
2026-03-14T05:57:41.308Z,Galileo,21,0,8
2026-03-14T05:57:41.310Z,Galileo,23,0,8
2026-03-14T05:57:41.312Z,Galileo,26,0,8
2026-03-14T05:57:42.056Z,Galileo,18,0,8
2026-03-14T05:57:42.061Z,GPS,3,0,10
2026-03-14T05:57:42.061Z,Galileo,18,0,8
2026-03-14T05:57:42.063Z,GPS,14,0,10
2026-03-14T05:57:42.065Z,GPS,22,0,10
2026-03-14T05:57:42.065Z,GPS,1,0,10
2026-03-14T05:57:42.066Z,GPS,17,0,10
2026-03-14T05:57:42.076Z,Galileo,13,0,8
2026-03-14T05:57:42.081Z,GLONASS,19,10,4
2026-03-14T05:57:42.081Z,GLONASS,19,10,4
2026-03-14T05:57:42.082Z,Galileo,13,0,8
2026-03-14T05:57:42.082Z,Galileo,23,0,8
2026-03-14T05:57:42.082Z,GLONASS,9,5,4
2026-03-14T05:57:42.083Z,GLONASS,9,5,4
2026-03-14T05:57:42.083Z,Galileo,23,0,8
2026-03-14T05:57:42.083Z,GLONASS,19,10,4
2026-03-14T05:57:42.083Z,GLONASS,9,5,4
2026-03-14T05:57:42.084Z,Galileo,21,0,8
2026-03-14T05:57:42.087Z,Galileo,26,0,8
2026-03-14T05:57:42.087Z,GLONASS,4,13,4
2026-03-14T05:57:42.087Z,GLONASS,3,12,4
2026-03-14T05:57:42.088Z,GLONASS,10,0,4
2026-03-14T05:57:42.088Z,GLONASS,4,13,4
2026-03-14T05:57:42.088Z,GLONASS,3,12,4
2026-03-14T05:57:42.088Z,Galileo,21,0,8
2026-03-14T05:57:42.088Z,Galileo,26,0,8
2026-03-14T05:57:42.089Z,GLONASS,4,13,4
2026-03-14T05:57:42.089Z,GLONASS,3,12,4
2026-03-14T05:57:42.090Z,GLONASS,18,4,4
2026-03-14T05:57:42.091Z,GLONASS,16,6,4
2026-03-14T05:57:42.091Z,GLONASS,16,6,4
2026-03-14T05:57:42.091Z,GLONASS,18,4,4
2026-03-14T05:57:42.091Z,Galileo,27,0,8
2026-03-14T05:57:42.092Z,Galileo,27,0,8
2026-03-14T05:57:42.092Z,GLONASS,16,6,4
2026-03-14T05:57:42.119Z,QZSS,2,0,10
2026-03-14T05:57:42.122Z,QZSS,3,0,10
2026-03-14T05:57:42.311Z,SBAS,137,0,8
2026-03-14T05:57:43.137Z,Galileo,18,0,8
2026-03-14T05:57:43.138Z,Galileo,13,0,8
2026-03-14T05:57:43.140Z,Galileo,27,0,8
2026-03-14T05:57:43.313Z,Galileo,21,0,8
2026-03-14T05:57:43.316Z,Galileo,23,0,8
2026-03-14T05:57:43.317Z,Galileo,26,0,8
2026-03-14T05:57:44.060Z,Galileo,18,0,8
2026-03-14T05:57:44.076Z,Galileo,21,0,8
2026-03-14T05:57:44.077Z,Galileo,26,0,8
2026-03-14T05:57:44.080Z,Galileo,13,0,8
2026-03-14T05:57:44.081Z,GLONASS,19,10,4
2026-03-14T05:57:44.082Z,GLONASS,9,5,4
2026-03-14T05:57:44.082Z,GLONASS,9,5,4
2026-03-14T05:57:44.083Z,Galileo,18,0,8
2026-03-14T05:57:44.083Z,Galileo,21,0,8
2026-03-14T05:57:44.083Z,Galileo,26,0,8
2026-03-14T05:57:44.083Z,Galileo,13,0,8
2026-03-14T05:57:44.084Z,GLONASS,19,10,4
2026-03-14T05:57:44.084Z,GLONASS,9,5,4
2026-03-14T05:57:44.087Z,Galileo,23,0,8
2026-03-14T05:57:44.087Z,GLONASS,10,0,4
2026-03-14T05:57:44.087Z,GLONASS,3,12,4
2026-03-14T05:57:44.087Z,GLONASS,4,13,4
2026-03-14T05:57:44.087Z,GLONASS,3,12,4
2026-03-14T05:57:44.088Z,Galileo,23,0,8
2026-03-14T05:57:44.088Z,GLONASS,3,12,4
2026-03-14T05:57:44.089Z,GLONASS,18,4,4
2026-03-14T05:57:44.091Z,GLONASS,16,6,4
2026-03-14T05:57:44.091Z,GLONASS,16,6,4
2026-03-14T05:57:44.091Z,GLONASS,18,4,4
2026-03-14T05:57:44.091Z,GLONASS,16,6,4
2026-03-14T05:57:44.094Z,GLONASS,5,8,4
2026-03-14T05:57:44.094Z,Galileo,27,0,8
2026-03-14T05:57:44.154Z,GPS,3,0,10
2026-03-14T05:57:44.157Z,GPS,14,0,10
2026-03-14T05:57:44.161Z,GPS,6,0,10
2026-03-14T05:57:44.261Z,GPS,17,0,10
2026-03-14T05:57:44.261Z,GPS,1,0,10
2026-03-14T05:57:44.261Z,QZSS,2,0,10
2026-03-14T05:57:44.262Z,QZSS,3,0,10
2026-03-14T05:57:44.262Z,QZSS,7,0,10
2026-03-14T05:57:44.286Z,BeiDou,34,0,10
2026-03-14T05:57:44.287Z,Galileo,27,0,8
2026-03-14T05:57:44.287Z,GPS,3,0,10
2026-03-14T05:57:44.287Z,GPS,14,0,10
2026-03-14T05:57:44.287Z,GPS,6,0,10
2026-03-14T05:57:44.287Z,GPS,17,0,10
2026-03-14T05:57:44.287Z,GPS,1,0,10
2026-03-14T05:57:44.288Z,QZSS,2,0,10
2026-03-14T05:57:44.288Z,QZSS,3,0,10
2026-03-14T05:57:44.288Z,QZSS,7,0,10
2026-03-14T05:57:44.290Z,BeiDou,12,0,10
2026-03-14T05:57:44.290Z,BeiDou,11,0,10
2026-03-14T05:57:44.290Z,BeiDou,12,0,10
2026-03-14T05:57:44.291Z,BeiDou,11,0,10
2026-03-14T05:57:44.291Z,BeiDou,12,0,10
2026-03-14T05:57:44.291Z,BeiDou,11,0,10
2026-03-14T05:57:44.293Z,BeiDou,21,0,10
2026-03-14T05:57:44.294Z,BeiDou,50,0,10
2026-03-14T05:57:44.298Z,BeiDou,23,0,10
2026-03-14T05:57:44.299Z,BeiDou,42,0,10
2026-03-14T05:57:44.300Z,BeiDou,24,0,10
2026-03-14T05:57:44.319Z,SBAS,137,0,8
2026-03-14T05:57:44.334Z,BeiDou,56,0,10
2026-03-14T05:57:44.335Z,BeiDou,7,0,10
2026-03-14T05:57:44.336Z,BeiDou,40,0,10
2026-03-14T05:57:44.336Z,BeiDou,7,0,10
2026-03-14T05:57:44.337Z,BeiDou,7,0,10
2026-03-14T05:57:44.339Z,BeiDou,10,0,10
2026-03-14T05:57:44.340Z,BeiDou,10,0,10
2026-03-14T05:57:44.340Z,BeiDou,10,0,10
2026-03-14T05:57:44.342Z,BeiDou,38,0,10
2026-03-14T05:57:44.348Z,BeiDou,8,0,10
2026-03-14T05:57:45.137Z,Galileo,18,0,8
2026-03-14T05:57:45.137Z,BeiDou,8,0,10
2026-03-14T05:57:45.139Z,Galileo,13,0,8
2026-03-14T05:57:45.141Z,Galileo,27,0,8
2026-03-14T05:57:45.310Z,SBAS,137,0,8
2026-03-14T05:57:45.314Z,Galileo,21,0,8
2026-03-14T05:57:45.317Z,Galileo,23,0,8
2026-03-14T05:57:45.318Z,Galileo,26,0,8
2026-03-14T05:57:46.064Z,Galileo,18,0,8
2026-03-14T05:57:46.077Z,Galileo,23,0,8
2026-03-14T05:57:46.080Z,Galileo,21,0,8
2026-03-14T05:57:46.081Z,GLONASS,19,10,4
2026-03-14T05:57:46.083Z,Galileo,18,0,8
2026-03-14T05:57:46.083Z,Galileo,26,0,8
2026-03-14T05:57:46.083Z,GLONASS,19,10,4
2026-03-14T05:57:46.083Z,GLONASS,9,5,4
2026-03-14T05:57:46.084Z,GLONASS,9,5,4
2026-03-14T05:57:46.084Z,Galileo,26,0,8
2026-03-14T05:57:46.084Z,Galileo,13,0,8
2026-03-14T05:57:46.085Z,Galileo,23,0,8
2026-03-14T05:57:46.085Z,Galileo,13,0,8
2026-03-14T05:57:46.085Z,Galileo,21,0,8
2026-03-14T05:57:46.085Z,GLONASS,19,10,4
2026-03-14T05:57:46.085Z,GLONASS,9,5,4
2026-03-14T05:57:46.087Z,GLONASS,4,13,4
2026-03-14T05:57:46.087Z,GLONASS,3,12,4
2026-03-14T05:57:46.087Z,GLONASS,20,9,4
2026-03-14T05:57:46.087Z,GLONASS,10,0,4
2026-03-14T05:57:46.088Z,GLONASS,4,13,4
2026-03-14T05:57:46.088Z,Galileo,27,0,8
2026-03-14T05:57:46.088Z,GLONASS,4,13,4
2026-03-14T05:57:46.088Z,GLONASS,3,12,4
2026-03-14T05:57:46.088Z,Galileo,27,0,8
2026-03-14T05:57:46.090Z,GLONASS,18,4,4
2026-03-14T05:57:46.091Z,GLONASS,16,6,4
2026-03-14T05:57:46.091Z,GLONASS,16,6,4
2026-03-14T05:57:46.091Z,GLONASS,18,4,4
2026-03-14T05:57:46.091Z,GLONASS,16,6,4
2026-03-14T05:57:46.094Z,GLONASS,5,8,4
2026-03-14T05:57:47.136Z,Galileo,18,0,8
2026-03-14T05:57:47.138Z,Galileo,13,0,8
2026-03-14T05:57:47.140Z,Galileo,27,0,8
2026-03-14T05:57:47.300Z,SBAS,137,0,8
2026-03-14T05:57:47.303Z,Galileo,21,0,8
2026-03-14T05:57:47.305Z,Galileo,23,0,8
2026-03-14T05:57:47.307Z,Galileo,26,0,8
2026-03-14T05:57:48.056Z,Galileo,18,0,8
2026-03-14T05:57:48.061Z,GPS,3,0,10
2026-03-14T05:57:48.061Z,Galileo,18,0,8
2026-03-14T05:57:48.063Z,GPS,14,0,10
2026-03-14T05:57:48.065Z,GPS,22,0,10
2026-03-14T05:57:48.065Z,GPS,1,0,10
2026-03-14T05:57:48.066Z,GPS,17,0,10
2026-03-14T05:57:48.070Z,GPS,19,0,10
2026-03-14T05:57:48.076Z,Galileo,13,0,8
2026-03-14T05:57:48.081Z,GLONASS,19,10,4
2026-03-14T05:57:48.081Z,GLONASS,19,10,4
2026-03-14T05:57:48.081Z,Galileo,23,0,8
2026-03-14T05:57:48.082Z,Galileo,13,0,8
2026-03-14T05:57:48.082Z,GLONASS,19,10,4
2026-03-14T05:57:48.082Z,GLONASS,9,5,4
2026-03-14T05:57:48.083Z,GLONASS,9,5,4
2026-03-14T05:57:48.083Z,Galileo,23,0,8
2026-03-14T05:57:48.084Z,Galileo,21,0,8
2026-03-14T05:57:48.085Z,Galileo,26,0,8
2026-03-14T05:57:48.087Z,GLONASS,4,13,4
2026-03-14T05:57:48.087Z,GLONASS,3,12,4
2026-03-14T05:57:48.087Z,GLONASS,10,0,4
2026-03-14T05:57:48.087Z,GLONASS,4,13,4
2026-03-14T05:57:48.088Z,GLONASS,3,12,4
2026-03-14T05:57:48.088Z,Galileo,21,0,8
2026-03-14T05:57:48.088Z,Galileo,26,0,8
2026-03-14T05:57:48.088Z,GLONASS,4,13,4
2026-03-14T05:57:48.088Z,GLONASS,3,12,4
2026-03-14T05:57:48.089Z,GLONASS,18,4,4
2026-03-14T05:57:48.090Z,GLONASS,16,6,4
2026-03-14T05:57:48.090Z,GLONASS,16,6,4
2026-03-14T05:57:48.091Z,GLONASS,16,6,4
2026-03-14T05:57:48.091Z,Galileo,27,0,8
2026-03-14T05:57:48.091Z,Galileo,27,0,8
2026-03-14T05:57:48.094Z,GLONASS,5,8,4
2026-03-14T05:57:48.119Z,QZSS,2,0,10
2026-03-14T05:57:48.122Z,QZSS,3,0,10
2026-03-14T05:57:48.310Z,SBAS,137,0,8
2026-03-14T05:57:49.136Z,Galileo,18,0,8
2026-03-14T05:57:49.138Z,Galileo,13,0,8
2026-03-14T05:57:49.140Z,Galileo,27,0,8
2026-03-14T05:57:49.318Z,SBAS,137,0,8
2026-03-14T05:57:49.321Z,Galileo,21,0,8
2026-03-14T05:57:49.324Z,Galileo,23,0,8
2026-03-14T05:57:49.327Z,Galileo,26,0,8
2026-03-14T05:57:50.060Z,Galileo,18,0,8
2026-03-14T05:57:50.076Z,Galileo,21,0,8
2026-03-14T05:57:50.077Z,Galileo,26,0,8
2026-03-14T05:57:50.080Z,Galileo,13,0,8
2026-03-14T05:57:50.081Z,GLONASS,19,10,4
2026-03-14T05:57:50.081Z,GLONASS,19,10,4
2026-03-14T05:57:50.082Z,Galileo,18,0,8
2026-03-14T05:57:50.082Z,GLONASS,9,5,4
2026-03-14T05:57:50.083Z,GLONASS,9,5,4
2026-03-14T05:57:50.083Z,Galileo,21,0,8
2026-03-14T05:57:50.083Z,Galileo,26,0,8
2026-03-14T05:57:50.083Z,Galileo,13,0,8
2026-03-14T05:57:50.083Z,GLONASS,19,10,4
2026-03-14T05:57:50.085Z,Galileo,23,0,8
2026-03-14T05:57:50.086Z,GLONASS,20,9,4
2026-03-14T05:57:50.087Z,GLONASS,4,13,4
2026-03-14T05:57:50.087Z,GLONASS,3,12,4
2026-03-14T05:57:50.087Z,GLONASS,10,0,4
2026-03-14T05:57:50.087Z,GLONASS,4,13,4
2026-03-14T05:57:50.087Z,Galileo,23,0,8
2026-03-14T05:57:50.088Z,GLONASS,4,13,4
2026-03-14T05:57:50.088Z,GLONASS,3,12,4
2026-03-14T05:57:50.089Z,GLONASS,18,4,4
2026-03-14T05:57:50.091Z,GLONASS,16,6,4
2026-03-14T05:57:50.091Z,GLONASS,16,6,4
2026-03-14T05:57:50.091Z,GLONASS,18,4,4
2026-03-14T05:57:50.091Z,GLONASS,16,6,4
2026-03-14T05:57:50.094Z,Galileo,27,0,8
2026-03-14T05:57:50.094Z,GLONASS,5,8,4
2026-03-14T05:57:50.095Z,Galileo,27,0,8
2026-03-14T05:57:50.286Z,BeiDou,34,0,10
2026-03-14T05:57:50.290Z,BeiDou,12,0,10
2026-03-14T05:57:50.290Z,BeiDou,11,0,10
2026-03-14T05:57:50.290Z,BeiDou,12,0,10
2026-03-14T05:57:50.290Z,BeiDou,11,0,10
2026-03-14T05:57:50.291Z,BeiDou,12,0,10
2026-03-14T05:57:50.291Z,BeiDou,11,0,10
2026-03-14T05:57:50.293Z,BeiDou,44,0,10
2026-03-14T05:57:50.293Z,BeiDou,21,0,10
2026-03-14T05:57:50.294Z,BeiDou,50,0,10
2026-03-14T05:57:50.298Z,BeiDou,23,0,10
2026-03-14T05:57:50.299Z,BeiDou,42,0,10
2026-03-14T05:57:50.300Z,BeiDou,24,0,10
2026-03-14T05:57:50.334Z,BeiDou,56,0,10
2026-03-14T05:57:50.336Z,BeiDou,7,0,10
2026-03-14T05:57:50.336Z,BeiDou,40,0,10
2026-03-14T05:57:50.336Z,BeiDou,7,0,10
2026-03-14T05:57:50.337Z,BeiDou,7,0,10
2026-03-14T05:57:50.339Z,BeiDou,10,0,10
2026-03-14T05:57:50.340Z,BeiDou,10,0,10
2026-03-14T05:57:50.340Z,BeiDou,10,0,10
2026-03-14T05:57:50.348Z,BeiDou,8,0,10
2026-03-14T05:57:51.157Z,Galileo,18,0,8
2026-03-14T05:57:51.157Z,BeiDou,8,0,10
2026-03-14T05:57:51.160Z,Galileo,13,0,8
2026-03-14T05:57:51.162Z,Galileo,27,0,8
2026-03-14T05:57:51.328Z,SBAS,137,0,8
2026-03-14T05:57:51.332Z,Galileo,21,0,8
2026-03-14T05:57:51.335Z,Galileo,23,0,8
2026-03-14T05:57:51.337Z,Galileo,26,0,8
2026-03-14T05:57:52.063Z,Galileo,18,0,8
2026-03-14T05:57:52.077Z,Galileo,23,0,8
2026-03-14T05:57:52.080Z,Galileo,21,0,8
2026-03-14T05:57:52.081Z,Galileo,26,0,8
2026-03-14T05:57:52.081Z,GLONASS,19,10,4
2026-03-14T05:57:52.083Z,GLONASS,9,5,4
2026-03-14T05:57:52.083Z,GLONASS,19,10,4
2026-03-14T05:57:52.083Z,GLONASS,9,5,4
2026-03-14T05:57:52.084Z,Galileo,18,0,8
2026-03-14T05:57:52.084Z,Galileo,13,0,8
2026-03-14T05:57:52.084Z,Galileo,13,0,8
2026-03-14T05:57:52.085Z,Galileo,23,0,8
2026-03-14T05:57:52.086Z,Galileo,21,0,8
2026-03-14T05:57:52.087Z,GLONASS,4,13,4
2026-03-14T05:57:52.087Z,GLONASS,3,12,4
2026-03-14T05:57:52.087Z,Galileo,27,0,8
2026-03-14T05:57:52.088Z,GLONASS,20,9,4
2026-03-14T05:57:52.088Z,GLONASS,10,0,4
2026-03-14T05:57:52.088Z,GLONASS,4,13,4
2026-03-14T05:57:52.088Z,GLONASS,3,12,4
2026-03-14T05:57:52.088Z,GLONASS,4,13,4
2026-03-14T05:57:52.088Z,GLONASS,3,12,4
2026-03-14T05:57:52.090Z,GLONASS,18,4,4
2026-03-14T05:57:52.090Z,GLONASS,16,6,4
2026-03-14T05:57:52.090Z,GLONASS,16,6,4
2026-03-14T05:57:52.091Z,GLONASS,18,4,4
2026-03-14T05:57:52.091Z,GLONASS,18,4,4
2026-03-14T05:57:52.091Z,GLONASS,16,6,4
2026-03-14T05:57:52.091Z,Galileo,27,0,8
2026-03-14T05:57:52.091Z,Galileo,26,0,8
2026-03-14T05:57:52.092Z,GLONASS,19,10,4
2026-03-14T05:57:52.092Z,GLONASS,9,5,4
2026-03-14T05:57:52.094Z,GLONASS,5,8,4
2026-03-14T05:57:52.308Z,SBAS,137,0,8
2026-03-14T05:57:53.133Z,Galileo,18,0,8
2026-03-14T05:57:53.136Z,Galileo,13,0,8
2026-03-14T05:57:53.137Z,Galileo,27,0,8
2026-03-14T05:57:53.308Z,SBAS,137,0,8
2026-03-14T05:57:53.310Z,Galileo,21,0,8
2026-03-14T05:57:53.312Z,Galileo,23,0,8
2026-03-14T05:57:53.314Z,Galileo,26,0,8
2026-03-14T05:57:54.056Z,Galileo,18,0,8
2026-03-14T05:57:54.061Z,GPS,3,0,10
2026-03-14T05:57:54.061Z,Galileo,18,0,8
2026-03-14T05:57:54.063Z,GPS,14,0,10
2026-03-14T05:57:54.065Z,GPS,22,0,10
2026-03-14T05:57:54.065Z,GPS,1,0,10
2026-03-14T05:57:54.066Z,GPS,17,0,10
2026-03-14T05:57:54.070Z,GPS,19,0,10
2026-03-14T05:57:54.076Z,Galileo,13,0,8
2026-03-14T05:57:54.081Z,GLONASS,19,10,4
2026-03-14T05:57:54.081Z,GLONASS,19,10,4
2026-03-14T05:57:54.082Z,Galileo,23,0,8
2026-03-14T05:57:54.082Z,GLONASS,9,5,4
2026-03-14T05:57:54.082Z,Galileo,13,0,8
2026-03-14T05:57:54.082Z,GLONASS,19,10,4
2026-03-14T05:57:54.083Z,Galileo,23,0,8
2026-03-14T05:57:54.083Z,Galileo,21,0,8
2026-03-14T05:57:54.085Z,Galileo,26,0,8
2026-03-14T05:57:54.087Z,GLONASS,4,13,4
2026-03-14T05:57:54.087Z,GLONASS,3,12,4
2026-03-14T05:57:54.087Z,GLONASS,20,9,4
2026-03-14T05:57:54.087Z,GLONASS,10,0,4
2026-03-14T05:57:54.088Z,GLONASS,4,13,4
2026-03-14T05:57:54.088Z,GLONASS,3,12,4
2026-03-14T05:57:54.088Z,Galileo,21,0,8
2026-03-14T05:57:54.088Z,Galileo,26,0,8
2026-03-14T05:57:54.088Z,GLONASS,4,13,4
2026-03-14T05:57:54.089Z,GLONASS,3,12,4
2026-03-14T05:57:54.090Z,GLONASS,16,6,4
2026-03-14T05:57:54.090Z,GLONASS,16,6,4
2026-03-14T05:57:54.091Z,Galileo,27,0,8
2026-03-14T05:57:54.094Z,GLONASS,5,8,4
2026-03-14T05:57:54.094Z,GLONASS,16,6,4
2026-03-14T05:57:54.094Z,Galileo,27,0,8
2026-03-14T05:57:54.122Z,QZSS,3,0,10
2026-03-14T05:57:54.301Z,SBAS,137,0,8
2026-03-14T05:57:55.131Z,Galileo,18,0,8
2026-03-14T05:57:55.134Z,Galileo,13,0,8
2026-03-14T05:57:55.136Z,Galileo,27,0,8
2026-03-14T05:57:55.303Z,SBAS,137,0,8
2026-03-14T05:57:55.304Z,Galileo,21,0,8
2026-03-14T05:57:55.307Z,Galileo,23,0,8
2026-03-14T05:57:55.308Z,Galileo,26,0,8
2026-03-14T05:57:56.060Z,Galileo,18,0,8
2026-03-14T05:57:56.075Z,Galileo,21,0,8
2026-03-14T05:57:56.076Z,Galileo,26,0,8
2026-03-14T05:57:56.080Z,Galileo,13,0,8
2026-03-14T05:57:56.081Z,GLONASS,19,10,4
2026-03-14T05:57:56.082Z,GLONASS,9,5,4
2026-03-14T05:57:56.082Z,GLONASS,9,5,4
2026-03-14T05:57:56.082Z,Galileo,18,0,8
2026-03-14T05:57:56.083Z,Galileo,21,0,8
2026-03-14T05:57:56.083Z,Galileo,26,0,8
2026-03-14T05:57:56.083Z,Galileo,13,0,8
2026-03-14T05:57:56.083Z,GLONASS,19,10,4
2026-03-14T05:57:56.083Z,GLONASS,9,5,4
2026-03-14T05:57:56.085Z,Galileo,23,0,8
2026-03-14T05:57:56.086Z,GLONASS,20,9,4
2026-03-14T05:57:56.087Z,GLONASS,4,13,4
2026-03-14T05:57:56.087Z,GLONASS,3,12,4
2026-03-14T05:57:56.087Z,GLONASS,10,0,4
2026-03-14T05:57:56.087Z,GLONASS,4,13,4
2026-03-14T05:57:56.087Z,GLONASS,3,12,4
2026-03-14T05:57:56.088Z,Galileo,23,0,8
2026-03-14T05:57:56.088Z,GLONASS,4,13,4
2026-03-14T05:57:56.088Z,GLONASS,3,12,4
2026-03-14T05:57:56.094Z,GLONASS,5,8,4
2026-03-14T05:57:56.094Z,Galileo,27,0,8
2026-03-14T05:57:56.146Z,GPS,3,0,10
2026-03-14T05:57:56.149Z,GPS,14,0,10
2026-03-14T05:57:56.156Z,GPS,17,0,10
2026-03-14T05:57:56.159Z,GPS,1,0,10
2026-03-14T05:57:56.255Z,QZSS,7,0,10
2026-03-14T05:57:56.255Z,QZSS,2,0,10
2026-03-14T05:57:56.255Z,QZSS,3,0,10
2026-03-14T05:57:56.290Z,BeiDou,12,0,10
2026-03-14T05:57:56.290Z,BeiDou,11,0,10
2026-03-14T05:57:56.290Z,BeiDou,12,0,10
2026-03-14T05:57:56.290Z,BeiDou,11,0,10
2026-03-14T05:57:56.290Z,Galileo,27,0,8
2026-03-14T05:57:56.290Z,GPS,3,0,10
2026-03-14T05:57:56.291Z,GPS,14,0,10
2026-03-14T05:57:56.291Z,GPS,17,0,10
2026-03-14T05:57:56.291Z,GPS,1,0,10
2026-03-14T05:57:56.291Z,QZSS,7,0,10
2026-03-14T05:57:56.291Z,QZSS,2,0,10
2026-03-14T05:57:56.291Z,QZSS,3,0,10
2026-03-14T05:57:56.292Z,BeiDou,12,0,10
2026-03-14T05:57:56.292Z,BeiDou,11,0,10
2026-03-14T05:57:56.293Z,BeiDou,44,0,10
2026-03-14T05:57:56.293Z,BeiDou,21,0,10
2026-03-14T05:57:56.294Z,BeiDou,50,0,10
2026-03-14T05:57:56.295Z,BeiDou,22,0,10
2026-03-14T05:57:56.295Z,BeiDou,43,0,10
2026-03-14T05:57:56.298Z,BeiDou,23,0,10
2026-03-14T05:57:56.299Z,BeiDou,42,0,10
2026-03-14T05:57:56.314Z,SBAS,137,0,8
2026-03-14T05:57:56.334Z,BeiDou,56,0,10
2026-03-14T05:57:56.335Z,BeiDou,7,0,10
2026-03-14T05:57:56.335Z,BeiDou,7,0,10
2026-03-14T05:57:56.336Z,BeiDou,7,0,10
2026-03-14T05:57:56.339Z,BeiDou,10,0,10
2026-03-14T05:57:56.339Z,BeiDou,10,0,10
2026-03-14T05:57:56.340Z,BeiDou,10,0,10
2026-03-14T05:57:56.342Z,BeiDou,38,0,10
2026-03-14T05:57:57.125Z,Galileo,18,0,8
2026-03-14T05:57:57.127Z,Galileo,13,0,8
2026-03-14T05:57:57.129Z,Galileo,27,0,8
2026-03-14T05:57:57.312Z,SBAS,137,0,8
2026-03-14T05:57:57.315Z,Galileo,21,0,8
2026-03-14T05:57:57.317Z,Galileo,23,0,8
2026-03-14T05:57:57.319Z,Galileo,26,0,8
2026-03-14T05:57:58.063Z,Galileo,18,0,8
2026-03-14T05:57:58.077Z,Galileo,23,0,8
2026-03-14T05:57:58.080Z,Galileo,21,0,8
2026-03-14T05:57:58.081Z,GLONASS,19,10,4
2026-03-14T05:57:58.083Z,Galileo,18,0,8
2026-03-14T05:57:58.083Z,Galileo,26,0,8
2026-03-14T05:57:58.083Z,GLONASS,19,10,4
2026-03-14T05:57:58.083Z,GLONASS,9,5,4
2026-03-14T05:57:58.083Z,GLONASS,9,5,4
2026-03-14T05:57:58.084Z,Galileo,13,0,8
2026-03-14T05:57:58.084Z,Galileo,26,0,8
2026-03-14T05:57:58.084Z,Galileo,23,0,8
2026-03-14T05:57:58.085Z,Galileo,21,0,8
2026-03-14T05:57:58.086Z,GLONASS,19,10,4
2026-03-14T05:57:58.087Z,GLONASS,4,13,4
2026-03-14T05:57:58.087Z,GLONASS,20,9,4
2026-03-14T05:57:58.087Z,GLONASS,3,12,4
2026-03-14T05:57:58.087Z,Galileo,27,0,8
2026-03-14T05:57:58.088Z,GLONASS,20,9,4
2026-03-14T05:57:58.088Z,GLONASS,10,0,4
2026-03-14T05:57:58.088Z,GLONASS,4,13,4
2026-03-14T05:57:58.088Z,GLONASS,4,13,4
2026-03-14T05:57:58.088Z,GLONASS,20,9,4
2026-03-14T05:57:58.088Z,GLONASS,3,12,4
2026-03-14T05:57:58.089Z,Galileo,27,0,8
2026-03-14T05:57:58.089Z,GLONASS,9,5,4
2026-03-14T05:57:58.089Z,Galileo,13,0,8
2026-03-14T05:57:58.094Z,GLONASS,5,8,4
2026-03-14T05:57:58.306Z,SBAS,137,0,8
2026-03-14T05:57:59.133Z,Galileo,18,0,8
2026-03-14T05:57:59.136Z,Galileo,13,0,8
2026-03-14T05:57:59.137Z,Galileo,27,0,8
2026-03-14T05:57:59.311Z,SBAS,137,0,8
2026-03-14T05:57:59.313Z,Galileo,21,0,8
2026-03-14T05:57:59.316Z,Galileo,23,0,8
2026-03-14T05:57:59.317Z,Galileo,26,0,8
2026-03-14T05:58:00.058Z,Galileo,18,0,8
2026-03-14T05:58:00.061Z,GPS,3,0,10
2026-03-14T05:58:00.061Z,Galileo,18,0,8
2026-03-14T05:58:00.063Z,GPS,14,0,10
2026-03-14T05:58:00.065Z,GPS,22,0,10
2026-03-14T05:58:00.065Z,GPS,1,0,10
2026-03-14T05:58:00.066Z,GPS,17,0,10
2026-03-14T05:58:00.070Z,GPS,19,0,10
2026-03-14T05:58:00.075Z,Galileo,13,0,8
2026-03-14T05:58:00.081Z,GLONASS,19,10,4
2026-03-14T05:58:00.081Z,GLONASS,19,10,4
2026-03-14T05:58:00.081Z,Galileo,13,0,8
2026-03-14T05:58:00.082Z,GLONASS,19,10,4
2026-03-14T05:58:00.082Z,GLONASS,9,5,4
2026-03-14T05:58:00.083Z,Galileo,23,0,8
2026-03-14T05:58:00.084Z,Galileo,26,0,8
2026-03-14T05:58:00.087Z,GLONASS,4,13,4
2026-03-14T05:58:00.087Z,GLONASS,3,12,4
2026-03-14T05:58:00.087Z,GLONASS,20,9,4
2026-03-14T05:58:00.087Z,GLONASS,10,0,4
2026-03-14T05:58:00.088Z,GLONASS,4,13,4
2026-03-14T05:58:00.088Z,Galileo,23,0,8
2026-03-14T05:58:00.088Z,Galileo,26,0,8
2026-03-14T05:58:00.088Z,GLONASS,4,13,4
2026-03-14T05:58:00.088Z,GLONASS,3,12,4
2026-03-14T05:58:00.090Z,GLONASS,18,4,4
2026-03-14T05:58:00.090Z,GLONASS,18,4,4
2026-03-14T05:58:00.091Z,Galileo,21,0,8
2026-03-14T05:58:00.092Z,Galileo,27,0,8
2026-03-14T05:58:00.094Z,GLONASS,5,8,4
2026-03-14T05:58:00.094Z,GLONASS,5,8,4
2026-03-14T05:58:00.094Z,Galileo,21,0,8
2026-03-14T05:58:00.095Z,Galileo,27,0,8
2026-03-14T05:58:00.095Z,GLONASS,5,8,4
2026-03-14T05:58:00.118Z,QZSS,7,0,10
2026-03-14T05:58:00.119Z,QZSS,2,0,10
2026-03-14T05:58:00.122Z,QZSS,3,0,10
2026-03-14T05:58:00.319Z,SBAS,137,0,8
2026-03-14T05:58:01.147Z,Galileo,18,0,8
2026-03-14T05:58:01.148Z,Galileo,13,0,8
2026-03-14T05:58:01.151Z,Galileo,27,0,8
2026-03-14T05:58:01.318Z,SBAS,137,0,8
2026-03-14T05:58:01.320Z,Galileo,21,0,8
2026-03-14T05:58:01.323Z,Galileo,23,0,8
2026-03-14T05:58:01.325Z,Galileo,26,0,8
2026-03-14T05:58:02.060Z,Galileo,18,0,8
2026-03-14T05:58:02.076Z,Galileo,21,0,8
2026-03-14T05:58:02.077Z,Galileo,26,0,8
2026-03-14T05:58:02.080Z,Galileo,13,0,8
2026-03-14T05:58:02.081Z,GLONASS,19,10,4
2026-03-14T05:58:02.082Z,GLONASS,9,5,4
2026-03-14T05:58:02.082Z,Galileo,18,0,8
2026-03-14T05:58:02.082Z,Galileo,21,0,8
2026-03-14T05:58:02.082Z,Galileo,26,0,8
2026-03-14T05:58:02.082Z,Galileo,13,0,8
2026-03-14T05:58:02.083Z,GLONASS,19,10,4
2026-03-14T05:58:02.085Z,Galileo,23,0,8
2026-03-14T05:58:02.086Z,GLONASS,4,13,4
2026-03-14T05:58:02.086Z,GLONASS,20,9,4
2026-03-14T05:58:02.087Z,GLONASS,10,0,4
2026-03-14T05:58:02.087Z,GLONASS,4,13,4
2026-03-14T05:58:02.087Z,GLONASS,3,12,4
2026-03-14T05:58:02.087Z,Galileo,23,0,8
2026-03-14T05:58:02.087Z,GLONASS,4,13,4
2026-03-14T05:58:02.094Z,GLONASS,5,8,4
2026-03-14T05:58:02.094Z,GLONASS,5,8,4
2026-03-14T05:58:02.094Z,GLONASS,5,8,4
2026-03-14T05:58:02.095Z,Galileo,27,0,8
2026-03-14T05:58:02.095Z,Galileo,27,0,8
2026-03-14T05:58:02.286Z,BeiDou,34,0,10
2026-03-14T05:58:02.289Z,BeiDou,12,0,10
2026-03-14T05:58:02.289Z,BeiDou,11,0,10
2026-03-14T05:58:02.290Z,BeiDou,12,0,10
2026-03-14T05:58:02.290Z,BeiDou,11,0,10
2026-03-14T05:58:02.290Z,BeiDou,12,0,10
2026-03-14T05:58:02.290Z,BeiDou,11,0,10
2026-03-14T05:58:02.292Z,BeiDou,25,0,10
2026-03-14T05:58:02.293Z,BeiDou,21,0,10
2026-03-14T05:58:02.295Z,BeiDou,43,0,10
2026-03-14T05:58:02.299Z,BeiDou,42,0,10
2026-03-14T05:58:02.316Z,SBAS,137,0,8
2026-03-14T05:58:02.334Z,BeiDou,56,0,10
2026-03-14T05:58:02.335Z,BeiDou,7,0,10
2026-03-14T05:58:02.339Z,BeiDou,10,0,10
2026-03-14T05:58:02.339Z,BeiDou,10,0,10
2026-03-14T05:58:02.342Z,BeiDou,38,0,10
2026-03-14T05:58:02.342Z,BeiDou,10,0,10
2026-03-14T05:58:03.139Z,Galileo,18,0,8
2026-03-14T05:58:03.141Z,Galileo,13,0,8
2026-03-14T05:58:03.142Z,Galileo,27,0,8
2026-03-14T05:58:03.295Z,SBAS,137,0,8
2026-03-14T05:58:03.298Z,Galileo,21,0,8
2026-03-14T05:58:03.300Z,Galileo,23,0,8
2026-03-14T05:58:03.301Z,Galileo,26,0,8
2026-03-14T05:58:04.063Z,Galileo,18,0,8
2026-03-14T05:58:04.077Z,Galileo,23,0,8
2026-03-14T05:58:04.079Z,Galileo,21,0,8
2026-03-14T05:58:04.081Z,GLONASS,19,10,4
2026-03-14T05:58:04.083Z,Galileo,18,0,8
2026-03-14T05:58:04.083Z,Galileo,26,0,8
2026-03-14T05:58:04.083Z,GLONASS,19,10,4
2026-03-14T05:58:04.083Z,GLONASS,9,5,4
2026-03-14T05:58:04.083Z,GLONASS,9,5,4
2026-03-14T05:58:04.084Z,Galileo,13,0,8
2026-03-14T05:58:04.084Z,Galileo,26,0,8
2026-03-14T05:58:04.084Z,Galileo,23,0,8
2026-03-14T05:58:04.085Z,Galileo,21,0,8
2026-03-14T05:58:04.085Z,GLONASS,19,10,4
2026-03-14T05:58:04.086Z,GLONASS,9,5,4
2026-03-14T05:58:04.086Z,GLONASS,20,9,4
2026-03-14T05:58:04.086Z,GLONASS,10,0,4
2026-03-14T05:58:04.086Z,GLONASS,4,13,4
2026-03-14T05:58:04.087Z,Galileo,13,0,8
2026-03-14T05:58:04.087Z,GLONASS,4,13,4
2026-03-14T05:58:04.088Z,Galileo,27,0,8
2026-03-14T05:58:04.094Z,GLONASS,5,8,4
2026-03-14T05:58:04.094Z,GLONASS,5,8,4
2026-03-14T05:58:04.095Z,GLONASS,4,13,4
2026-03-14T05:58:04.095Z,Galileo,27,0,8
2026-03-14T05:58:04.095Z,GLONASS,5,8,4
2026-03-14T05:58:04.300Z,SBAS,137,0,8
2026-03-14T05:58:05.121Z,Galileo,18,0,8
2026-03-14T05:58:05.123Z,Galileo,13,0,8
2026-03-14T05:58:05.125Z,Galileo,27,0,8
2026-03-14T05:58:05.304Z,Galileo,21,0,8
2026-03-14T05:58:05.306Z,Galileo,23,0,8
2026-03-14T05:58:05.308Z,Galileo,26,0,8
2026-03-14T05:58:05.508Z,SBAS,137,0,8
2026-03-14T05:58:06.056Z,Galileo,18,0,8
2026-03-14T05:58:06.061Z,GPS,3,0,10
2026-03-14T05:58:06.061Z,Galileo,18,0,8
2026-03-14T05:58:06.062Z,GPS,14,0,10
2026-03-14T05:58:06.065Z,GPS,22,0,10
2026-03-14T05:58:06.065Z,GPS,1,0,10
2026-03-14T05:58:06.066Z,GPS,17,0,10
2026-03-14T05:58:06.069Z,GPS,19,0,10
2026-03-14T05:58:06.076Z,Galileo,13,0,8
2026-03-14T05:58:06.081Z,GLONASS,19,10,4
2026-03-14T05:58:06.081Z,GLONASS,19,10,4
2026-03-14T05:58:06.081Z,Galileo,13,0,8
2026-03-14T05:58:06.082Z,Galileo,23,0,8
2026-03-14T05:58:06.082Z,GLONASS,9,5,4
2026-03-14T05:58:06.082Z,Galileo,23,0,8
2026-03-14T05:58:06.083Z,GLONASS,19,10,4
2026-03-14T05:58:06.083Z,GLONASS,9,5,4
2026-03-14T05:58:06.083Z,GLONASS,9,5,4
2026-03-14T05:58:06.084Z,Galileo,21,0,8
2026-03-14T05:58:06.087Z,Galileo,26,0,8
2026-03-14T05:58:06.087Z,GLONASS,4,13,4
2026-03-14T05:58:06.087Z,GLONASS,20,9,4
2026-03-14T05:58:06.087Z,GLONASS,10,0,4
2026-03-14T05:58:06.087Z,GLONASS,4,13,4
2026-03-14T05:58:06.087Z,GLONASS,3,12,4
2026-03-14T05:58:06.088Z,Galileo,21,0,8
2026-03-14T05:58:06.088Z,Galileo,26,0,8
2026-03-14T05:58:06.088Z,GLONASS,4,13,4
2026-03-14T05:58:06.089Z,GLONASS,18,4,4
2026-03-14T05:58:06.091Z,Galileo,27,0,8
2026-03-14T05:58:06.094Z,GLONASS,5,8,4
2026-03-14T05:58:06.094Z,GLONASS,5,8,4
2026-03-14T05:58:06.094Z,GLONASS,18,4,4
2026-03-14T05:58:06.095Z,Galileo,27,0,8
2026-03-14T05:58:06.095Z,GLONASS,5,8,4
2026-03-14T05:58:06.119Z,QZSS,2,0,10
2026-03-14T05:58:06.122Z,QZSS,3,0,10
2026-03-14T05:58:06.309Z,SBAS,137,0,8
2026-03-14T05:58:07.134Z,Galileo,18,0,8
2026-03-14T05:58:07.136Z,Galileo,13,0,8
2026-03-14T05:58:07.138Z,Galileo,27,0,8
2026-03-14T05:58:07.313Z,Galileo,21,0,8
2026-03-14T05:58:07.315Z,Galileo,23,0,8
2026-03-14T05:58:07.317Z,Galileo,26,0,8
2026-03-14T05:58:07.509Z,SBAS,137,0,8
2026-03-14T05:58:08.059Z,Galileo,18,0,8
2026-03-14T05:58:08.076Z,Galileo,21,0,8
2026-03-14T05:58:08.077Z,Galileo,26,0,8
2026-03-14T05:58:08.080Z,Galileo,13,0,8
2026-03-14T05:58:08.080Z,GLONASS,19,10,4
2026-03-14T05:58:08.081Z,GLONASS,19,10,4
2026-03-14T05:58:08.081Z,Galileo,18,0,8
2026-03-14T05:58:08.081Z,GLONASS,19,10,4
2026-03-14T05:58:08.082Z,GLONASS,9,5,4
2026-03-14T05:58:08.082Z,GLONASS,9,5,4
2026-03-14T05:58:08.082Z,GLONASS,9,5,4
2026-03-14T05:58:08.083Z,Galileo,21,0,8
2026-03-14T05:58:08.083Z,Galileo,26,0,8
2026-03-14T05:58:08.083Z,Galileo,13,0,8
2026-03-14T05:58:08.085Z,Galileo,23,0,8
2026-03-14T05:58:08.087Z,GLONASS,4,13,4
2026-03-14T05:58:08.087Z,GLONASS,20,9,4
2026-03-14T05:58:08.087Z,GLONASS,3,12,4
2026-03-14T05:58:08.087Z,GLONASS,20,9,4
2026-03-14T05:58:08.087Z,GLONASS,4,13,4
2026-03-14T05:58:08.087Z,GLONASS,3,12,4
2026-03-14T05:58:08.088Z,Galileo,23,0,8
2026-03-14T05:58:08.088Z,GLONASS,4,13,4
2026-03-14T05:58:08.088Z,GLONASS,20,9,4
2026-03-14T05:58:08.088Z,GLONASS,3,12,4
2026-03-14T05:58:08.089Z,GLONASS,18,4,4
2026-03-14T05:58:08.089Z,GLONASS,18,4,4
2026-03-14T05:58:08.089Z,GLONASS,18,4,4
2026-03-14T05:58:08.094Z,Galileo,27,0,8
2026-03-14T05:58:08.154Z,GPS,3,0,10
2026-03-14T05:58:08.157Z,GPS,14,0,10
2026-03-14T05:58:08.253Z,GPS,17,0,10
2026-03-14T05:58:08.254Z,GPS,1,0,10
2026-03-14T05:58:08.254Z,QZSS,2,0,10
2026-03-14T05:58:08.254Z,QZSS,3,0,10
2026-03-14T05:58:08.254Z,QZSS,7,0,10
2026-03-14T05:58:08.286Z,BeiDou,34,0,10
2026-03-14T05:58:08.286Z,Galileo,27,0,8
2026-03-14T05:58:08.286Z,GPS,3,0,10
2026-03-14T05:58:08.286Z,GPS,14,0,10
2026-03-14T05:58:08.286Z,GPS,17,0,10
2026-03-14T05:58:08.287Z,GPS,1,0,10
2026-03-14T05:58:08.287Z,QZSS,2,0,10
2026-03-14T05:58:08.287Z,QZSS,3,0,10
2026-03-14T05:58:08.287Z,QZSS,7,0,10
2026-03-14T05:58:08.289Z,BeiDou,12,0,10
2026-03-14T05:58:08.289Z,BeiDou,11,0,10
2026-03-14T05:58:08.289Z,BeiDou,11,0,10
2026-03-14T05:58:08.290Z,BeiDou,12,0,10
2026-03-14T05:58:08.290Z,BeiDou,11,0,10
2026-03-14T05:58:08.294Z,BeiDou,50,0,10
2026-03-14T05:58:08.295Z,BeiDou,43,0,10
2026-03-14T05:58:08.299Z,BeiDou,42,0,10
2026-03-14T05:58:08.319Z,SBAS,137,0,8
2026-03-14T05:58:08.334Z,BeiDou,56,0,10
2026-03-14T05:58:08.335Z,BeiDou,7,0,10
2026-03-14T05:58:08.335Z,BeiDou,7,0,10
2026-03-14T05:58:08.336Z,BeiDou,7,0,10
2026-03-14T05:58:08.339Z,BeiDou,10,0,10
2026-03-14T05:58:08.339Z,BeiDou,10,0,10
2026-03-14T05:58:08.339Z,BeiDou,10,0,10
2026-03-14T05:58:09.146Z,Galileo,18,0,8
2026-03-14T05:58:09.148Z,Galileo,13,0,8
2026-03-14T05:58:09.320Z,SBAS,137,0,8
2026-03-14T05:58:09.322Z,Galileo,21,0,8
2026-03-14T05:58:09.323Z,Galileo,23,0,8
2026-03-14T05:58:09.326Z,Galileo,26,0,8
2026-03-14T05:58:10.063Z,Galileo,18,0,8
2026-03-14T05:58:10.077Z,Galileo,23,0,8
2026-03-14T05:58:10.079Z,Galileo,21,0,8
2026-03-14T05:58:10.081Z,Galileo,26,0,8
2026-03-14T05:58:10.081Z,GLONASS,19,10,4
2026-03-14T05:58:10.082Z,GLONASS,19,10,4
2026-03-14T05:58:10.082Z,GLONASS,9,5,4
2026-03-14T05:58:10.082Z,Galileo,18,0,8
2026-03-14T05:58:10.083Z,Galileo,23,0,8
2026-03-14T05:58:10.083Z,Galileo,13,0,8
2026-03-14T05:58:10.083Z,Galileo,13,0,8
2026-03-14T05:58:10.085Z,Galileo,21,0,8
2026-03-14T05:58:10.085Z,Galileo,26,0,8
2026-03-14T05:58:10.085Z,GLONASS,19,10,4
2026-03-14T05:58:10.088Z,GLONASS,4,13,4
2026-03-14T05:58:10.088Z,GLONASS,20,9,4
2026-03-14T05:58:10.088Z,GLONASS,3,12,4
2026-03-14T05:58:10.089Z,Galileo,27,0,8
2026-03-14T05:58:10.089Z,GLONASS,20,9,4
2026-03-14T05:58:10.089Z,GLONASS,18,4,4
2026-03-14T05:58:10.089Z,GLONASS,10,0,4
2026-03-14T05:58:10.089Z,GLONASS,4,13,4
2026-03-14T05:58:10.090Z,GLONASS,3,12,4
2026-03-14T05:58:10.090Z,GLONASS,4,13,4
2026-03-14T05:58:10.090Z,GLONASS,20,9,4
2026-03-14T05:58:10.090Z,GLONASS,3,12,4
2026-03-14T05:58:10.090Z,Galileo,27,0,8
2026-03-14T05:58:11.159Z,Galileo,18,0,8
2026-03-14T05:58:11.161Z,Galileo,13,0,8
2026-03-14T05:58:11.164Z,Galileo,27,0,8
2026-03-14T05:58:11.314Z,Galileo,21,0,8
2026-03-14T05:58:11.316Z,Galileo,23,0,8
2026-03-14T05:58:11.319Z,Galileo,26,0,8
2026-03-14T05:58:12.055Z,Galileo,18,0,8
2026-03-14T05:58:12.061Z,GPS,3,0,10
2026-03-14T05:58:12.061Z,Galileo,18,0,8
2026-03-14T05:58:12.062Z,GPS,14,0,10
2026-03-14T05:58:12.065Z,GPS,22,0,10
2026-03-14T05:58:12.065Z,GPS,1,0,10
2026-03-14T05:58:12.066Z,GPS,17,0,10
2026-03-14T05:58:12.069Z,GPS,19,0,10
2026-03-14T05:58:12.075Z,GPS,2,0,10
2026-03-14T05:58:12.075Z,Galileo,13,0,8
2026-03-14T05:58:12.076Z,Galileo,13,0,8
2026-03-14T05:58:12.081Z,GLONASS,19,10,4
2026-03-14T05:58:12.081Z,GLONASS,19,10,4
2026-03-14T05:58:12.082Z,Galileo,23,0,8
2026-03-14T05:58:12.082Z,GLONASS,19,10,4
2026-03-14T05:58:12.082Z,Galileo,23,0,8
2026-03-14T05:58:12.083Z,Galileo,21,0,8
2026-03-14T05:58:12.085Z,Galileo,26,0,8
2026-03-14T05:58:12.086Z,GLONASS,4,13,4
2026-03-14T05:58:12.086Z,GLONASS,20,9,4
2026-03-14T05:58:12.087Z,GLONASS,10,0,4
2026-03-14T05:58:12.087Z,GLONASS,4,13,4
2026-03-14T05:58:12.087Z,GLONASS,3,12,4
2026-03-14T05:58:12.087Z,Galileo,21,0,8
2026-03-14T05:58:12.087Z,Galileo,26,0,8
2026-03-14T05:58:12.087Z,GLONASS,4,13,4
2026-03-14T05:58:12.089Z,GLONASS,18,4,4
2026-03-14T05:58:12.090Z,Galileo,27,0,8
2026-03-14T05:58:12.094Z,GLONASS,5,8,4
2026-03-14T05:58:12.094Z,Galileo,27,0,8
2026-03-14T05:58:12.119Z,QZSS,2,0,10
2026-03-14T05:58:12.122Z,QZSS,3,0,10
2026-03-14T05:58:13.127Z,Galileo,18,0,8
2026-03-14T05:58:13.130Z,Galileo,13,0,8
2026-03-14T05:58:13.131Z,Galileo,27,0,8
2026-03-14T05:58:13.306Z,Galileo,21,0,8
2026-03-14T05:58:13.307Z,Galileo,23,0,8
2026-03-14T05:58:13.309Z,Galileo,26,0,8
2026-03-14T05:58:14.059Z,Galileo,18,0,8
2026-03-14T05:58:14.075Z,Galileo,21,0,8
2026-03-14T05:58:14.076Z,Galileo,26,0,8
2026-03-14T05:58:14.079Z,Galileo,13,0,8
2026-03-14T05:58:14.080Z,GLONASS,19,10,4
2026-03-14T05:58:14.081Z,GLONASS,19,10,4
2026-03-14T05:58:14.081Z,Galileo,18,0,8
2026-03-14T05:58:14.081Z,Galileo,21,0,8
2026-03-14T05:58:14.081Z,Galileo,26,0,8
2026-03-14T05:58:14.082Z,Galileo,13,0,8
2026-03-14T05:58:14.082Z,GLONASS,19,10,4
2026-03-14T05:58:14.086Z,Galileo,23,0,8
2026-03-14T05:58:14.086Z,GLONASS,4,13,4
2026-03-14T05:58:14.086Z,GLONASS,4,13,4
2026-03-14T05:58:14.087Z,GLONASS,3,12,4
2026-03-14T05:58:14.087Z,GLONASS,3,12,4
2026-03-14T05:58:14.087Z,Galileo,23,0,8
2026-03-14T05:58:14.087Z,GLONASS,4,13,4
2026-03-14T05:58:14.087Z,GLONASS,3,12,4
2026-03-14T05:58:14.089Z,GLONASS,18,4,4
2026-03-14T05:58:14.089Z,GLONASS,18,4,4
2026-03-14T05:58:14.089Z,GLONASS,18,4,4
2026-03-14T05:58:14.093Z,GLONASS,5,8,4
2026-03-14T05:58:14.095Z,Galileo,27,0,8
2026-03-14T05:58:14.286Z,BeiDou,34,0,10
2026-03-14T05:58:14.286Z,Galileo,27,0,8
2026-03-14T05:58:14.289Z,BeiDou,12,0,10
2026-03-14T05:58:14.289Z,BeiDou,11,0,10
2026-03-14T05:58:14.289Z,BeiDou,11,0,10
2026-03-14T05:58:14.290Z,BeiDou,12,0,10
2026-03-14T05:58:14.290Z,BeiDou,11,0,10
2026-03-14T05:58:14.292Z,BeiDou,21,0,10
2026-03-14T05:58:14.334Z,BeiDou,56,0,10
2026-03-14T05:58:14.335Z,BeiDou,7,0,10
2026-03-14T05:58:14.335Z,BeiDou,40,0,10
2026-03-14T05:58:14.335Z,BeiDou,7,0,10
2026-03-14T05:58:14.339Z,BeiDou,10,0,10
2026-03-14T05:58:14.339Z,BeiDou,10,0,10
2026-03-14T05:58:14.339Z,BeiDou,10,0,10
2026-03-14T05:58:15.136Z,Galileo,18,0,8
2026-03-14T05:58:15.137Z,Galileo,13,0,8
2026-03-14T05:58:15.139Z,Galileo,27,0,8
2026-03-14T05:58:15.311Z,Galileo,21,0,8
2026-03-14T05:58:15.313Z,Galileo,23,0,8
2026-03-14T05:58:15.316Z,Galileo,26,0,8
2026-03-14T05:58:16.063Z,Galileo,18,0,8
2026-03-14T05:58:16.077Z,Galileo,23,0,8
2026-03-14T05:58:16.079Z,Galileo,21,0,8
2026-03-14T05:58:16.080Z,GLONASS,19,10,4
2026-03-14T05:58:16.081Z,GLONASS,19,10,4
2026-03-14T05:58:16.081Z,Galileo,18,0,8
2026-03-14T05:58:16.082Z,Galileo,23,0,8
2026-03-14T05:58:16.082Z,Galileo,21,0,8
2026-03-14T05:58:16.082Z,GLONASS,19,10,4
2026-03-14T05:58:16.084Z,Galileo,13,0,8
2026-03-14T05:58:16.086Z,GLONASS,4,13,4
2026-03-14T05:58:16.087Z,GLONASS,3,12,4
2026-03-14T05:58:16.087Z,GLONASS,4,13,4
2026-03-14T05:58:16.087Z,Galileo,13,0,8
2026-03-14T05:58:16.087Z,GLONASS,4,13,4
2026-03-14T05:58:16.088Z,GLONASS,3,12,4
2026-03-14T05:58:16.089Z,GLONASS,18,4,4
2026-03-14T05:58:16.089Z,GLONASS,18,4,4
2026-03-14T05:58:16.090Z,GLONASS,18,4,4
2026-03-14T05:58:16.091Z,Galileo,27,0,8
2026-03-14T05:58:16.094Z,GLONASS,5,8,4
2026-03-14T05:58:16.094Z,Galileo,27,0,8
2026-03-14T05:58:17.129Z,Galileo,18,0,8
2026-03-14T05:58:17.130Z,Galileo,13,0,8
2026-03-14T05:58:17.132Z,Galileo,27,0,8
2026-03-14T05:58:17.323Z,Galileo,21,0,8
2026-03-14T05:58:17.326Z,Galileo,23,0,8
2026-03-14T05:58:18.056Z,Galileo,18,0,8
2026-03-14T05:58:18.061Z,GPS,3,0,10
2026-03-14T05:58:18.062Z,Galileo,18,0,8
2026-03-14T05:58:18.064Z,GPS,1,0,10
2026-03-14T05:58:18.066Z,GPS,17,0,10
2026-03-14T05:58:18.074Z,GPS,2,0,10
2026-03-14T05:58:18.075Z,Galileo,13,0,8
2026-03-14T05:58:18.082Z,GLONASS,19,10,4
2026-03-14T05:58:18.082Z,GLONASS,19,10,4
2026-03-14T05:58:18.082Z,Galileo,13,0,8
2026-03-14T05:58:18.082Z,GLONASS,19,10,4
2026-03-14T05:58:18.083Z,Galileo,21,0,8
2026-03-14T05:58:18.086Z,GLONASS,4,13,4
2026-03-14T05:58:18.087Z,GLONASS,3,12,4
2026-03-14T05:58:18.087Z,GLONASS,4,13,4
2026-03-14T05:58:18.087Z,GLONASS,3,12,4
2026-03-14T05:58:18.087Z,Galileo,21,0,8
2026-03-14T05:58:18.088Z,GLONASS,4,13,4
2026-03-14T05:58:18.088Z,GLONASS,3,12,4
2026-03-14T05:58:18.089Z,GLONASS,18,4,4
2026-03-14T05:58:18.089Z,GLONASS,18,4,4
2026-03-14T05:58:18.089Z,GLONASS,18,4,4
2026-03-14T05:58:18.093Z,GLONASS,5,8,4
2026-03-14T05:58:18.096Z,Galileo,27,0,8
2026-03-14T05:58:18.119Z,QZSS,2,0,10
2026-03-14T05:58:18.119Z,Galileo,27,0,8
2026-03-14T05:58:18.121Z,QZSS,3,0,10
2026-03-14T05:58:19.130Z,Galileo,18,0,8
2026-03-14T05:58:19.132Z,Galileo,13,0,8
2026-03-14T05:58:19.134Z,Galileo,27,0,8
2026-03-14T05:58:19.299Z,Galileo,21,0,8
2026-03-14T05:58:20.059Z,Galileo,18,0,8
2026-03-14T05:58:20.075Z,Galileo,21,0,8
2026-03-14T05:58:20.081Z,Galileo,13,0,8
2026-03-14T05:58:20.081Z,GLONASS,19,10,4
2026-03-14T05:58:20.081Z,GLONASS,19,10,4
2026-03-14T05:58:20.082Z,Galileo,18,0,8
2026-03-14T05:58:20.082Z,Galileo,21,0,8
2026-03-14T05:58:20.082Z,Galileo,13,0,8
2026-03-14T05:58:20.083Z,GLONASS,19,10,4
2026-03-14T05:58:20.087Z,GLONASS,4,13,4
2026-03-14T05:58:20.087Z,GLONASS,3,12,4
2026-03-14T05:58:20.087Z,Galileo,27,0,8
2026-03-14T05:58:20.088Z,GLONASS,4,13,4
2026-03-14T05:58:20.088Z,GLONASS,3,12,4
2026-03-14T05:58:20.089Z,GLONASS,18,4,4
2026-03-14T05:58:20.089Z,GLONASS,4,13,4
2026-03-14T05:58:20.090Z,GLONASS,18,4,4
2026-03-14T05:58:20.090Z,GLONASS,18,4,4
2026-03-14T05:58:20.090Z,GLONASS,3,12,4
2026-03-14T05:58:20.090Z,Galileo,27,0,8
2026-03-14T05:58:20.093Z,GLONASS,5,8,4
2026-03-14T05:58:20.144Z,GPS,3,0,10
2026-03-14T05:58:20.150Z,GPS,1,0,10
2026-03-14T05:58:20.262Z,GPS,17,0,10
2026-03-14T05:58:20.262Z,QZSS,2,0,10
2026-03-14T05:58:20.262Z,QZSS,3,0,10
2026-03-14T05:58:20.262Z,QZSS,7,0,10
2026-03-14T05:58:20.286Z,BeiDou,34,0,10
2026-03-14T05:58:20.286Z,GPS,3,0,10
2026-03-14T05:58:20.286Z,GPS,1,0,10
2026-03-14T05:58:20.286Z,GPS,17,0,10
2026-03-14T05:58:20.287Z,QZSS,2,0,10
2026-03-14T05:58:20.287Z,QZSS,3,0,10
2026-03-14T05:58:20.287Z,QZSS,7,0,10
2026-03-14T05:58:20.289Z,BeiDou,12,0,10
2026-03-14T05:58:20.290Z,BeiDou,11,0,10
2026-03-14T05:58:20.290Z,BeiDou,12,0,10
2026-03-14T05:58:20.290Z,BeiDou,12,0,10
2026-03-14T05:58:20.290Z,BeiDou,11,0,10
2026-03-14T05:58:20.292Z,BeiDou,21,0,10
2026-03-14T05:58:20.294Z,BeiDou,22,0,10
2026-03-14T05:58:20.335Z,BeiDou,7,0,10
2026-03-14T05:58:20.335Z,BeiDou,7,0,10
2026-03-14T05:58:20.335Z,BeiDou,7,0,10
2026-03-14T05:58:21.174Z,Galileo,18,0,8
2026-03-14T05:58:21.176Z,Galileo,13,0,8
2026-03-14T05:58:21.178Z,Galileo,27,0,8
2026-03-14T05:58:21.337Z,Galileo,21,0,8
2026-03-14T05:58:21.341Z,Galileo,26,0,8
2026-03-14T05:58:22.064Z,Galileo,18,0,8
2026-03-14T05:58:22.080Z,Galileo,21,0,8
2026-03-14T05:58:22.080Z,GLONASS,19,10,4
2026-03-14T05:58:22.080Z,Galileo,18,0,8
2026-03-14T05:58:22.081Z,Galileo,21,0,8
2026-03-14T05:58:22.081Z,GLONASS,19,10,4
2026-03-14T05:58:22.081Z,GLONASS,19,10,4
2026-03-14T05:58:22.083Z,Galileo,13,0,8
2026-03-14T05:58:22.086Z,GLONASS,4,13,4
2026-03-14T05:58:22.086Z,GLONASS,3,12,4
2026-03-14T05:58:22.086Z,GLONASS,4,13,4
2026-03-14T05:58:22.087Z,GLONASS,3,12,4
2026-03-14T05:58:22.087Z,Galileo,13,0,8
2026-03-14T05:58:22.087Z,GLONASS,4,13,4
2026-03-14T05:58:22.087Z,GLONASS,3,12,4
2026-03-14T05:58:22.088Z,GLONASS,18,4,4
2026-03-14T05:58:22.089Z,GLONASS,18,4,4
2026-03-14T05:58:22.089Z,GLONASS,18,4,4
2026-03-14T05:58:22.091Z,Galileo,27,0,8
2026-03-14T05:58:22.093Z,GLONASS,5,8,4
2026-03-14T05:58:22.093Z,Galileo,27,0,8
2026-03-14T05:58:22.251Z,Galileo,26,0,8
2026-03-14T05:58:23.094Z,Galileo,26,0,8
2026-03-14T05:58:23.170Z,Galileo,18,0,8
2026-03-14T05:58:23.172Z,Galileo,13,0,8
2026-03-14T05:58:23.175Z,Galileo,27,0,8
2026-03-14T05:58:23.321Z,Galileo,21,0,8
2026-03-14T05:58:23.326Z,Galileo,26,0,8
2026-03-14T05:58:24.058Z,Galileo,18,0,8
2026-03-14T05:58:24.060Z,GPS,3,0,10
2026-03-14T05:58:24.060Z,Galileo,18,0,8
2026-03-14T05:58:24.061Z,GPS,14,0,10
2026-03-14T05:58:24.064Z,GPS,1,0,10
2026-03-14T05:58:24.065Z,GPS,17,0,10
2026-03-14T05:58:24.074Z,GPS,2,0,10
2026-03-14T05:58:24.075Z,Galileo,13,0,8
2026-03-14T05:58:24.080Z,GLONASS,19,10,4
2026-03-14T05:58:24.080Z,GLONASS,19,10,4
2026-03-14T05:58:24.081Z,Galileo,13,0,8
2026-03-14T05:58:24.081Z,GLONASS,19,10,4
2026-03-14T05:58:24.083Z,Galileo,21,0,8
2026-03-14T05:58:24.086Z,GLONASS,4,13,4
2026-03-14T05:58:24.087Z,Galileo,27,0,8
2026-03-14T05:58:24.087Z,GLONASS,3,12,4
2026-03-14T05:58:24.087Z,GLONASS,4,13,4
2026-03-14T05:58:24.087Z,GLONASS,3,12,4
2026-03-14T05:58:24.087Z,Galileo,21,0,8
2026-03-14T05:58:24.087Z,GLONASS,4,13,4
2026-03-14T05:58:24.087Z,Galileo,27,0,8
2026-03-14T05:58:24.088Z,GLONASS,3,12,4
2026-03-14T05:58:24.089Z,GLONASS,18,4,4
2026-03-14T05:58:24.089Z,GLONASS,18,4,4
2026-03-14T05:58:24.089Z,GLONASS,18,4,4
2026-03-14T05:58:24.091Z,Galileo,26,0,8
2026-03-14T05:58:24.118Z,QZSS,2,0,10
2026-03-14T05:58:24.119Z,Galileo,26,0,8
2026-03-14T05:58:24.121Z,QZSS,3,0,10
2026-03-14T05:58:25.156Z,Galileo,18,0,8
2026-03-14T05:58:25.157Z,Galileo,13,0,8
2026-03-14T05:58:25.324Z,Galileo,21,0,8
2026-03-14T05:58:25.326Z,Galileo,23,0,8
2026-03-14T05:58:26.060Z,Galileo,18,0,8
2026-03-14T05:58:26.075Z,Galileo,21,0,8
2026-03-14T05:58:26.081Z,Galileo,13,0,8
2026-03-14T05:58:26.081Z,GLONASS,19,10,4
2026-03-14T05:58:26.081Z,GLONASS,19,10,4
2026-03-14T05:58:26.082Z,Galileo,18,0,8
2026-03-14T05:58:26.082Z,Galileo,21,0,8
2026-03-14T05:58:26.082Z,Galileo,13,0,8
2026-03-14T05:58:26.082Z,GLONASS,19,10,4
2026-03-14T05:58:26.086Z,GLONASS,4,13,4
2026-03-14T05:58:26.086Z,GLONASS,4,13,4
2026-03-14T05:58:26.086Z,GLONASS,3,12,4
2026-03-14T05:58:26.087Z,GLONASS,4,13,4
2026-03-14T05:58:26.089Z,GLONASS,18,4,4
2026-03-14T05:58:26.089Z,GLONASS,18,4,4
2026-03-14T05:58:26.089Z,GLONASS,18,4,4
2026-03-14T05:58:26.093Z,Galileo,27,0,8
2026-03-14T05:58:26.286Z,BeiDou,34,0,10
2026-03-14T05:58:26.286Z,Galileo,27,0,8
2026-03-14T05:58:26.288Z,BeiDou,12,0,10
2026-03-14T05:58:26.289Z,BeiDou,12,0,10
2026-03-14T05:58:26.289Z,BeiDou,12,0,10
2026-03-14T05:58:26.294Z,BeiDou,22,0,10
2026-03-14T05:58:26.334Z,BeiDou,40,0,10
2026-03-14T05:58:26.334Z,BeiDou,7,0,10
2026-03-14T05:58:26.335Z,BeiDou,7,0,10
2026-03-14T05:58:27.133Z,Galileo,18,0,8
2026-03-14T05:58:27.134Z,BeiDou,7,0,10
2026-03-14T05:58:27.135Z,Galileo,13,0,8
2026-03-14T05:58:27.137Z,Galileo,27,0,8
2026-03-14T05:58:27.305Z,Galileo,21,0,8
2026-03-14T05:58:28.063Z,Galileo,18,0,8
2026-03-14T05:58:28.079Z,Galileo,21,0,8
2026-03-14T05:58:28.080Z,GLONASS,19,10,4
2026-03-14T05:58:28.080Z,Galileo,18,0,8
2026-03-14T05:58:28.080Z,Galileo,21,0,8
2026-03-14T05:58:28.083Z,Galileo,13,0,8
2026-03-14T05:58:28.086Z,GLONASS,4,13,4
2026-03-14T05:58:28.086Z,GLONASS,4,13,4
2026-03-14T05:58:28.086Z,Galileo,27,0,8
2026-03-14T05:58:28.086Z,Galileo,13,0,8
2026-03-14T05:58:28.087Z,GLONASS,4,13,4
2026-03-14T05:58:28.087Z,Galileo,27,0,8
2026-03-14T05:58:28.088Z,GLONASS,18,4,4
2026-03-14T05:58:28.088Z,GLONASS,18,4,4
2026-03-14T05:58:28.089Z,GLONASS,18,4,4
2026-03-14T05:58:29.106Z,Galileo,18,0,8
2026-03-14T05:58:29.107Z,Galileo,13,0,8
2026-03-14T05:58:29.109Z,Galileo,27,0,8
2026-03-14T05:58:29.303Z,Galileo,21,0,8
2026-03-14T05:58:29.307Z,Galileo,26,0,8
2026-03-14T05:58:30.055Z,Galileo,18,0,8
2026-03-14T05:58:30.060Z,GPS,3,0,10
2026-03-14T05:58:30.060Z,Galileo,18,0,8
2026-03-14T05:58:30.061Z,GPS,14,0,10
2026-03-14T05:58:30.074Z,GPS,2,0,10
2026-03-14T05:58:30.075Z,Galileo,13,0,8
2026-03-14T05:58:30.080Z,GLONASS,19,10,4
2026-03-14T05:58:30.080Z,GLONASS,19,10,4
2026-03-14T05:58:30.080Z,Galileo,13,0,8
2026-03-14T05:58:30.081Z,GLONASS,19,10,4
2026-03-14T05:58:30.083Z,Galileo,21,0,8
2026-03-14T05:58:30.085Z,GLONASS,4,13,4
2026-03-14T05:58:30.085Z,Galileo,21,0,8
2026-03-14T05:58:30.086Z,GLONASS,3,12,4
2026-03-14T05:58:30.087Z,GLONASS,3,12,4
2026-03-14T05:58:30.087Z,GLONASS,4,13,4
2026-03-14T05:58:30.089Z,GLONASS,18,4,4
2026-03-14T05:58:30.089Z,GLONASS,18,4,4
2026-03-14T05:58:30.089Z,GLONASS,3,12,4
2026-03-14T05:58:30.089Z,GLONASS,4,13,4
2026-03-14T05:58:30.089Z,GLONASS,18,4,4
2026-03-14T05:58:30.090Z,Galileo,27,0,8
2026-03-14T05:58:30.118Z,QZSS,2,0,10
2026-03-14T05:58:30.118Z,Galileo,27,0,8
2026-03-14T05:58:30.130Z,QZSS,3,0,10
2026-03-14T05:58:31.136Z,Galileo,18,0,8
2026-03-14T05:58:31.137Z,Galileo,13,0,8
2026-03-14T05:58:31.140Z,Galileo,27,0,8
2026-03-14T05:58:31.328Z,Galileo,21,0,8
2026-03-14T05:58:31.333Z,Galileo,26,0,8
2026-03-14T05:58:32.060Z,Galileo,18,0,8
2026-03-14T05:58:32.075Z,Galileo,21,0,8
2026-03-14T05:58:32.080Z,Galileo,13,0,8
2026-03-14T05:58:32.080Z,GLONASS,19,10,4
2026-03-14T05:58:32.080Z,GLONASS,19,10,4
2026-03-14T05:58:32.080Z,Galileo,18,0,8
2026-03-14T05:58:32.081Z,GLONASS,19,10,4
2026-03-14T05:58:32.081Z,Galileo,21,0,8
2026-03-14T05:58:32.081Z,Galileo,13,0,8
2026-03-14T05:58:32.086Z,GLONASS,3,12,4
2026-03-14T05:58:32.086Z,GLONASS,4,13,4
2026-03-14T05:58:32.086Z,GLONASS,3,12,4
2026-03-14T05:58:32.086Z,GLONASS,4,13,4
2026-03-14T05:58:32.087Z,GLONASS,3,12,4
2026-03-14T05:58:32.090Z,GLONASS,18,4,4
2026-03-14T05:58:32.090Z,GLONASS,18,4,4
2026-03-14T05:58:32.090Z,GLONASS,18,4,4
2026-03-14T05:58:32.091Z,Galileo,27,0,8
2026-03-14T05:58:32.093Z,GLONASS,5,8,4
2026-03-14T05:58:32.093Z,Galileo,27,0,8
2026-03-14T05:58:32.154Z,GPS,17,0,10
2026-03-14T05:58:32.158Z,GPS,1,0,10
2026-03-14T05:58:32.163Z,GPS,3,0,10
2026-03-14T05:58:32.245Z,QZSS,2,0,10
2026-03-14T05:58:32.245Z,QZSS,3,0,10
2026-03-14T05:58:32.285Z,BeiDou,34,0,10
2026-03-14T05:58:32.285Z,GPS,17,0,10
2026-03-14T05:58:32.286Z,GPS,1,0,10
2026-03-14T05:58:32.286Z,GPS,3,0,10
2026-03-14T05:58:32.286Z,QZSS,2,0,10
2026-03-14T05:58:32.286Z,QZSS,3,0,10
2026-03-14T05:58:32.288Z,BeiDou,12,0,10
2026-03-14T05:58:32.289Z,BeiDou,11,0,10
2026-03-14T05:58:32.289Z,BeiDou,12,0,10
2026-03-14T05:58:32.289Z,BeiDou,12,0,10
2026-03-14T05:58:32.289Z,BeiDou,11,0,10
2026-03-14T05:58:32.293Z,BeiDou,44,0,10
2026-03-14T05:58:32.294Z,BeiDou,22,0,10
2026-03-14T05:58:32.334Z,BeiDou,40,0,10
2026-03-14T05:58:32.335Z,BeiDou,7,0,10
2026-03-14T05:58:33.148Z,Galileo,18,0,8
2026-03-14T05:58:33.149Z,BeiDou,7,0,10
2026-03-14T05:58:33.151Z,Galileo,13,0,8
2026-03-14T05:58:33.154Z,Galileo,27,0,8
2026-03-14T05:58:33.313Z,Galileo,21,0,8
2026-03-14T05:58:34.063Z,Galileo,18,0,8
2026-03-14T05:58:34.079Z,Galileo,21,0,8
2026-03-14T05:58:34.080Z,GLONASS,19,10,4
2026-03-14T05:58:34.080Z,Galileo,18,0,8
2026-03-14T05:58:34.080Z,Galileo,21,0,8
2026-03-14T05:58:34.081Z,GLONASS,19,10,4
2026-03-14T05:58:34.082Z,GLONASS,19,10,4
2026-03-14T05:58:34.083Z,Galileo,13,0,8
2026-03-14T05:58:34.086Z,GLONASS,4,13,4
2026-03-14T05:58:34.086Z,GLONASS,3,12,4
2026-03-14T05:58:34.086Z,GLONASS,4,13,4
2026-03-14T05:58:34.087Z,GLONASS,3,12,4
2026-03-14T05:58:34.087Z,Galileo,13,0,8
2026-03-14T05:58:34.087Z,GLONASS,4,13,4
2026-03-14T05:58:34.087Z,GLONASS,3,12,4
2026-03-14T05:58:34.088Z,GLONASS,18,4,4
2026-03-14T05:58:34.090Z,GLONASS,18,4,4
2026-03-14T05:58:34.090Z,GLONASS,16,6,4
2026-03-14T05:58:34.090Z,GLONASS,18,4,4
2026-03-14T05:58:34.093Z,GLONASS,5,8,4
2026-03-14T05:58:34.094Z,Galileo,27,0,8
2026-03-14T05:58:34.094Z,Galileo,27,0,8
2026-03-14T05:58:35.156Z,Galileo,18,0,8
2026-03-14T05:58:35.158Z,Galileo,13,0,8
2026-03-14T05:58:35.160Z,Galileo,27,0,8
2026-03-14T05:58:35.323Z,Galileo,21,0,8
2026-03-14T05:58:36.055Z,Galileo,18,0,8
2026-03-14T05:58:36.060Z,GPS,3,0,10
2026-03-14T05:58:36.060Z,Galileo,18,0,8
2026-03-14T05:58:36.065Z,GPS,17,0,10
2026-03-14T05:58:36.074Z,GPS,2,0,10
2026-03-14T05:58:36.076Z,Galileo,13,0,8
2026-03-14T05:58:36.080Z,GLONASS,19,10,4
2026-03-14T05:58:36.080Z,GLONASS,19,10,4
2026-03-14T05:58:36.080Z,Galileo,13,0,8
2026-03-14T05:58:36.081Z,GLONASS,19,10,4
2026-03-14T05:58:36.083Z,Galileo,21,0,8
2026-03-14T05:58:36.085Z,GLONASS,4,13,4
2026-03-14T05:58:36.086Z,GLONASS,3,12,4
2026-03-14T05:58:36.086Z,GLONASS,4,13,4
2026-03-14T05:58:36.086Z,GLONASS,3,12,4
2026-03-14T05:58:36.086Z,Galileo,21,0,8
2026-03-14T05:58:36.086Z,GLONASS,4,13,4
2026-03-14T05:58:36.087Z,GLONASS,3,12,4
2026-03-14T05:58:36.089Z,GLONASS,18,4,4
2026-03-14T05:58:36.089Z,GLONASS,18,4,4
2026-03-14T05:58:36.089Z,GLONASS,18,4,4
2026-03-14T05:58:36.090Z,Galileo,27,0,8
2026-03-14T05:58:36.093Z,GLONASS,5,8,4
2026-03-14T05:58:36.093Z,Galileo,27,0,8
2026-03-14T05:58:36.118Z,QZSS,2,0,10
2026-03-14T05:58:36.121Z,QZSS,3,0,10
2026-03-14T05:58:37.114Z,Galileo,18,0,8
2026-03-14T05:58:37.116Z,Galileo,13,0,8
2026-03-14T05:58:37.117Z,Galileo,27,0,8
2026-03-14T05:58:37.297Z,Galileo,21,0,8
2026-03-14T05:58:37.300Z,Galileo,26,0,8
2026-03-14T05:58:38.059Z,Galileo,18,0,8
2026-03-14T05:58:38.075Z,Galileo,21,0,8
2026-03-14T05:58:38.079Z,Galileo,26,0,8
2026-03-14T05:58:38.080Z,GLONASS,19,10,4
2026-03-14T05:58:38.080Z,Galileo,18,0,8
2026-03-14T05:58:38.081Z,Galileo,13,0,8
2026-03-14T05:58:38.081Z,GLONASS,19,10,4
2026-03-14T05:58:38.081Z,Galileo,21,0,8
2026-03-14T05:58:38.081Z,GLONASS,9,5,4
2026-03-14T05:58:38.082Z,Galileo,13,0,8
2026-03-14T05:58:38.082Z,GLONASS,19,10,4
2026-03-14T05:58:38.082Z,Galileo,26,0,8
2026-03-14T05:58:38.086Z,GLONASS,4,13,4
2026-03-14T05:58:38.086Z,GLONASS,3,12,4
2026-03-14T05:58:38.086Z,GLONASS,4,13,4
2026-03-14T05:58:38.086Z,GLONASS,3,12,4
2026-03-14T05:58:38.086Z,GLONASS,4,13,4
2026-03-14T05:58:38.087Z,GLONASS,3,12,4
2026-03-14T05:58:38.088Z,GLONASS,18,4,4
2026-03-14T05:58:38.088Z,GLONASS,18,4,4
2026-03-14T05:58:38.089Z,GLONASS,18,4,4
2026-03-14T05:58:38.093Z,GLONASS,5,8,4
2026-03-14T05:58:38.094Z,Galileo,27,0,8
2026-03-14T05:58:38.285Z,BeiDou,34,0,10
2026-03-14T05:58:38.285Z,Galileo,27,0,8
2026-03-14T05:58:38.288Z,BeiDou,12,0,10
2026-03-14T05:58:38.288Z,BeiDou,12,0,10
2026-03-14T05:58:38.289Z,BeiDou,12,0,10
2026-03-14T05:58:38.294Z,BeiDou,22,0,10
2026-03-14T05:58:38.334Z,BeiDou,7,0,10
2026-03-14T05:58:38.334Z,BeiDou,40,0,10
2026-03-14T05:58:38.335Z,BeiDou,7,0,10
2026-03-14T05:58:39.132Z,Galileo,18,0,8
2026-03-14T05:58:39.134Z,Galileo,13,0,8
2026-03-14T05:58:39.136Z,Galileo,27,0,8
2026-03-14T05:58:39.297Z,Galileo,21,0,8
2026-03-14T05:58:39.301Z,Galileo,26,0,8
2026-03-14T05:58:40.063Z,Galileo,18,0,8
2026-03-14T05:58:40.079Z,Galileo,21,0,8
2026-03-14T05:58:40.080Z,GLONASS,19,10,4
2026-03-14T05:58:40.080Z,GLONASS,19,10,4
2026-03-14T05:58:40.080Z,Galileo,18,0,8
2026-03-14T05:58:40.080Z,Galileo,21,0,8
2026-03-14T05:58:40.081Z,GLONASS,9,5,4
2026-03-14T05:58:40.082Z,GLONASS,19,10,4
2026-03-14T05:58:40.083Z,Galileo,26,0,8
2026-03-14T05:58:40.085Z,Galileo,13,0,8
2026-03-14T05:58:40.085Z,GLONASS,4,13,4
2026-03-14T05:58:40.086Z,GLONASS,4,13,4
2026-03-14T05:58:40.086Z,GLONASS,3,12,4
2026-03-14T05:58:40.086Z,GLONASS,3,12,4
2026-03-14T05:58:40.086Z,Galileo,26,0,8
2026-03-14T05:58:40.086Z,Galileo,13,0,8
2026-03-14T05:58:40.086Z,GLONASS,4,13,4
2026-03-14T05:58:40.087Z,GLONASS,3,12,4
2026-03-14T05:58:40.088Z,GLONASS,18,4,4
2026-03-14T05:58:40.089Z,GLONASS,18,4,4
2026-03-14T05:58:40.089Z,GLONASS,18,4,4
2026-03-14T05:58:40.093Z,GLONASS,5,8,4
2026-03-14T05:58:40.094Z,Galileo,27,0,8
2026-03-14T05:58:41.095Z,Galileo,27,0,8
2026-03-14T05:58:41.147Z,Galileo,18,0,8
2026-03-14T05:58:41.149Z,Galileo,13,0,8
2026-03-14T05:58:41.151Z,Galileo,27,0,8
2026-03-14T05:58:41.306Z,Galileo,21,0,8
2026-03-14T05:58:41.308Z,Galileo,23,0,8
2026-03-14T05:58:41.310Z,Galileo,26,0,8
2026-03-14T05:58:42.055Z,Galileo,18,0,8
2026-03-14T05:58:42.060Z,GPS,3,0,10
2026-03-14T05:58:42.060Z,Galileo,18,0,8
2026-03-14T05:58:42.061Z,GPS,14,0,10
2026-03-14T05:58:42.064Z,GPS,22,0,10
2026-03-14T05:58:42.064Z,GPS,1,0,10
2026-03-14T05:58:42.065Z,GPS,17,0,10
2026-03-14T05:58:42.074Z,GPS,2,0,10
2026-03-14T05:58:42.075Z,Galileo,26,0,8
2026-03-14T05:58:42.076Z,Galileo,13,0,8
2026-03-14T05:58:42.080Z,GLONASS,19,10,4
2026-03-14T05:58:42.080Z,GLONASS,19,10,4
2026-03-14T05:58:42.080Z,Galileo,26,0,8
2026-03-14T05:58:42.082Z,Galileo,13,0,8
2026-03-14T05:58:42.082Z,GLONASS,9,5,4
2026-03-14T05:58:42.082Z,GLONASS,19,10,4
2026-03-14T05:58:42.083Z,Galileo,21,0,8
2026-03-14T05:58:42.085Z,GLONASS,4,13,4
2026-03-14T05:58:42.086Z,GLONASS,3,12,4
2026-03-14T05:58:42.086Z,Galileo,27,0,8
2026-03-14T05:58:42.086Z,GLONASS,4,13,4
2026-03-14T05:58:42.086Z,GLONASS,3,12,4
2026-03-14T05:58:42.087Z,Galileo,21,0,8
2026-03-14T05:58:42.087Z,GLONASS,4,13,4
2026-03-14T05:58:42.087Z,GLONASS,3,12,4
2026-03-14T05:58:42.087Z,Galileo,27,0,8
2026-03-14T05:58:42.089Z,GLONASS,18,4,4
2026-03-14T05:58:42.089Z,GLONASS,18,4,4
2026-03-14T05:58:42.089Z,GLONASS,18,4,4
2026-03-14T05:58:42.093Z,GLONASS,5,8,4
2026-03-14T05:58:42.118Z,QZSS,2,0,10
2026-03-14T05:58:42.121Z,QZSS,3,0,10
2026-03-14T05:58:43.139Z,Galileo,18,0,8
2026-03-14T05:58:43.141Z,Galileo,13,0,8
2026-03-14T05:58:43.144Z,Galileo,27,0,8
2026-03-14T05:58:43.300Z,Galileo,21,0,8
2026-03-14T05:58:43.302Z,Galileo,23,0,8
2026-03-14T05:58:43.303Z,Galileo,26,0,8
2026-03-14T05:58:44.058Z,Galileo,18,0,8
2026-03-14T05:58:44.079Z,Galileo,21,0,8
2026-03-14T05:58:44.080Z,GLONASS,19,10,4
2026-03-14T05:58:44.080Z,Galileo,26,0,8
2026-03-14T05:58:44.080Z,GLONASS,19,10,4
2026-03-14T05:58:44.081Z,GLONASS,9,5,4
2026-03-14T05:58:44.081Z,GLONASS,9,5,4
2026-03-14T05:58:44.082Z,Galileo,13,0,8
2026-03-14T05:58:44.082Z,Galileo,18,0,8
2026-03-14T05:58:44.082Z,Galileo,13,0,8
2026-03-14T05:58:44.082Z,Galileo,21,0,8
2026-03-14T05:58:44.082Z,Galileo,26,0,8
2026-03-14T05:58:44.083Z,GLONASS,19,10,4
2026-03-14T05:58:44.083Z,GLONASS,9,5,4
2026-03-14T05:58:44.085Z,GLONASS,4,13,4
2026-03-14T05:58:44.086Z,GLONASS,3,12,4
2026-03-14T05:58:44.086Z,GLONASS,4,13,4
2026-03-14T05:58:44.086Z,GLONASS,3,12,4
2026-03-14T05:58:44.086Z,GLONASS,4,13,4
2026-03-14T05:58:44.086Z,GLONASS,3,12,4
2026-03-14T05:58:44.088Z,GLONASS,18,4,4
2026-03-14T05:58:44.088Z,GLONASS,18,4,4
2026-03-14T05:58:44.088Z,GLONASS,18,4,4
2026-03-14T05:58:44.090Z,Galileo,27,0,8
2026-03-14T05:58:44.093Z,GLONASS,5,8,4
2026-03-14T05:58:44.093Z,Galileo,27,0,8
2026-03-14T05:58:44.143Z,GPS,3,0,10
2026-03-14T05:58:44.248Z,GPS,17,0,10
2026-03-14T05:58:44.248Z,GPS,1,0,10
2026-03-14T05:58:44.248Z,QZSS,2,0,10
2026-03-14T05:58:44.249Z,QZSS,3,0,10
2026-03-14T05:58:44.249Z,QZSS,7,0,10
2026-03-14T05:58:44.285Z,BeiDou,34,0,10
2026-03-14T05:58:44.285Z,GPS,3,0,10
2026-03-14T05:58:44.285Z,GPS,17,0,10
2026-03-14T05:58:44.286Z,GPS,1,0,10
2026-03-14T05:58:44.286Z,QZSS,2,0,10
2026-03-14T05:58:44.286Z,QZSS,3,0,10
2026-03-14T05:58:44.286Z,QZSS,7,0,10
2026-03-14T05:58:44.288Z,BeiDou,12,0,10
2026-03-14T05:58:44.288Z,BeiDou,11,0,10
2026-03-14T05:58:44.289Z,BeiDou,12,0,10
2026-03-14T05:58:44.289Z,BeiDou,11,0,10
2026-03-14T05:58:44.289Z,BeiDou,12,0,10
2026-03-14T05:58:44.289Z,BeiDou,11,0,10
2026-03-14T05:58:44.294Z,BeiDou,22,0,10
2026-03-14T05:58:44.334Z,BeiDou,40,0,10
2026-03-14T05:58:44.334Z,BeiDou,7,0,10
2026-03-14T05:58:44.335Z,BeiDou,7,0,10
2026-03-14T05:58:45.118Z,Galileo,18,0,8
2026-03-14T05:58:45.120Z,Galileo,13,0,8
2026-03-14T05:58:45.122Z,Galileo,27,0,8
2026-03-14T05:58:45.297Z,Galileo,21,0,8
2026-03-14T05:58:45.299Z,Galileo,23,0,8
2026-03-14T05:58:45.301Z,Galileo,26,0,8
2026-03-14T05:58:46.063Z,Galileo,18,0,8
2026-03-14T05:58:46.080Z,GLONASS,19,10,4
2026-03-14T05:58:46.080Z,GLONASS,19,10,4
2026-03-14T05:58:46.080Z,Galileo,18,0,8
2026-03-14T05:58:46.081Z,GLONASS,19,10,4
2026-03-14T05:58:46.081Z,GLONASS,9,5,4
2026-03-14T05:58:46.081Z,GLONASS,9,5,4
2026-03-14T05:58:46.083Z,Galileo,21,0,8
2026-03-14T05:58:46.084Z,Galileo,26,0,8
2026-03-14T05:58:46.085Z,GLONASS,4,13,4
2026-03-14T05:58:46.085Z,GLONASS,20,9,4
2026-03-14T05:58:46.086Z,GLONASS,10,0,4
2026-03-14T05:58:46.086Z,GLONASS,4,13,4
2026-03-14T05:58:46.086Z,Galileo,13,0,8
2026-03-14T05:58:46.087Z,GLONASS,3,12,4
2026-03-14T05:58:46.087Z,GLONASS,3,12,4
2026-03-14T05:58:46.087Z,GLONASS,9,5,4
2026-03-14T05:58:46.087Z,Galileo,21,0,8
2026-03-14T05:58:46.087Z,Galileo,26,0,8
2026-03-14T05:58:46.087Z,GLONASS,4,13,4
2026-03-14T05:58:46.088Z,GLONASS,18,4,4
2026-03-14T05:58:46.088Z,Galileo,13,0,8
2026-03-14T05:58:46.088Z,GLONASS,18,4,4
2026-03-14T05:58:46.089Z,GLONASS,16,6,4
2026-03-14T05:58:46.089Z,GLONASS,18,4,4
2026-03-14T05:58:46.089Z,GLONASS,3,12,4
2026-03-14T05:58:46.093Z,GLONASS,5,8,4
2026-03-14T05:58:46.094Z,Galileo,27,0,8
2026-03-14T05:58:47.095Z,Galileo,27,0,8
2026-03-14T05:58:47.126Z,Galileo,18,0,8
2026-03-14T05:58:47.127Z,Galileo,13,0,8
2026-03-14T05:58:47.129Z,Galileo,27,0,8
2026-03-14T05:58:47.308Z,Galileo,21,0,8
2026-03-14T05:58:47.310Z,Galileo,23,0,8
2026-03-14T05:58:47.312Z,Galileo,26,0,8
2026-03-14T05:58:48.054Z,Galileo,18,0,8
2026-03-14T05:58:48.060Z,GPS,3,0,10
2026-03-14T05:58:48.060Z,Galileo,18,0,8
2026-03-14T05:58:48.061Z,GPS,14,0,10
2026-03-14T05:58:48.064Z,GPS,22,0,10
2026-03-14T05:58:48.064Z,GPS,1,0,10
2026-03-14T05:58:48.065Z,GPS,17,0,10
2026-03-14T05:58:48.074Z,GPS,2,0,10
2026-03-14T05:58:48.074Z,Galileo,21,0,8
2026-03-14T05:58:48.076Z,Galileo,26,0,8
2026-03-14T05:58:48.077Z,Galileo,13,0,8
2026-03-14T05:58:48.080Z,GLONASS,19,10,4
2026-03-14T05:58:48.080Z,GLONASS,19,10,4
2026-03-14T05:58:48.080Z,Galileo,21,0,8
2026-03-14T05:58:48.081Z,GLONASS,9,5,4
2026-03-14T05:58:48.081Z,Galileo,26,0,8
2026-03-14T05:58:48.082Z,GLONASS,9,5,4
2026-03-14T05:58:48.082Z,GLONASS,9,5,4
2026-03-14T05:58:48.082Z,Galileo,13,0,8
2026-03-14T05:58:48.082Z,GLONASS,19,10,4
2026-03-14T05:58:48.085Z,GLONASS,10,0,4
2026-03-14T05:58:48.085Z,GLONASS,4,13,4
2026-03-14T05:58:48.085Z,GLONASS,3,12,4
2026-03-14T05:58:48.086Z,GLONASS,3,12,4
2026-03-14T05:58:48.086Z,GLONASS,4,13,4
2026-03-14T05:58:48.088Z,GLONASS,18,4,4
2026-03-14T05:58:48.088Z,GLONASS,3,12,4
2026-03-14T05:58:48.088Z,GLONASS,4,13,4
2026-03-14T05:58:48.090Z,Galileo,27,0,8
2026-03-14T05:58:48.093Z,GLONASS,5,8,4
2026-03-14T05:58:48.094Z,Galileo,27,0,8
2026-03-14T05:58:48.125Z,QZSS,2,0,10
2026-03-14T05:58:48.125Z,QZSS,3,0,10
2026-03-14T05:58:49.123Z,Galileo,18,0,8
2026-03-14T05:58:49.125Z,Galileo,13,0,8
2026-03-14T05:58:49.127Z,Galileo,27,0,8
2026-03-14T05:58:49.297Z,Galileo,21,0,8
2026-03-14T05:58:49.299Z,Galileo,23,0,8
2026-03-14T05:58:49.300Z,Galileo,26,0,8
2026-03-14T05:58:50.058Z,Galileo,18,0,8
2026-03-14T05:58:50.078Z,Galileo,21,0,8
2026-03-14T05:58:50.079Z,GLONASS,19,10,4
2026-03-14T05:58:50.080Z,Galileo,18,0,8
2026-03-14T05:58:50.081Z,Galileo,26,0,8
2026-03-14T05:58:50.081Z,GLONASS,19,10,4
2026-03-14T05:58:50.081Z,GLONASS,9,5,4
2026-03-14T05:58:50.081Z,Galileo,26,0,8
2026-03-14T05:58:50.081Z,Galileo,21,0,8
2026-03-14T05:58:50.081Z,Galileo,13,0,8
2026-03-14T05:58:50.082Z,Galileo,13,0,8
2026-03-14T05:58:50.082Z,GLONASS,19,10,4
2026-03-14T05:58:50.086Z,GLONASS,4,13,4
2026-03-14T05:58:50.086Z,GLONASS,3,12,4
2026-03-14T05:58:50.086Z,GLONASS,10,0,4
2026-03-14T05:58:50.086Z,GLONASS,4,13,4
2026-03-14T05:58:50.086Z,GLONASS,3,12,4
2026-03-14T05:58:50.087Z,GLONASS,4,13,4
2026-03-14T05:58:50.087Z,GLONASS,3,12,4
2026-03-14T05:58:50.088Z,GLONASS,18,4,4
2026-03-14T05:58:50.089Z,GLONASS,18,4,4
2026-03-14T05:58:50.089Z,GLONASS,18,4,4
2026-03-14T05:58:50.093Z,Galileo,27,0,8
2026-03-14T05:58:50.093Z,GLONASS,5,8,4
2026-03-14T05:58:50.094Z,Galileo,27,0,8
2026-03-14T05:58:50.285Z,BeiDou,34,0,10
2026-03-14T05:58:50.288Z,BeiDou,12,0,10
2026-03-14T05:58:50.288Z,BeiDou,11,0,10
2026-03-14T05:58:50.289Z,BeiDou,12,0,10
2026-03-14T05:58:50.289Z,BeiDou,11,0,10
2026-03-14T05:58:50.289Z,BeiDou,12,0,10
2026-03-14T05:58:50.289Z,BeiDou,11,0,10
2026-03-14T05:58:50.291Z,BeiDou,21,0,10
2026-03-14T05:58:50.293Z,BeiDou,44,0,10
2026-03-14T05:58:50.335Z,BeiDou,7,0,10
2026-03-14T05:58:50.335Z,BeiDou,40,0,10
2026-03-14T05:58:50.335Z,BeiDou,7,0,10
2026-03-14T05:58:50.338Z,BeiDou,10,0,10
2026-03-14T05:58:51.128Z,Galileo,18,0,8
2026-03-14T05:58:51.130Z,Galileo,13,0,8
2026-03-14T05:58:51.133Z,Galileo,27,0,8
2026-03-14T05:58:51.309Z,Galileo,21,0,8
2026-03-14T05:58:51.312Z,Galileo,23,0,8
2026-03-14T05:58:51.314Z,Galileo,26,0,8
2026-03-14T05:58:52.065Z,Galileo,18,0,8
2026-03-14T05:58:52.080Z,GLONASS,19,10,4
2026-03-14T05:58:52.080Z,GLONASS,19,10,4
2026-03-14T05:58:52.081Z,Galileo,18,0,8
2026-03-14T05:58:52.082Z,GLONASS,9,5,4
2026-03-14T05:58:52.082Z,GLONASS,9,5,4
2026-03-14T05:58:52.082Z,GLONASS,9,5,4
2026-03-14T05:58:52.083Z,GLONASS,19,10,4
2026-03-14T05:58:52.083Z,Galileo,21,0,8
2026-03-14T05:58:52.083Z,Galileo,21,0,8
2026-03-14T05:58:52.085Z,Galileo,26,0,8
2026-03-14T05:58:52.086Z,GLONASS,4,13,4
2026-03-14T05:58:52.086Z,GLONASS,3,12,4
2026-03-14T05:58:52.086Z,GLONASS,10,0,4
2026-03-14T05:58:52.087Z,Galileo,13,0,8
2026-03-14T05:58:52.087Z,GLONASS,4,13,4
2026-03-14T05:58:52.087Z,Galileo,26,0,8
2026-03-14T05:58:52.089Z,Galileo,27,0,8
2026-03-14T05:58:52.089Z,GLONASS,16,6,4
2026-03-14T05:58:52.089Z,GLONASS,18,4,4
2026-03-14T05:58:52.089Z,Galileo,27,0,8
2026-03-14T05:58:52.090Z,GLONASS,4,13,4
2026-03-14T05:58:52.090Z,GLONASS,3,12,4
2026-03-14T05:58:52.090Z,Galileo,13,0,8
2026-03-14T05:58:52.093Z,GLONASS,5,8,4
2026-03-14T05:58:53.162Z,Galileo,18,0,8
2026-03-14T05:58:53.165Z,Galileo,13,0,8
2026-03-14T05:58:53.166Z,Galileo,27,0,8
2026-03-14T05:58:53.338Z,Galileo,21,0,8
2026-03-14T05:58:53.339Z,Galileo,23,0,8
2026-03-14T05:58:53.342Z,Galileo,26,0,8
2026-03-14T05:58:54.054Z,Galileo,18,0,8
2026-03-14T05:58:54.059Z,GPS,3,0,10
2026-03-14T05:58:54.060Z,Galileo,18,0,8
2026-03-14T05:58:54.060Z,GPS,14,0,10
2026-03-14T05:58:54.064Z,GPS,22,0,10
2026-03-14T05:58:54.064Z,GPS,1,0,10
2026-03-14T05:58:54.074Z,Galileo,21,0,8
2026-03-14T05:58:54.076Z,Galileo,26,0,8
2026-03-14T05:58:54.077Z,Galileo,13,0,8
2026-03-14T05:58:54.080Z,GLONASS,19,10,4
2026-03-14T05:58:54.080Z,GLONASS,19,10,4
2026-03-14T05:58:54.080Z,Galileo,21,0,8
2026-03-14T05:58:54.081Z,Galileo,26,0,8
2026-03-14T05:58:54.081Z,Galileo,13,0,8
2026-03-14T05:58:54.081Z,GLONASS,19,10,4
2026-03-14T05:58:54.085Z,GLONASS,4,13,4
2026-03-14T05:58:54.088Z,GLONASS,3,12,4
2026-03-14T05:58:54.089Z,GLONASS,4,13,4
2026-03-14T05:58:54.090Z,Galileo,27,0,8
2026-03-14T05:58:54.093Z,GLONASS,5,8,4
2026-03-14T05:58:54.094Z,GLONASS,3,12,4
2026-03-14T05:58:54.094Z,GLONASS,4,13,4
2026-03-14T05:58:54.094Z,Galileo,27,0,8
2026-03-14T05:58:54.117Z,QZSS,7,0,10
2026-03-14T05:58:54.118Z,QZSS,2,0,10
2026-03-14T05:58:54.121Z,QZSS,3,0,10
2026-03-14T05:58:55.151Z,Galileo,18,0,8
2026-03-14T05:58:55.154Z,Galileo,13,0,8
2026-03-14T05:58:55.155Z,Galileo,27,0,8
2026-03-14T05:58:55.301Z,Galileo,21,0,8
2026-03-14T05:58:55.304Z,Galileo,26,0,8
2026-03-14T05:58:56.058Z,Galileo,18,0,8
2026-03-14T05:58:56.079Z,Galileo,21,0,8
2026-03-14T05:58:56.080Z,GLONASS,19,10,4
2026-03-14T05:58:56.080Z,Galileo,18,0,8
2026-03-14T05:58:56.080Z,Galileo,21,0,8
2026-03-14T05:58:56.081Z,GLONASS,9,5,4
2026-03-14T05:58:56.082Z,Galileo,26,0,8
2026-03-14T05:58:56.082Z,GLONASS,9,5,4
2026-03-14T05:58:56.083Z,Galileo,13,0,8
2026-03-14T05:58:56.085Z,GLONASS,4,13,4
2026-03-14T05:58:56.085Z,GLONASS,3,12,4
2026-03-14T05:58:56.086Z,GLONASS,4,13,4
2026-03-14T05:58:56.086Z,GLONASS,3,12,4
2026-03-14T05:58:56.086Z,Galileo,26,0,8
2026-03-14T05:58:56.086Z,GLONASS,9,5,4
2026-03-14T05:58:56.086Z,Galileo,13,0,8
2026-03-14T05:58:56.087Z,GLONASS,4,13,4
2026-03-14T05:58:56.087Z,GLONASS,3,12,4
2026-03-14T05:58:56.088Z,GLONASS,18,4,4
2026-03-14T05:58:56.088Z,GLONASS,16,6,4
2026-03-14T05:58:56.093Z,GLONASS,5,8,4
2026-03-14T05:58:56.094Z,Galileo,27,0,8
2026-03-14T05:58:56.155Z,GPS,3,0,10
2026-03-14T05:58:56.159Z,GPS,14,0,10
2026-03-14T05:58:56.255Z,GPS,1,0,10
2026-03-14T05:58:56.255Z,QZSS,2,0,10
2026-03-14T05:58:56.255Z,QZSS,3,0,10
2026-03-14T05:58:56.255Z,QZSS,7,0,10
2026-03-14T05:58:56.285Z,BeiDou,34,0,10
2026-03-14T05:58:56.285Z,Galileo,27,0,8
2026-03-14T05:58:56.285Z,GPS,3,0,10
2026-03-14T05:58:56.285Z,GPS,14,0,10
2026-03-14T05:58:56.286Z,GPS,1,0,10
2026-03-14T05:58:56.286Z,QZSS,2,0,10
2026-03-14T05:58:56.286Z,QZSS,3,0,10
2026-03-14T05:58:56.286Z,QZSS,7,0,10
2026-03-14T05:58:56.288Z,BeiDou,12,0,10
2026-03-14T05:58:56.288Z,BeiDou,12,0,10
2026-03-14T05:58:56.288Z,BeiDou,12,0,10
2026-03-14T05:58:56.291Z,BeiDou,21,0,10
2026-03-14T05:58:56.293Z,BeiDou,50,0,10
2026-03-14T05:58:56.333Z,BeiDou,56,0,10
2026-03-14T05:58:56.334Z,BeiDou,40,0,10
2026-03-14T05:58:56.334Z,BeiDou,7,0,10
2026-03-14T05:58:57.134Z,Galileo,18,0,8
2026-03-14T05:58:57.136Z,Galileo,13,0,8
2026-03-14T05:58:57.138Z,Galileo,27,0,8
2026-03-14T05:58:57.306Z,Galileo,21,0,8
2026-03-14T05:58:57.308Z,Galileo,23,0,8
2026-03-14T05:58:57.309Z,Galileo,26,0,8
2026-03-14T05:58:58.062Z,Galileo,18,0,8
2026-03-14T05:58:58.079Z,GLONASS,19,10,4
2026-03-14T05:58:58.080Z,Galileo,18,0,8
2026-03-14T05:58:58.081Z,GLONASS,9,5,4
2026-03-14T05:58:58.082Z,Galileo,21,0,8
2026-03-14T05:58:58.085Z,Galileo,26,0,8
2026-03-14T05:58:58.085Z,GLONASS,4,13,4
2026-03-14T05:58:58.085Z,GLONASS,3,12,4
2026-03-14T05:58:58.085Z,GLONASS,4,13,4
2026-03-14T05:58:58.086Z,GLONASS,3,12,4
2026-03-14T05:58:58.086Z,GLONASS,9,5,4
2026-03-14T05:58:58.086Z,Galileo,21,0,8
2026-03-14T05:58:58.086Z,Galileo,13,0,8
2026-03-14T05:58:58.087Z,Galileo,13,0,8
2026-03-14T05:58:58.087Z,Galileo,26,0,8
2026-03-14T05:58:58.087Z,GLONASS,4,13,4
2026-03-14T05:58:58.087Z,GLONASS,3,12,4
2026-03-14T05:58:58.088Z,Galileo,27,0,8
2026-03-14T05:58:58.088Z,GLONASS,18,4,4
2026-03-14T05:58:58.089Z,GLONASS,16,6,4
2026-03-14T05:58:58.089Z,Galileo,27,0,8
2026-03-14T05:58:58.092Z,GLONASS,5,8,4
2026-03-14T05:58:59.134Z,Galileo,18,0,8
2026-03-14T05:58:59.135Z,Galileo,13,0,8
2026-03-14T05:58:59.138Z,Galileo,27,0,8
2026-03-14T05:58:59.299Z,Galileo,21,0,8
2026-03-14T05:58:59.301Z,Galileo,23,0,8
2026-03-14T05:58:59.302Z,Galileo,26,0,8
2026-03-14T05:59:00.054Z,Galileo,18,0,8
2026-03-14T05:59:00.059Z,GPS,3,0,10
2026-03-14T05:59:00.059Z,Galileo,18,0,8
2026-03-14T05:59:00.060Z,GPS,14,0,10
2026-03-14T05:59:00.064Z,GPS,22,0,10
2026-03-14T05:59:00.064Z,GPS,1,0,10
2026-03-14T05:59:00.074Z,Galileo,21,0,8
2026-03-14T05:59:00.075Z,Galileo,26,0,8
2026-03-14T05:59:00.077Z,Galileo,13,0,8
2026-03-14T05:59:00.079Z,GLONASS,19,10,4
2026-03-14T05:59:00.079Z,Galileo,21,0,8
2026-03-14T05:59:00.080Z,Galileo,26,0,8
2026-03-14T05:59:00.080Z,Galileo,13,0,8
2026-03-14T05:59:00.081Z,GLONASS,9,5,4
2026-03-14T05:59:00.081Z,GLONASS,9,5,4
2026-03-14T05:59:00.081Z,GLONASS,9,5,4
2026-03-14T05:59:00.085Z,GLONASS,20,9,4
2026-03-14T05:59:00.085Z,GLONASS,4,13,4
2026-03-14T05:59:00.085Z,GLONASS,3,12,4
2026-03-14T05:59:00.086Z,GLONASS,4,13,4
2026-03-14T05:59:00.086Z,GLONASS,3,12,4
2026-03-14T05:59:00.086Z,GLONASS,4,13,4
2026-03-14T05:59:00.086Z,GLONASS,3,12,4
2026-03-14T05:59:00.089Z,GLONASS,18,4,4
2026-03-14T05:59:00.089Z,GLONASS,16,6,4
2026-03-14T05:59:00.089Z,GLONASS,18,4,4
2026-03-14T05:59:00.089Z,Galileo,27,0,8
2026-03-14T05:59:00.090Z,GLONASS,18,4,4
2026-03-14T05:59:00.090Z,Galileo,27,0,8
2026-03-14T05:59:00.093Z,GLONASS,5,8,4
2026-03-14T05:59:00.118Z,QZSS,2,0,10
2026-03-14T05:59:00.120Z,QZSS,3,0,10
2026-03-14T05:59:01.128Z,Galileo,18,0,8
2026-03-14T05:59:01.129Z,Galileo,13,0,8
2026-03-14T05:59:01.131Z,Galileo,27,0,8
2026-03-14T05:59:01.302Z,Galileo,21,0,8
2026-03-14T05:59:01.304Z,Galileo,23,0,8
2026-03-14T05:59:01.306Z,Galileo,26,0,8
2026-03-14T05:59:02.058Z,Galileo,18,0,8
2026-03-14T05:59:02.078Z,Galileo,21,0,8
2026-03-14T05:59:02.079Z,Galileo,13,0,8
2026-03-14T05:59:02.080Z,GLONASS,19,10,4
2026-03-14T05:59:02.080Z,Galileo,18,0,8
2026-03-14T05:59:02.080Z,Galileo,21,0,8
2026-03-14T05:59:02.081Z,Galileo,13,0,8
2026-03-14T05:59:02.081Z,GLONASS,9,5,4
2026-03-14T05:59:02.083Z,Galileo,26,0,8
2026-03-14T05:59:02.085Z,GLONASS,4,13,4
2026-03-14T05:59:02.085Z,GLONASS,4,13,4
2026-03-14T05:59:02.086Z,GLONASS,3,12,4
2026-03-14T05:59:02.087Z,GLONASS,9,5,4
2026-03-14T05:59:02.087Z,Galileo,26,0,8
2026-03-14T05:59:02.088Z,GLONASS,18,4,4
2026-03-14T05:59:02.088Z,GLONASS,18,4,4
2026-03-14T05:59:02.088Z,GLONASS,16,6,4
2026-03-14T05:59:02.088Z,GLONASS,18,4,4
2026-03-14T05:59:02.089Z,GLONASS,4,13,4
2026-03-14T05:59:02.092Z,GLONASS,5,8,4
2026-03-14T05:59:02.093Z,Galileo,27,0,8
2026-03-14T05:59:02.093Z,Galileo,27,0,8
2026-03-14T05:59:02.285Z,BeiDou,34,0,10
2026-03-14T05:59:02.288Z,BeiDou,12,0,10
2026-03-14T05:59:02.289Z,BeiDou,12,0,10
2026-03-14T05:59:02.289Z,BeiDou,12,0,10
2026-03-14T05:59:02.291Z,BeiDou,21,0,10
2026-03-14T05:59:02.292Z,BeiDou,44,0,10
2026-03-14T05:59:02.293Z,BeiDou,50,0,10
2026-03-14T05:59:02.293Z,BeiDou,22,0,10
2026-03-14T05:59:02.297Z,BeiDou,42,0,10
2026-03-14T05:59:02.332Z,BeiDou,56,0,10
2026-03-14T05:59:02.333Z,BeiDou,40,0,10
2026-03-14T05:59:02.334Z,BeiDou,7,0,10
2026-03-14T05:59:03.125Z,Galileo,18,0,8
2026-03-14T05:59:03.126Z,Galileo,13,0,8
2026-03-14T05:59:03.129Z,Galileo,27,0,8
2026-03-14T05:59:03.298Z,Galileo,21,0,8
2026-03-14T05:59:03.300Z,Galileo,23,0,8
2026-03-14T05:59:03.301Z,Galileo,26,0,8
2026-03-14T05:59:04.062Z,Galileo,18,0,8
2026-03-14T05:59:04.074Z,Galileo,26,0,8
2026-03-14T05:59:04.079Z,GLONASS,19,10,4
2026-03-14T05:59:04.079Z,Galileo,18,0,8
2026-03-14T05:59:04.079Z,Galileo,26,0,8
2026-03-14T05:59:04.080Z,GLONASS,9,5,4
2026-03-14T05:59:04.081Z,GLONASS,9,5,4
2026-03-14T05:59:04.082Z,Galileo,21,0,8
2026-03-14T05:59:04.085Z,Galileo,13,0,8
2026-03-14T05:59:04.085Z,GLONASS,4,13,4
2026-03-14T05:59:04.086Z,GLONASS,3,12,4
2026-03-14T05:59:04.086Z,GLONASS,10,0,4
2026-03-14T05:59:04.086Z,GLONASS,4,13,4
2026-03-14T05:59:04.086Z,GLONASS,3,12,4
2026-03-14T05:59:04.086Z,Galileo,27,0,8
2026-03-14T05:59:04.087Z,GLONASS,9,5,4
2026-03-14T05:59:04.087Z,Galileo,21,0,8
2026-03-14T05:59:04.088Z,GLONASS,18,4,4
2026-03-14T05:59:04.088Z,Galileo,13,0,8
2026-03-14T05:59:04.088Z,GLONASS,18,4,4
2026-03-14T05:59:04.089Z,GLONASS,18,4,4
2026-03-14T05:59:04.089Z,GLONASS,4,13,4
2026-03-14T05:59:04.089Z,GLONASS,3,12,4
2026-03-14T05:59:04.089Z,Galileo,27,0,8
2026-03-14T05:59:04.092Z,GLONASS,5,8,4
2026-03-14T05:59:05.136Z,Galileo,18,0,8
2026-03-14T05:59:05.138Z,Galileo,13,0,8
2026-03-14T05:59:05.140Z,Galileo,27,0,8
2026-03-14T05:59:05.309Z,Galileo,21,0,8
2026-03-14T05:59:05.311Z,Galileo,23,0,8
2026-03-14T05:59:05.313Z,Galileo,26,0,8
2026-03-14T05:59:06.054Z,Galileo,18,0,8
2026-03-14T05:59:06.059Z,GPS,3,0,10
2026-03-14T05:59:06.059Z,Galileo,18,0,8
2026-03-14T05:59:06.060Z,GPS,14,0,10
2026-03-14T05:59:06.064Z,GPS,1,0,10
2026-03-14T05:59:06.065Z,GPS,17,0,10
2026-03-14T05:59:06.073Z,GPS,2,0,10
2026-03-14T05:59:06.074Z,Galileo,21,0,8
2026-03-14T05:59:06.075Z,Galileo,13,0,8
2026-03-14T05:59:06.078Z,Galileo,26,0,8
2026-03-14T05:59:06.079Z,GLONASS,19,10,4
2026-03-14T05:59:06.079Z,Galileo,21,0,8
2026-03-14T05:59:06.079Z,Galileo,13,0,8
2026-03-14T05:59:06.080Z,Galileo,26,0,8
2026-03-14T05:59:06.081Z,GLONASS,9,5,4
2026-03-14T05:59:06.081Z,GLONASS,9,5,4
2026-03-14T05:59:06.081Z,GLONASS,9,5,4
2026-03-14T05:59:06.084Z,GLONASS,10,0,4
2026-03-14T05:59:06.085Z,GLONASS,4,13,4
2026-03-14T05:59:06.085Z,GLONASS,3,12,4
2026-03-14T05:59:06.085Z,GLONASS,4,13,4
2026-03-14T05:59:06.086Z,GLONASS,4,13,4
2026-03-14T05:59:06.086Z,GLONASS,3,12,4
2026-03-14T05:59:06.088Z,GLONASS,18,4,4
2026-03-14T05:59:06.089Z,GLONASS,16,6,4
2026-03-14T05:59:06.089Z,GLONASS,18,4,4
2026-03-14T05:59:06.089Z,GLONASS,18,4,4
2026-03-14T05:59:06.089Z,Galileo,27,0,8
2026-03-14T05:59:06.090Z,Galileo,27,0,8
2026-03-14T05:59:06.090Z,GLONASS,16,6,4
2026-03-14T05:59:06.092Z,GLONASS,5,8,4
2026-03-14T05:59:06.116Z,QZSS,7,0,10
2026-03-14T05:59:06.117Z,QZSS,2,0,10
2026-03-14T05:59:06.120Z,QZSS,3,0,10
2026-03-14T05:59:07.123Z,Galileo,18,0,8
2026-03-14T05:59:07.125Z,Galileo,13,0,8
2026-03-14T05:59:07.127Z,Galileo,27,0,8
2026-03-14T05:59:07.295Z,Galileo,21,0,8
2026-03-14T05:59:07.297Z,Galileo,23,0,8
2026-03-14T05:59:07.298Z,Galileo,26,0,8
2026-03-14T05:59:08.058Z,Galileo,18,0,8
2026-03-14T05:59:08.078Z,Galileo,21,0,8
2026-03-14T05:59:08.079Z,GLONASS,19,10,4
2026-03-14T05:59:08.079Z,Galileo,18,0,8
2026-03-14T05:59:08.080Z,Galileo,13,0,8
2026-03-14T05:59:08.080Z,Galileo,13,0,8
2026-03-14T05:59:08.080Z,GLONASS,9,5,4
2026-03-14T05:59:08.081Z,GLONASS,9,5,4
2026-03-14T05:59:08.081Z,Galileo,21,0,8
2026-03-14T05:59:08.081Z,GLONASS,9,5,4
2026-03-14T05:59:08.083Z,Galileo,26,0,8
2026-03-14T05:59:08.085Z,GLONASS,4,13,4
2026-03-14T05:59:08.085Z,GLONASS,3,12,4
2026-03-14T05:59:08.085Z,GLONASS,20,9,4
2026-03-14T05:59:08.086Z,GLONASS,10,0,4
2026-03-14T05:59:08.086Z,GLONASS,4,13,4
2026-03-14T05:59:08.086Z,GLONASS,3,12,4
2026-03-14T05:59:08.086Z,Galileo,26,0,8
2026-03-14T05:59:08.086Z,GLONASS,4,13,4
2026-03-14T05:59:08.086Z,GLONASS,3,12,4
2026-03-14T05:59:08.087Z,GLONASS,18,4,4
2026-03-14T05:59:08.088Z,GLONASS,18,4,4
2026-03-14T05:59:08.088Z,GLONASS,16,6,4
2026-03-14T05:59:08.088Z,GLONASS,18,4,4
2026-03-14T05:59:08.092Z,GLONASS,5,8,4
2026-03-14T05:59:08.093Z,Galileo,27,0,8
2026-03-14T05:59:08.093Z,Galileo,27,0,8
2026-03-14T05:59:08.145Z,GPS,3,0,10
2026-03-14T05:59:08.149Z,GPS,14,0,10
2026-03-14T05:59:08.250Z,GPS,1,0,10
2026-03-14T05:59:08.250Z,QZSS,2,0,10
2026-03-14T05:59:08.250Z,QZSS,3,0,10
2026-03-14T05:59:08.250Z,QZSS,7,0,10
2026-03-14T05:59:08.284Z,BeiDou,34,0,10
2026-03-14T05:59:08.285Z,GPS,3,0,10
2026-03-14T05:59:08.285Z,GPS,14,0,10
2026-03-14T05:59:08.285Z,GPS,1,0,10
2026-03-14T05:59:08.285Z,QZSS,2,0,10
2026-03-14T05:59:08.285Z,QZSS,3,0,10
2026-03-14T05:59:08.286Z,QZSS,7,0,10
2026-03-14T05:59:08.288Z,BeiDou,12,0,10
2026-03-14T05:59:08.288Z,BeiDou,11,0,10
2026-03-14T05:59:08.288Z,BeiDou,12,0,10
2026-03-14T05:59:08.288Z,BeiDou,11,0,10
2026-03-14T05:59:08.289Z,BeiDou,12,0,10
2026-03-14T05:59:08.289Z,BeiDou,11,0,10
2026-03-14T05:59:08.291Z,BeiDou,21,0,10
2026-03-14T05:59:08.292Z,BeiDou,44,0,10
2026-03-14T05:59:08.292Z,BeiDou,50,0,10
2026-03-14T05:59:08.293Z,BeiDou,22,0,10
2026-03-14T05:59:08.297Z,BeiDou,42,0,10
2026-03-14T05:59:08.332Z,BeiDou,56,0,10
2026-03-14T05:59:08.333Z,BeiDou,7,0,10
2026-03-14T05:59:08.334Z,BeiDou,40,0,10
2026-03-14T05:59:08.334Z,BeiDou,7,0,10
2026-03-14T05:59:08.337Z,BeiDou,10,0,10
2026-03-14T05:59:09.122Z,Galileo,18,0,8
2026-03-14T05:59:09.125Z,Galileo,13,0,8
2026-03-14T05:59:09.126Z,Galileo,27,0,8
2026-03-14T05:59:09.294Z,SBAS,137,0,8
2026-03-14T05:59:09.296Z,Galileo,21,0,8
2026-03-14T05:59:09.298Z,Galileo,23,0,8
2026-03-14T05:59:09.300Z,Galileo,26,0,8
2026-03-14T05:59:10.062Z,Galileo,18,0,8
2026-03-14T05:59:10.073Z,Galileo,26,0,8
2026-03-14T05:59:10.079Z,GLONASS,19,10,4
2026-03-14T05:59:10.079Z,Galileo,18,0,8
2026-03-14T05:59:10.079Z,Galileo,26,0,8
2026-03-14T05:59:10.080Z,GLONASS,9,5,4
2026-03-14T05:59:10.081Z,GLONASS,9,5,4
2026-03-14T05:59:10.082Z,Galileo,21,0,8
2026-03-14T05:59:10.083Z,Galileo,13,0,8
2026-03-14T05:59:10.085Z,GLONASS,4,13,4
2026-03-14T05:59:10.085Z,GLONASS,3,12,4
2026-03-14T05:59:10.085Z,GLONASS,10,0,4
2026-03-14T05:59:10.086Z,GLONASS,4,13,4
2026-03-14T05:59:10.086Z,Galileo,27,0,8
2026-03-14T05:59:10.086Z,GLONASS,3,12,4
2026-03-14T05:59:10.086Z,GLONASS,9,5,4
2026-03-14T05:59:10.086Z,Galileo,21,0,8
2026-03-14T05:59:10.087Z,Galileo,13,0,8
2026-03-14T05:59:10.087Z,GLONASS,4,13,4
2026-03-14T05:59:10.087Z,GLONASS,18,4,4
2026-03-14T05:59:10.088Z,GLONASS,16,6,4
2026-03-14T05:59:10.088Z,GLONASS,16,6,4
2026-03-14T05:59:10.089Z,GLONASS,18,4,4
2026-03-14T05:59:10.089Z,GLONASS,18,4,4
2026-03-14T05:59:10.089Z,GLONASS,16,6,4
2026-03-14T05:59:10.089Z,GLONASS,3,12,4
2026-03-14T05:59:10.089Z,Galileo,27,0,8
2026-03-14T05:59:10.092Z,GLONASS,5,8,4
2026-03-14T05:59:10.294Z,SBAS,137,0,8
2026-03-14T05:59:11.122Z,Galileo,18,0,8
2026-03-14T05:59:11.125Z,Galileo,13,0,8
2026-03-14T05:59:11.128Z,Galileo,27,0,8
2026-03-14T05:59:11.311Z,Galileo,21,0,8
2026-03-14T05:59:11.315Z,Galileo,23,0,8
2026-03-14T05:59:11.316Z,Galileo,26,0,8
2026-03-14T05:59:11.508Z,SBAS,137,0,8
2026-03-14T05:59:12.057Z,Galileo,18,0,8
2026-03-14T05:59:12.059Z,GPS,3,0,10
2026-03-14T05:59:12.059Z,Galileo,18,0,8
2026-03-14T05:59:12.060Z,GPS,14,0,10
2026-03-14T05:59:12.063Z,GPS,22,0,10
2026-03-14T05:59:12.064Z,GPS,1,0,10
2026-03-14T05:59:12.065Z,GPS,17,0,10
2026-03-14T05:59:12.073Z,GPS,2,0,10
2026-03-14T05:59:12.073Z,Galileo,21,0,8
2026-03-14T05:59:12.074Z,Galileo,21,0,8
2026-03-14T05:59:12.075Z,Galileo,13,0,8
2026-03-14T05:59:12.078Z,Galileo,26,0,8
2026-03-14T05:59:12.079Z,GLONASS,19,10,4
2026-03-14T05:59:12.079Z,Galileo,13,0,8
2026-03-14T05:59:12.079Z,Galileo,26,0,8
2026-03-14T05:59:12.081Z,GLONASS,9,5,4
2026-03-14T05:59:12.081Z,GLONASS,9,5,4
2026-03-14T05:59:12.081Z,GLONASS,9,5,4
2026-03-14T05:59:12.085Z,GLONASS,4,13,4
2026-03-14T05:59:12.085Z,GLONASS,3,12,4
2026-03-14T05:59:12.085Z,GLONASS,20,9,4
2026-03-14T05:59:12.085Z,GLONASS,10,0,4
2026-03-14T05:59:12.086Z,GLONASS,4,13,4
2026-03-14T05:59:12.086Z,GLONASS,3,12,4
2026-03-14T05:59:12.086Z,GLONASS,4,13,4
2026-03-14T05:59:12.086Z,GLONASS,3,12,4
2026-03-14T05:59:12.088Z,GLONASS,16,6,4
2026-03-14T05:59:12.089Z,GLONASS,16,6,4
2026-03-14T05:59:12.089Z,Galileo,27,0,8
2026-03-14T05:59:12.089Z,GLONASS,18,4,4
2026-03-14T05:59:12.089Z,GLONASS,16,6,4
2026-03-14T05:59:12.090Z,Galileo,27,0,8
2026-03-14T05:59:12.092Z,GLONASS,5,8,4
2026-03-14T05:59:12.116Z,QZSS,7,0,10
2026-03-14T05:59:12.117Z,QZSS,2,0,10
2026-03-14T05:59:12.120Z,QZSS,3,0,10
2026-03-14T05:59:12.309Z,SBAS,137,0,8
2026-03-14T05:59:13.132Z,Galileo,18,0,8
2026-03-14T05:59:13.135Z,Galileo,13,0,8
2026-03-14T05:59:13.136Z,Galileo,27,0,8
2026-03-14T05:59:13.295Z,SBAS,137,0,8
2026-03-14T05:59:13.297Z,Galileo,21,0,8
2026-03-14T05:59:13.299Z,Galileo,23,0,8
2026-03-14T05:59:13.301Z,Galileo,26,0,8
2026-03-14T05:59:14.058Z,Galileo,18,0,8
2026-03-14T05:59:14.078Z,Galileo,21,0,8
2026-03-14T05:59:14.079Z,Galileo,13,0,8
2026-03-14T05:59:14.079Z,GLONASS,19,10,4
2026-03-14T05:59:14.080Z,GLONASS,9,5,4
2026-03-14T05:59:14.081Z,GLONASS,9,5,4
2026-03-14T05:59:14.081Z,Galileo,18,0,8
2026-03-14T05:59:14.081Z,GLONASS,9,5,4
2026-03-14T05:59:14.081Z,Galileo,21,0,8
2026-03-14T05:59:14.082Z,Galileo,13,0,8
2026-03-14T05:59:14.082Z,Galileo,26,0,8
2026-03-14T05:59:14.085Z,GLONASS,4,13,4
2026-03-14T05:59:14.085Z,GLONASS,3,12,4
2026-03-14T05:59:14.085Z,GLONASS,10,0,4
2026-03-14T05:59:14.085Z,GLONASS,4,13,4
2026-03-14T05:59:14.086Z,GLONASS,3,12,4
2026-03-14T05:59:14.086Z,Galileo,26,0,8
2026-03-14T05:59:14.086Z,GLONASS,4,13,4
2026-03-14T05:59:14.086Z,GLONASS,3,12,4
2026-03-14T05:59:14.087Z,GLONASS,18,4,4
2026-03-14T05:59:14.088Z,GLONASS,16,6,4
2026-03-14T05:59:14.092Z,GLONASS,5,8,4
2026-03-14T05:59:14.093Z,Galileo,27,0,8
2026-03-14T05:59:14.284Z,BeiDou,34,0,10
2026-03-14T05:59:14.284Z,Galileo,27,0,8
2026-03-14T05:59:14.288Z,BeiDou,12,0,10
2026-03-14T05:59:14.288Z,BeiDou,11,0,10
2026-03-14T05:59:14.288Z,BeiDou,12,0,10
2026-03-14T05:59:14.289Z,BeiDou,11,0,10
2026-03-14T05:59:14.289Z,BeiDou,12,0,10
2026-03-14T05:59:14.289Z,BeiDou,11,0,10
2026-03-14T05:59:14.291Z,BeiDou,25,0,10
2026-03-14T05:59:14.292Z,BeiDou,44,0,10
2026-03-14T05:59:14.292Z,BeiDou,50,0,10
2026-03-14T05:59:14.293Z,BeiDou,22,0,10
2026-03-14T05:59:14.297Z,BeiDou,42,0,10
2026-03-14T05:59:14.301Z,SBAS,137,0,8
2026-03-14T05:59:14.332Z,BeiDou,56,0,10
2026-03-14T05:59:14.333Z,BeiDou,7,0,10
2026-03-14T05:59:14.333Z,BeiDou,40,0,10
2026-03-14T05:59:14.334Z,BeiDou,7,0,10
2026-03-14T05:59:14.334Z,BeiDou,7,0,10
2026-03-14T05:59:14.337Z,BeiDou,10,0,10
2026-03-14T05:59:14.340Z,BeiDou,38,0,10
2026-03-14T05:59:15.128Z,Galileo,18,0,8
2026-03-14T05:59:15.130Z,Galileo,13,0,8
2026-03-14T05:59:15.131Z,Galileo,27,0,8
2026-03-14T05:59:15.298Z,SBAS,137,0,8
2026-03-14T05:59:15.299Z,Galileo,21,0,8
2026-03-14T05:59:15.301Z,Galileo,23,0,8
2026-03-14T05:59:15.303Z,Galileo,26,0,8
2026-03-14T05:59:16.062Z,Galileo,18,0,8
2026-03-14T05:59:16.074Z,Galileo,26,0,8
2026-03-14T05:59:16.079Z,GLONASS,19,10,4
2026-03-14T05:59:16.079Z,Galileo,18,0,8
2026-03-14T05:59:16.079Z,Galileo,26,0,8
2026-03-14T05:59:16.080Z,GLONASS,9,5,4
2026-03-14T05:59:16.081Z,GLONASS,9,5,4
2026-03-14T05:59:16.082Z,Galileo,21,0,8
2026-03-14T05:59:16.083Z,Galileo,13,0,8
2026-03-14T05:59:16.085Z,GLONASS,4,13,4
2026-03-14T05:59:16.085Z,GLONASS,3,12,4
2026-03-14T05:59:16.085Z,GLONASS,10,0,4
2026-03-14T05:59:16.085Z,Galileo,27,0,8
2026-03-14T05:59:16.086Z,GLONASS,4,13,4
2026-03-14T05:59:16.086Z,GLONASS,3,12,4
2026-03-14T05:59:16.086Z,GLONASS,9,5,4
2026-03-14T05:59:16.086Z,Galileo,21,0,8
2026-03-14T05:59:16.087Z,Galileo,13,0,8
2026-03-14T05:59:16.087Z,GLONASS,4,13,4
2026-03-14T05:59:16.087Z,GLONASS,18,4,4
2026-03-14T05:59:16.088Z,GLONASS,16,6,4
2026-03-14T05:59:16.088Z,GLONASS,18,4,4
2026-03-14T05:59:16.088Z,GLONASS,16,6,4
2026-03-14T05:59:16.089Z,GLONASS,18,4,4
2026-03-14T05:59:16.089Z,GLONASS,16,6,4
2026-03-14T05:59:16.089Z,GLONASS,3,12,4
2026-03-14T05:59:16.089Z,Galileo,27,0,8
2026-03-14T05:59:16.092Z,GLONASS,5,8,4
2026-03-14T05:59:16.291Z,SBAS,137,0,8
2026-03-14T05:59:17.120Z,Galileo,18,0,8
2026-03-14T05:59:17.121Z,Galileo,13,0,8
2026-03-14T05:59:17.123Z,Galileo,27,0,8
2026-03-14T05:59:17.294Z,Galileo,21,0,8
2026-03-14T05:59:17.295Z,Galileo,23,0,8
2026-03-14T05:59:17.298Z,Galileo,26,0,8
2026-03-14T05:59:18.053Z,Galileo,18,0,8
2026-03-14T05:59:18.059Z,GPS,3,0,10
2026-03-14T05:59:18.059Z,Galileo,18,0,8
2026-03-14T05:59:18.063Z,GPS,22,0,10
2026-03-14T05:59:18.064Z,GPS,1,0,10
2026-03-14T05:59:18.064Z,GPS,17,0,10
2026-03-14T05:59:18.073Z,GPS,2,0,10
2026-03-14T05:59:18.074Z,Galileo,21,0,8
2026-03-14T05:59:18.075Z,Galileo,13,0,8
2026-03-14T05:59:18.078Z,Galileo,26,0,8
2026-03-14T05:59:18.079Z,GLONASS,19,10,4
2026-03-14T05:59:18.079Z,Galileo,21,0,8
2026-03-14T05:59:18.079Z,Galileo,13,0,8
2026-03-14T05:59:18.079Z,Galileo,26,0,8
2026-03-14T05:59:18.081Z,GLONASS,9,5,4
2026-03-14T05:59:18.081Z,GLONASS,9,5,4
2026-03-14T05:59:18.081Z,GLONASS,9,5,4
2026-03-14T05:59:18.085Z,GLONASS,4,13,4
2026-03-14T05:59:18.085Z,GLONASS,3,12,4
2026-03-14T05:59:18.085Z,GLONASS,20,9,4
2026-03-14T05:59:18.085Z,GLONASS,10,0,4
2026-03-14T05:59:18.085Z,GLONASS,4,13,4
2026-03-14T05:59:18.085Z,GLONASS,3,12,4
2026-03-14T05:59:18.086Z,GLONASS,4,13,4
2026-03-14T05:59:18.086Z,GLONASS,3,12,4
2026-03-14T05:59:18.088Z,GLONASS,18,4,4
2026-03-14T05:59:18.088Z,GLONASS,16,6,4
2026-03-14T05:59:18.088Z,GLONASS,18,4,4
2026-03-14T05:59:18.089Z,Galileo,27,0,8
2026-03-14T05:59:18.089Z,GLONASS,18,4,4
2026-03-14T05:59:18.089Z,Galileo,27,0,8
2026-03-14T05:59:18.089Z,GLONASS,16,6,4
2026-03-14T05:59:18.092Z,GLONASS,5,8,4
2026-03-14T05:59:18.116Z,QZSS,7,0,10
2026-03-14T05:59:18.117Z,QZSS,2,0,10
2026-03-14T05:59:18.120Z,QZSS,3,0,10
2026-03-14T05:59:18.297Z,SBAS,137,0,8
2026-03-14T05:59:19.122Z,Galileo,18,0,8
2026-03-14T05:59:19.124Z,Galileo,13,0,8
2026-03-14T05:59:19.126Z,Galileo,27,0,8
2026-03-14T05:59:19.268Z,GPS,19,0,10
2026-03-14T05:59:19.295Z,SBAS,137,0,8
2026-03-14T05:59:19.296Z,Galileo,21,0,8
2026-03-14T05:59:19.298Z,Galileo,23,0,8
2026-03-14T05:59:19.300Z,Galileo,26,0,8
2026-03-14T05:59:20.058Z,Galileo,18,0,8
2026-03-14T05:59:20.078Z,Galileo,21,0,8
2026-03-14T05:59:20.079Z,Galileo,13,0,8
2026-03-14T05:59:20.079Z,GLONASS,19,10,4
2026-03-14T05:59:20.079Z,Galileo,18,0,8
2026-03-14T05:59:20.079Z,Galileo,21,0,8
2026-03-14T05:59:20.080Z,GLONASS,9,5,4
2026-03-14T05:59:20.081Z,GLONASS,9,5,4
2026-03-14T05:59:20.081Z,GLONASS,9,5,4
2026-03-14T05:59:20.081Z,Galileo,13,0,8
2026-03-14T05:59:20.082Z,Galileo,26,0,8
2026-03-14T05:59:20.085Z,GLONASS,4,13,4
2026-03-14T05:59:20.085Z,GLONASS,3,12,4
2026-03-14T05:59:20.085Z,GLONASS,20,9,4
2026-03-14T05:59:20.085Z,GLONASS,10,0,4
2026-03-14T05:59:20.085Z,GLONASS,4,13,4
2026-03-14T05:59:20.085Z,GLONASS,3,12,4
2026-03-14T05:59:20.086Z,Galileo,26,0,8
2026-03-14T05:59:20.086Z,GLONASS,4,13,4
2026-03-14T05:59:20.086Z,GLONASS,3,12,4
2026-03-14T05:59:20.087Z,GLONASS,18,4,4
2026-03-14T05:59:20.088Z,GLONASS,16,6,4
2026-03-14T05:59:20.088Z,GLONASS,16,6,4
2026-03-14T05:59:20.089Z,GLONASS,18,4,4
2026-03-14T05:59:20.089Z,GLONASS,18,4,4
2026-03-14T05:59:20.089Z,GLONASS,16,6,4
2026-03-14T05:59:20.092Z,Galileo,27,0,8
2026-03-14T05:59:20.092Z,GLONASS,5,8,4
2026-03-14T05:59:20.093Z,Galileo,27,0,8
2026-03-14T05:59:20.146Z,GPS,3,0,10
2026-03-14T05:59:20.150Z,GPS,14,0,10
2026-03-14T05:59:20.252Z,GPS,17,0,10
2026-03-14T05:59:20.252Z,GPS,1,0,10
2026-03-14T05:59:20.252Z,QZSS,2,0,10
2026-03-14T05:59:20.252Z,QZSS,3,0,10
2026-03-14T05:59:20.253Z,QZSS,7,0,10
2026-03-14T05:59:20.284Z,BeiDou,34,0,10
2026-03-14T05:59:20.284Z,GPS,3,0,10
2026-03-14T05:59:20.284Z,GPS,14,0,10
2026-03-14T05:59:20.285Z,GPS,17,0,10
2026-03-14T05:59:20.285Z,GPS,1,0,10
2026-03-14T05:59:20.285Z,QZSS,2,0,10
2026-03-14T05:59:20.285Z,QZSS,3,0,10
2026-03-14T05:59:20.285Z,QZSS,7,0,10
2026-03-14T05:59:20.288Z,BeiDou,12,0,10
2026-03-14T05:59:20.288Z,BeiDou,11,0,10
2026-03-14T05:59:20.288Z,BeiDou,12,0,10
2026-03-14T05:59:20.288Z,BeiDou,11,0,10
2026-03-14T05:59:20.289Z,BeiDou,12,0,10
2026-03-14T05:59:20.289Z,BeiDou,11,0,10
2026-03-14T05:59:20.291Z,BeiDou,21,0,10
2026-03-14T05:59:20.292Z,BeiDou,44,0,10
2026-03-14T05:59:20.292Z,BeiDou,50,0,10
2026-03-14T05:59:20.293Z,BeiDou,22,0,10
2026-03-14T05:59:20.297Z,BeiDou,42,0,10
2026-03-14T05:59:20.298Z,BeiDou,24,0,10
2026-03-14T05:59:20.302Z,SBAS,137,0,8
2026-03-14T05:59:20.332Z,BeiDou,56,0,10
2026-03-14T05:59:20.333Z,BeiDou,7,0,10
2026-03-14T05:59:20.333Z,BeiDou,40,0,10
2026-03-14T05:59:20.333Z,BeiDou,7,0,10
2026-03-14T05:59:20.334Z,BeiDou,7,0,10
2026-03-14T05:59:20.337Z,BeiDou,10,0,10
2026-03-14T05:59:20.340Z,BeiDou,38,0,10
2026-03-14T05:59:21.125Z,Galileo,18,0,8
2026-03-14T05:59:21.126Z,Galileo,13,0,8
2026-03-14T05:59:21.129Z,Galileo,27,0,8
2026-03-14T05:59:21.309Z,SBAS,137,0,8
2026-03-14T05:59:21.311Z,Galileo,21,0,8
2026-03-14T05:59:21.314Z,Galileo,23,0,8
2026-03-14T05:59:21.316Z,Galileo,26,0,8
2026-03-14T05:59:22.062Z,Galileo,18,0,8
2026-03-14T05:59:22.074Z,Galileo,26,0,8
2026-03-14T05:59:22.079Z,GLONASS,19,10,4
2026-03-14T05:59:22.079Z,Galileo,18,0,8
2026-03-14T05:59:22.079Z,Galileo,26,0,8
2026-03-14T05:59:22.080Z,GLONASS,9,5,4
2026-03-14T05:59:22.081Z,GLONASS,9,5,4
2026-03-14T05:59:22.082Z,Galileo,21,0,8
2026-03-14T05:59:22.085Z,Galileo,13,0,8
2026-03-14T05:59:22.085Z,GLONASS,4,13,4
2026-03-14T05:59:22.085Z,GLONASS,3,12,4
2026-03-14T05:59:22.085Z,GLONASS,20,9,4
2026-03-14T05:59:22.088Z,Galileo,27,0,8
2026-03-14T05:59:22.088Z,GLONASS,18,4,4
2026-03-14T05:59:22.089Z,GLONASS,16,6,4
2026-03-14T05:59:22.089Z,GLONASS,10,0,4
2026-03-14T05:59:22.089Z,GLONASS,16,6,4
2026-03-14T05:59:22.089Z,GLONASS,18,4,4
2026-03-14T05:59:22.089Z,GLONASS,4,13,4
2026-03-14T05:59:22.089Z,GLONASS,3,12,4
2026-03-14T05:59:22.089Z,GLONASS,9,5,4
2026-03-14T05:59:22.090Z,Galileo,21,0,8
2026-03-14T05:59:22.090Z,Galileo,13,0,8
2026-03-14T05:59:22.090Z,GLONASS,4,13,4
2026-03-14T05:59:22.090Z,GLONASS,3,12,4
2026-03-14T05:59:22.090Z,Galileo,27,0,8
2026-03-14T05:59:22.091Z,GLONASS,18,4,4
2026-03-14T05:59:22.091Z,GLONASS,16,6,4
2026-03-14T05:59:22.092Z,GLONASS,5,8,4
2026-03-14T05:59:22.306Z,SBAS,137,0,8
2026-03-14T05:59:23.125Z,Galileo,18,0,8
2026-03-14T05:59:23.128Z,Galileo,13,0,8
2026-03-14T05:59:23.129Z,Galileo,27,0,8
2026-03-14T05:59:23.300Z,SBAS,137,0,8
2026-03-14T05:59:23.302Z,Galileo,21,0,8
2026-03-14T05:59:23.304Z,Galileo,23,0,8
2026-03-14T05:59:23.305Z,Galileo,26,0,8
2026-03-14T05:59:24.053Z,Galileo,18,0,8
2026-03-14T05:59:24.059Z,GPS,3,0,10
2026-03-14T05:59:24.059Z,Galileo,18,0,8
2026-03-14T05:59:24.063Z,GPS,22,0,10
2026-03-14T05:59:24.064Z,GPS,17,0,10
2026-03-14T05:59:24.073Z,GPS,2,0,10
2026-03-14T05:59:24.073Z,Galileo,21,0,8
2026-03-14T05:59:24.074Z,Galileo,21,0,8
2026-03-14T05:59:24.075Z,Galileo,13,0,8
2026-03-14T05:59:24.079Z,GLONASS,19,10,4
2026-03-14T05:59:24.079Z,Galileo,13,0,8
2026-03-14T05:59:24.080Z,GLONASS,9,5,4
2026-03-14T05:59:24.084Z,GLONASS,4,13,4
2026-03-14T05:59:24.084Z,GLONASS,3,12,4
2026-03-14T05:59:24.085Z,GLONASS,3,12,4
2026-03-14T05:59:24.085Z,GLONASS,4,13,4
2026-03-14T05:59:24.085Z,GLONASS,3,12,4
2026-03-14T05:59:24.086Z,GLONASS,4,13,4
2026-03-14T05:59:24.088Z,GLONASS,16,6,4
2026-03-14T05:59:24.089Z,GLONASS,18,4,4
2026-03-14T05:59:24.089Z,Galileo,27,0,8
2026-03-14T05:59:24.089Z,GLONASS,16,6,4
2026-03-14T05:59:24.089Z,Galileo,27,0,8
2026-03-14T05:59:24.092Z,GLONASS,5,8,4
2026-03-14T05:59:24.116Z,QZSS,7,0,10
2026-03-14T05:59:24.117Z,QZSS,2,0,10
2026-03-14T05:59:24.120Z,QZSS,3,0,10
2026-03-14T05:59:24.246Z,Galileo,26,0,8
2026-03-14T05:59:24.291Z,SBAS,137,0,8
2026-03-14T05:59:24.291Z,Galileo,26,0,8
2026-03-14T05:59:25.114Z,Galileo,18,0,8
2026-03-14T05:59:25.116Z,Galileo,13,0,8
2026-03-14T05:59:25.118Z,Galileo,27,0,8
2026-03-14T05:59:25.319Z,Galileo,21,0,8
2026-03-14T05:59:25.321Z,Galileo,23,0,8
2026-03-14T05:59:26.058Z,Galileo,18,0,8
2026-03-14T05:59:26.079Z,Galileo,13,0,8
2026-03-14T05:59:26.079Z,GLONASS,19,10,4
2026-03-14T05:59:26.080Z,Galileo,18,0,8
2026-03-14T05:59:26.081Z,Galileo,13,0,8
2026-03-14T05:59:26.085Z,GLONASS,4,13,4
2026-03-14T05:59:26.085Z,GLONASS,3,12,4
2026-03-14T05:59:26.085Z,GLONASS,4,13,4
2026-03-14T05:59:26.085Z,GLONASS,3,12,4
2026-03-14T05:59:26.086Z,GLONASS,4,13,4
2026-03-14T05:59:26.086Z,GLONASS,3,12,4
2026-03-14T05:59:26.088Z,GLONASS,18,4,4
2026-03-14T05:59:26.088Z,GLONASS,16,6,4
2026-03-14T05:59:26.088Z,GLONASS,18,4,4
2026-03-14T05:59:26.088Z,GLONASS,18,4,4
2026-03-14T05:59:26.093Z,Galileo,27,0,8
2026-03-14T05:59:26.093Z,GLONASS,5,8,4
2026-03-14T05:59:26.093Z,Galileo,27,0,8
2026-03-14T05:59:26.287Z,BeiDou,12,0,10
2026-03-14T05:59:26.288Z,BeiDou,12,0,10
2026-03-14T05:59:26.288Z,BeiDou,12,0,10
2026-03-14T05:59:26.291Z,BeiDou,21,0,10
2026-03-14T05:59:26.292Z,BeiDou,50,0,10
2026-03-14T05:59:26.293Z,BeiDou,22,0,10
2026-03-14T05:59:26.297Z,BeiDou,42,0,10
2026-03-14T05:59:26.340Z,BeiDou,38,0,10
2026-03-14T05:59:27.133Z,Galileo,18,0,8
2026-03-14T05:59:27.135Z,Galileo,13,0,8
2026-03-14T05:59:27.137Z,Galileo,27,0,8
2026-03-14T05:59:28.085Z,GLONASS,3,12,4
2026-03-14T05:59:28.088Z,GLONASS,16,6,4
2026-03-14T05:59:28.093Z,Galileo,27,0,8
2026-03-14T05:59:28.093Z,GLONASS,5,8,4
2026-03-14T05:59:28.093Z,Galileo,27,0,8
2026-03-14T05:59:29.145Z,Galileo,18,0,8
2026-03-14T05:59:29.149Z,Galileo,27,0,8
2026-03-14T05:59:30.058Z,Galileo,18,0,8
2026-03-14T05:59:30.085Z,GLONASS,4,13,4
2026-03-14T05:59:30.085Z,GLONASS,3,12,4
2026-03-14T05:59:30.085Z,Galileo,18,0,8
2026-03-14T05:59:30.087Z,GLONASS,18,4,4
2026-03-14T05:59:30.092Z,GLONASS,5,8,4
2026-03-14T05:59:30.093Z,Galileo,27,0,8
2026-03-14T05:59:30.093Z,Galileo,27,0,8
2026-03-14T05:59:31.107Z,Galileo,18,0,8
2026-03-14T05:59:31.110Z,Galileo,27,0,8
2026-03-14T05:59:41.091Z,Galileo,18,0,8
2026-03-14T05:59:45.098Z,Galileo,27,0,8
2026-03-14T05:59:47.092Z,Galileo,18,0,8
2026-03-14T05:59:48.084Z,GLONASS,4,13,4
2026-03-14T05:59:51.089Z,Galileo,18,0,8
2026-03-14T05:59:52.089Z,GLONASS,3,12,4
2026-03-14T05:59:52.089Z,GLONASS,3,12,4
2026-03-14T05:59:52.089Z,GLONASS,3,12,4
2026-03-14T05:59:53.093Z,Galileo,18,0,8
2026-03-14T05:59:54.088Z,GLONASS,3,12,4
2026-03-14T05:59:54.089Z,GLONASS,4,13,4
2026-03-14T05:59:54.089Z,GLONASS,3,12,4
2026-03-14T05:59:54.089Z,GLONASS,3,12,4
2026-03-14T05:59:55.117Z,Galileo,18,0,8
2026-03-14T05:59:56.089Z,GLONASS,3,12,4
2026-03-14T05:59:56.089Z,GLONASS,4,13,4
2026-03-14T05:59:56.090Z,GLONASS,3,12,4
2026-03-14T05:59:56.091Z,GLONASS,3,12,4
2026-03-14T05:59:57.093Z,Galileo,18,0,8
2026-03-14T05:59:58.083Z,GLONASS,4,13,4
2026-03-14T05:59:58.084Z,GLONASS,3,12,4
2026-03-14T05:59:58.091Z,GLONASS,3,12,4
2026-03-14T05:59:59.087Z,GLONASS,3,12,4
2026-03-14T05:59:59.089Z,Galileo,18,0,8
2026-03-14T06:00:00.088Z,GLONASS,3,12,4
2026-03-14T06:00:00.088Z,GLONASS,3,12,4
2026-03-14T06:00:00.088Z,GLONASS,3,12,4
2026-03-14T06:00:01.109Z,Galileo,18,0,8
2026-03-14T06:00:02.086Z,GLONASS,3,12,4
2026-03-14T06:00:02.086Z,GLONASS,3,12,4
2026-03-14T06:00:02.086Z,GLONASS,3,12,4
2026-03-14T06:00:03.082Z,Galileo,18,0,8
2026-03-14T06:00:03.092Z,Galileo,27,0,8
2026-03-14T06:00:04.083Z,GLONASS,4,13,4
2026-03-14T06:00:04.084Z,GLONASS,3,12,4
2026-03-14T06:00:04.084Z,GLONASS,3,12,4
2026-03-14T06:00:05.090Z,GLONASS,3,12,4
2026-03-14T06:00:05.093Z,Galileo,18,0,8
2026-03-14T06:00:05.094Z,Galileo,27,0,8
2026-03-14T06:00:06.084Z,GLONASS,3,12,4
2026-03-14T06:00:06.088Z,GLONASS,3,12,4
2026-03-14T06:00:07.083Z,GLONASS,3,12,4
2026-03-14T06:00:07.085Z,Galileo,18,0,8
2026-03-14T06:00:07.092Z,Galileo,27,0,8
2026-03-14T06:00:08.083Z,GLONASS,4,13,4
2026-03-14T06:00:08.083Z,GLONASS,3,12,4
2026-03-14T06:00:08.084Z,GLONASS,3,12,4
2026-03-14T06:00:09.087Z,GLONASS,3,12,4
2026-03-14T06:00:09.088Z,Galileo,18,0,8
2026-03-14T06:00:09.092Z,Galileo,27,0,8
2026-03-14T06:00:10.087Z,GLONASS,3,12,4
2026-03-14T06:00:10.087Z,GLONASS,4,13,4
2026-03-14T06:00:10.087Z,GLONASS,3,12,4
2026-03-14T06:00:10.087Z,GLONASS,3,12,4
2026-03-14T06:00:11.092Z,Galileo,18,0,8
2026-03-14T06:00:11.093Z,Galileo,27,0,8
2026-03-14T06:00:12.083Z,GLONASS,4,13,4
2026-03-14T06:00:12.084Z,GLONASS,3,12,4
2026-03-14T06:00:12.093Z,GLONASS,3,12,4
2026-03-14T06:00:13.083Z,Galileo,18,0,8
2026-03-14T06:00:13.083Z,GLONASS,3,12,4
2026-03-14T06:00:13.093Z,Galileo,27,0,8
2026-03-14T06:00:14.084Z,GLONASS,3,12,4
2026-03-14T06:00:14.090Z,GLONASS,3,12,4
2026-03-14T06:00:14.293Z,BeiDou,22,0,10
2026-03-14T06:00:14.293Z,GLONASS,3,12,4
2026-03-14T06:00:15.081Z,Galileo,18,0,8
2026-03-14T06:00:15.092Z,Galileo,27,0,8
2026-03-14T06:00:16.084Z,GLONASS,3,12,4
2026-03-14T06:00:16.084Z,GLONASS,4,13,4
2026-03-14T06:00:16.084Z,GLONASS,3,12,4
2026-03-14T06:00:16.084Z,GLONASS,3,12,4
2026-03-14T06:00:17.083Z,Galileo,18,0,8
2026-03-14T06:00:17.092Z,Galileo,27,0,8
2026-03-14T06:00:18.083Z,GLONASS,4,13,4
2026-03-14T06:00:18.083Z,GLONASS,3,12,4
2026-03-14T06:00:18.084Z,GLONASS,3,12,4
2026-03-14T06:00:19.083Z,Galileo,18,0,8
2026-03-14T06:00:19.083Z,GLONASS,3,12,4
2026-03-14T06:00:19.092Z,Galileo,27,0,8
2026-03-14T06:00:20.083Z,GLONASS,3,12,4
2026-03-14T06:00:20.089Z,GLONASS,3,12,4
2026-03-14T06:00:20.146Z,GPS,1,0,10
2026-03-14T06:00:20.292Z,BeiDou,22,0,10
2026-03-14T06:00:20.293Z,GLONASS,3,12,4
2026-03-14T06:00:20.293Z,GPS,1,0,10
2026-03-14T06:00:21.081Z,Galileo,18,0,8
2026-03-14T06:00:22.083Z,GLONASS,3,12,4
2026-03-14T06:00:22.087Z,GLONASS,3,12,4
2026-03-14T06:00:23.081Z,Galileo,18,0,8
2026-03-14T06:00:23.081Z,GLONASS,3,12,4
2026-03-14T06:00:23.091Z,Galileo,27,0,8
2026-03-14T06:00:24.083Z,GLONASS,3,12,4
2026-03-14T06:00:24.090Z,GLONASS,3,12,4
2026-03-14T06:00:25.084Z,Galileo,18,0,8
2026-03-14T06:00:25.084Z,GLONASS,3,12,4
2026-03-14T06:00:25.092Z,Galileo,27,0,8
2026-03-14T06:00:26.083Z,GLONASS,3,12,4
2026-03-14T06:00:26.084Z,GLONASS,3,12,4
2026-03-14T06:00:26.292Z,BeiDou,22,0,10
2026-03-14T06:00:26.292Z,GLONASS,3,12,4
2026-03-14T06:00:27.095Z,Galileo,18,0,8
2026-03-14T06:00:27.097Z,Galileo,27,0,8
2026-03-14T06:00:28.083Z,GLONASS,3,12,4
2026-03-14T06:00:28.090Z,GLONASS,3,12,4
2026-03-14T06:00:29.082Z,Galileo,18,0,8
2026-03-14T06:00:29.083Z,GLONASS,3,12,4
2026-03-14T06:00:29.092Z,Galileo,27,0,8
2026-03-14T06:00:30.083Z,GLONASS,3,12,4
2026-03-14T06:00:30.089Z,GLONASS,3,12,4
2026-03-14T06:00:31.077Z,Galileo,18,0,8
2026-03-14T06:00:31.077Z,GLONASS,3,12,4
2026-03-14T06:00:32.083Z,GLONASS,3,12,4
2026-03-14T06:00:32.083Z,GLONASS,3,12,4
2026-03-14T06:00:32.292Z,BeiDou,22,0,10
2026-03-14T06:00:32.292Z,GLONASS,3,12,4
2026-03-14T06:00:33.083Z,Galileo,18,0,8
2026-03-14T06:00:34.083Z,GLONASS,3,12,4
2026-03-14T06:00:34.093Z,GLONASS,3,12,4
2026-03-14T06:00:35.077Z,Galileo,18,0,8
2026-03-14T06:00:35.078Z,GLONASS,3,12,4
2026-03-14T06:00:35.091Z,Galileo,27,0,8
2026-03-14T06:00:36.083Z,GLONASS,3,12,4
2026-03-14T06:00:36.090Z,GLONASS,3,12,4
2026-03-14T06:00:37.083Z,GLONASS,3,12,4
2026-03-14T06:00:37.085Z,Galileo,18,0,8
2026-03-14T06:00:37.091Z,Galileo,27,0,8
2026-03-14T06:00:38.091Z,GLONASS,3,12,4
2026-03-14T06:00:38.091Z,GLONASS,3,12,4
2026-03-14T06:00:38.292Z,BeiDou,22,0,10
2026-03-14T06:00:39.078Z,Galileo,18,0,8
2026-03-14T06:00:39.091Z,Galileo,27,0,8
2026-03-14T06:00:40.084Z,GLONASS,3,12,4
2026-03-14T06:00:40.091Z,GLONASS,3,12,4
2026-03-14T06:00:41.083Z,Galileo,18,0,8
2026-03-14T06:00:42.071Z,GPS,2,0,10
2026-03-14T06:00:42.083Z,GLONASS,3,12,4
2026-03-14T06:00:43.084Z,Galileo,18,0,8
2026-03-14T06:00:44.083Z,GLONASS,3,12,4
2026-03-14T06:00:44.292Z,BeiDou,22,0,10
2026-03-14T06:00:45.091Z,Galileo,18,0,8
2026-03-14T06:00:46.086Z,GLONASS,3,12,4
2026-03-14T06:00:47.079Z,Galileo,18,0,8
2026-03-14T06:00:48.071Z,GPS,2,0,10
2026-03-14T06:00:48.085Z,GLONASS,3,12,4
2026-03-14T06:00:49.106Z,Galileo,18,0,8
2026-03-14T06:00:50.082Z,GLONASS,3,12,4
2026-03-14T06:00:50.292Z,BeiDou,22,0,10
2026-03-14T06:00:51.080Z,Galileo,18,0,8
2026-03-14T06:00:52.082Z,GLONASS,3,12,4
2026-03-14T06:00:53.083Z,Galileo,18,0,8
2026-03-14T06:00:54.071Z,GPS,2,0,10
2026-03-14T06:00:54.082Z,GLONASS,3,12,4
2026-03-14T06:00:55.075Z,Galileo,18,0,8
2026-03-14T06:00:56.082Z,GLONASS,3,12,4
2026-03-14T06:00:56.292Z,BeiDou,22,0,10
2026-03-14T06:00:57.080Z,Galileo,18,0,8
2026-03-14T06:00:58.082Z,GLONASS,3,12,4
2026-03-14T06:00:59.081Z,Galileo,18,0,8
2026-03-14T06:01:00.082Z,GLONASS,3,12,4
2026-03-14T06:01:01.085Z,Galileo,18,0,8
2026-03-14T06:01:02.082Z,GLONASS,3,12,4
2026-03-14T06:01:03.075Z,Galileo,18,0,8
2026-03-14T06:01:04.082Z,GLONASS,3,12,4
2026-03-14T06:01:04.084Z,GLONASS,18,4,4
2026-03-14T06:01:05.079Z,Galileo,18,0,8
2026-03-14T06:01:06.082Z,GLONASS,3,12,4
2026-03-14T06:01:07.081Z,Galileo,18,0,8
2026-03-14T06:01:08.082Z,GLONASS,3,12,4
2026-03-14T06:01:08.285Z,BeiDou,12,0,10
2026-03-14T06:01:09.077Z,Galileo,18,0,8
2026-03-14T06:01:09.077Z,BeiDou,12,0,10
2026-03-14T06:01:10.082Z,GLONASS,3,12,4
2026-03-14T06:01:11.068Z,Galileo,18,0,8
2026-03-14T06:01:12.082Z,GLONASS,3,12,4
2026-03-14T06:01:13.090Z,Galileo,18,0,8
2026-03-14T06:01:14.092Z,GLONASS,3,12,4
2026-03-14T06:01:14.285Z,BeiDou,12,0,10
2026-03-14T06:01:15.090Z,Galileo,18,0,8
2026-03-14T06:01:15.090Z,BeiDou,12,0,10
2026-03-14T06:01:16.091Z,GLONASS,3,12,4
2026-03-14T06:01:17.089Z,Galileo,18,0,8
2026-03-14T06:01:18.076Z,GPS,2,0,10
2026-03-14T06:01:19.069Z,Galileo,18,0,8
2026-03-14T06:01:21.071Z,Galileo,18,0,8
2026-03-14T06:01:23.076Z,Galileo,18,0,8
2026-03-14T06:01:25.078Z,Galileo,18,0,8
2026-03-14T06:01:27.076Z,Galileo,18,0,8
2026-03-14T06:01:29.079Z,Galileo,18,0,8
2026-03-14T06:01:31.079Z,Galileo,18,0,8
2026-03-14T06:01:32.284Z,BeiDou,12,0,10
2026-03-14T06:01:33.076Z,Galileo,18,0,8
2026-03-14T06:01:33.076Z,BeiDou,12,0,10
2026-03-14T06:01:35.075Z,Galileo,18,0,8
2026-03-14T06:01:36.081Z,GLONASS,3,12,4
2026-03-14T06:01:37.078Z,Galileo,18,0,8
2026-03-14T06:01:38.081Z,GLONASS,3,12,4
2026-03-14T06:01:38.284Z,BeiDou,12,0,10
2026-03-14T06:01:39.093Z,BeiDou,12,0,10
2026-03-14T06:01:42.081Z,GLONASS,3,12,4
2026-03-14T06:01:50.083Z,GLONASS,18,4,4
2026-03-14T06:01:52.083Z,GLONASS,18,4,4
