recv_utc,tow_s,lat_deg,lon_deg,alt_m,fix_quality,num_sv,hdop
2026-03-14T05:48:13.049Z,,36.07084600,136.59528000,1202.100,1,5,99.99
2026-03-14T05:48:13.242Z,,36.07084600,136.59528000,1202.100,1,5,99.99
2026-03-14T05:48:13.442Z,,36.07084600,136.59528000,1202.100,1,5,99.99
2026-03-14T05:48:13.643Z,,36.07084600,136.59528000,1202.100,1,4,99.99
2026-03-14T05:48:13.844Z,,36.07084600,136.59528000,1202.100,1,4,99.99
2026-03-14T05:48:14.048Z,,36.07084600,136.59528000,1202.100,1,4,99.99
2026-03-14T05:48:14.243Z,,36.07084600,136.59528000,1202.100,1,4,99.99
2026-03-14T05:48:14.443Z,,36.07084600,136.59528000,1202.100,1,4,99.99
2026-03-14T05:48:14.645Z,,36.07084600,136.59528000,1202.100,1,4,99.99
2026-03-14T05:48:14.844Z,,36.07084600,136.59528000,1202.100,1,4,99.99
2026-03-14T05:48:15.051Z,,36.07084600,136.59528000,1202.100,1,4,99.99
2026-03-14T05:48:15.244Z,,36.07084600,136.59528000,1202.100,1,4,99.99
2026-03-14T05:48:15.444Z,,36.07084600,136.59528000,1202.100,1,4,99.99
2026-03-14T05:48:15.644Z,,36.07084600,136.59528000,1202.100,1,4,99.99
2026-03-14T05:48:15.841Z,,36.07084600,136.59528000,1202.100,1,4,99.99
2026-03-14T05:48:16.049Z,,36.07084600,136.59528000,1202.100,1,4,99.99
2026-03-14T05:48:16.244Z,,36.07084600,136.59528000,1202.100,1,4,99.99
2026-03-14T05:48:16.443Z,,36.07084600,136.59528000,1202.100,1,4,99.99
2026-03-14T05:48:16.643Z,,36.07084600,136.59528000,1202.100,1,4,99.99
2026-03-14T05:48:16.843Z,,36.07084600,136.59528000,1202.100,1,4,99.99
2026-03-14T05:48:17.048Z,,36.07084600,136.59528000,1202.100,1,4,99.99
2026-03-14T05:48:17.243Z,,36.07084600,136.59528000,1202.100,1,4,99.99
2026-03-14T05:48:17.443Z,,36.07084600,136.59528000,1202.100,1,4,99.99
2026-03-14T05:48:17.643Z,,36.07084600,136.59528000,1202.100,1,4,99.99
2026-03-14T05:48:17.844Z,,36.07084600,136.59528000,1202.100,1,4,99.99
2026-03-14T05:48:18.050Z,,36.07084600,136.59528000,1202.100,1,4,99.99
2026-03-14T05:48:18.244Z,,36.07084600,136.59528000,1202.100,1,4,99.99
2026-03-14T05:48:18.445Z,,36.07084600,136.59528000,1202.100,1,4,99.99
2026-03-14T05:48:18.644Z,,36.07084600,136.59528000,1202.100,1,4,99.99
2026-03-14T05:48:18.844Z,,36.07084600,136.59528000,1202.100,1,4,99.99
2026-03-14T05:48:19.050Z,,36.07084600,136.59528000,1202.100,1,4,99.99
2026-03-14T05:48:19.245Z,,36.07084600,136.59528000,1202.100,1,4,99.99
2026-03-14T05:48:19.442Z,,36.07084600,136.59528000,1202.100,1,4,99.99
2026-03-14T05:48:19.645Z,,36.07084600,136.59528000,1202.100,1,4,99.99
2026-03-14T05:48:19.844Z,,36.07084600,136.59528000,1202.100,1,4,99.99
2026-03-14T05:48:20.050Z,,36.07084600,136.59528000,1202.100,1,4,99.99
2026-03-14T05:48:20.245Z,,36.07084600,136.59528000,1202.100,1,4,99.99
2026-03-14T05:48:20.444Z,,36.07084600,136.59528000,1202.100,1,4,99.99
2026-03-14T05:48:20.644Z,,36.07084600,136.59528000,1202.100,1,4,99.99
2026-03-14T05:48:20.843Z,,36.07084600,136.59528000,1202.100,1,4,99.99
2026-03-14T05:48:21.049Z,,36.07084600,136.59528000,1202.100,1,4,99.99
2026-03-14T05:48:21.242Z,,36.07084600,136.59528000,1202.100,1,4,99.99
2026-03-14T05:48:21.444Z,,36.07084600,136.59528000,1202.100,1,4,99.99
2026-03-14T05:48:21.644Z,,36.07084600,136.59528000,1202.100,1,4,99.99
2026-03-14T05:48:21.843Z,,36.07084600,136.59528000,1202.100,1,4,99.99
2026-03-14T05:48:22.048Z,,36.07084600,136.59528000,1202.100,1,4,99.99
2026-03-14T05:48:22.244Z,,36.07084600,136.59528000,1202.100,1,4,99.99
2026-03-14T05:48:22.443Z,,36.07084600,136.59528000,1202.100,1,4,99.99
2026-03-14T05:48:22.644Z,,36.07084600,136.59528000,1202.100,1,4,99.99
2026-03-14T05:48:22.843Z,,36.07084600,136.59528000,1202.100,1,4,99.99
2026-03-14T05:48:23.049Z,,36.07084600,136.59528000,1202.100,1,4,99.99
2026-03-14T05:48:23.244Z,,36.07084600,136.59528000,1202.100,1,5,99.99
2026-03-14T05:48:23.446Z,,36.07084600,136.59528000,1202.100,1,5,99.99
2026-03-14T05:48:23.646Z,,36.07084600,136.59528000,1202.100,1,5,99.99
2026-03-14T05:48:23.844Z,,36.07084600,136.59528000,1202.100,1,5,99.99
2026-03-14T05:48:24.051Z,,36.07084600,136.59528000,1202.100,1,5,99.99
2026-03-14T05:48:24.244Z,,36.07084600,136.59528000,1202.100,1,5,99.99
2026-03-14T05:48:24.444Z,,36.07084600,136.59528000,1202.100,1,5,99.99
2026-03-14T05:48:24.646Z,,36.07084600,136.59528000,1202.100,1,5,99.99
2026-03-14T05:48:24.844Z,,36.07084600,136.59528000,1202.100,1,5,99.99
2026-03-14T05:48:25.050Z,,36.07084600,136.59528000,1202.100,1,5,99.99
2026-03-14T05:48:25.247Z,,36.07084600,136.59528000,1202.100,1,5,99.99
2026-03-14T05:48:25.443Z,,36.07084600,136.59528000,1202.100,1,5,99.99
2026-03-14T05:48:25.642Z,,36.07084600,136.59528000,1202.100,1,5,99.99
2026-03-14T05:48:25.844Z,,36.07084600,136.59528000,1202.100,1,5,99.99
2026-03-14T05:48:26.049Z,,36.07084600,136.59528000,1202.100,1,5,99.99
2026-03-14T05:48:26.243Z,,36.07084600,136.59528000,1202.100,1,5,99.99
2026-03-14T05:48:26.444Z,,36.07084600,136.59528000,1202.100,1,5,99.99
2026-03-14T05:48:26.644Z,,36.07084600,136.59528000,1202.100,1,5,99.99
2026-03-14T05:48:26.843Z,,36.07084600,136.59528000,1202.100,1,5,99.99
2026-03-14T05:48:27.049Z,,36.07084600,136.59528000,1202.100,1,5,99.99
2026-03-14T05:48:27.246Z,,36.07084600,136.59528000,1202.100,1,5,99.99
2026-03-14T05:48:27.442Z,,36.07084600,136.59528000,1202.100,1,5,99.99
2026-03-14T05:48:27.645Z,,36.07084600,136.59528000,1202.100,1,5,99.99
2026-03-14T05:48:27.843Z,,36.07084600,136.59528000,1202.100,1,5,99.99
2026-03-14T05:48:28.050Z,,36.07084600,136.59528000,1202.100,1,5,99.99
2026-03-14T05:48:28.245Z,,36.07084600,136.59528000,1202.100,1,5,99.99
2026-03-14T05:48:28.443Z,,36.07084600,136.59528000,1202.100,1,5,99.99
2026-03-14T05:48:28.644Z,,36.07084600,136.59528000,1202.100,1,5,99.99
2026-03-14T05:48:28.844Z,,36.07084600,136.59528000,1202.100,1,5,99.99
2026-03-14T05:48:29.049Z,,36.07084600,136.59528000,1202.100,1,5,99.99
2026-03-14T05:48:29.245Z,,36.07084600,136.59528000,1202.100,1,5,99.99
2026-03-14T05:48:29.444Z,,36.07084600,136.59528000,1202.100,1,5,99.99
2026-03-14T05:48:29.643Z,,36.07084600,136.59528000,1202.100,1,5,99.99
2026-03-14T05:48:29.844Z,,36.07084600,136.59528000,1202.100,1,5,99.99
2026-03-14T05:48:30.049Z,,36.07084600,136.59528000,1202.100,1,5,99.99
2026-03-14T05:48:30.244Z,,36.07084600,136.59528000,1202.100,1,5,99.99
2026-03-14T05:48:30.444Z,,36.07084600,136.59528000,1202.100,1,5,99.99
2026-03-14T05:48:30.645Z,,36.07084600,136.59528000,1202.100,1,5,99.99
2026-03-14T05:48:30.844Z,,36.07084600,136.59528000,1202.100,1,5,99.99
2026-03-14T05:48:31.050Z,,36.07084600,136.59528000,1202.100,1,5,99.99
2026-03-14T05:48:31.246Z,,36.07084600,136.59528000,1202.100,1,5,99.99
2026-03-14T05:48:31.445Z,,36.07084600,136.59528000,1202.100,1,5,99.99
2026-03-14T05:48:31.646Z,,36.07084600,136.59528000,1202.100,1,5,99.99
2026-03-14T05:48:31.845Z,,36.07084600,136.59528000,1202.100,1,5,99.99
2026-03-14T05:48:32.051Z,,36.07084600,136.59528000,1202.100,1,5,99.99
2026-03-14T05:48:32.246Z,,36.07084600,136.59528000,1202.100,1,5,99.99
2026-03-14T05:48:32.446Z,,36.07084600,136.59528000,1202.100,1,5,99.99
2026-03-14T05:48:32.645Z,,36.07084600,136.59528000,1202.100,1,5,99.99
2026-03-14T05:48:32.845Z,,36.07084600,136.59528000,1202.100,1,5,99.99
2026-03-14T05:48:33.051Z,,36.07084600,136.59528000,1202.100,1,5,99.99
2026-03-14T05:48:33.244Z,,36.07084600,136.59528000,1202.100,1,5,99.99
2026-03-14T05:48:33.445Z,,36.07084600,136.59528000,1202.100,1,5,99.99
2026-03-14T05:48:33.643Z,,36.07084600,136.59528000,1202.100,1,5,99.99
2026-03-14T05:48:33.844Z,,36.07084600,136.59528000,1202.100,1,5,99.99
2026-03-14T05:48:34.050Z,,36.07084600,136.59528000,1202.100,1,5,99.99
2026-03-14T05:48:34.245Z,,36.07084600,136.59528000,1202.100,1,5,99.99
2026-03-14T05:48:34.444Z,,36.07084600,136.59528000,1202.100,1,5,99.99
2026-03-14T05:48:34.644Z,,36.07084600,136.59528000,1202.100,1,5,99.99
2026-03-14T05:48:34.844Z,,36.07084600,136.59528000,1202.100,1,5,99.99
2026-03-14T05:48:35.049Z,,36.07084600,136.59528000,1202.100,1,5,99.99
2026-03-14T05:48:35.244Z,,36.07084600,136.59528000,1202.100,1,5,99.99
2026-03-14T05:48:35.442Z,,36.07084600,136.59528000,1202.100,1,5,99.99
2026-03-14T05:48:35.644Z,,36.07084600,136.59528000,1202.100,1,5,99.99
2026-03-14T05:48:35.843Z,,36.07084600,136.59528000,1202.100,1,5,99.99
2026-03-14T05:48:36.049Z,,36.07084600,136.59528000,1202.100,1,5,99.99
2026-03-14T05:48:36.244Z,,36.07084600,136.59528000,1202.100,1,5,99.99
2026-03-14T05:48:36.444Z,,36.07084600,136.59528000,1202.100,1,5,99.99
2026-03-14T05:48:36.644Z,,36.07084600,136.59528000,1202.100,1,5,99.99
2026-03-14T05:48:36.843Z,,36.07084600,136.59528000,1202.100,1,5,99.99
2026-03-14T05:48:37.052Z,,36.07084600,136.59528000,1202.100,1,5,99.99
2026-03-14T05:48:37.244Z,,36.07084600,136.59528000,1202.100,1,5,99.99
2026-03-14T05:48:37.446Z,,36.07084600,136.59528000,1202.100,1,5,99.99
2026-03-14T05:48:37.645Z,,36.07084600,136.59528000,1202.100,1,5,99.99
2026-03-14T05:48:37.844Z,,36.07084600,136.59528000,1202.100,1,5,99.99
2026-03-14T05:48:38.050Z,,36.07084600,136.59528000,1202.100,1,5,99.99
2026-03-14T05:48:38.245Z,,36.07084600,136.59528000,1202.100,1,5,99.99
2026-03-14T05:48:38.444Z,,36.07084600,136.59528000,1202.100,1,5,99.99
2026-03-14T05:48:38.644Z,,36.07084600,136.59528000,1202.100,1,5,99.99
2026-03-14T05:48:38.844Z,,36.07084600,136.59528000,1202.100,1,5,99.99
2026-03-14T05:48:39.047Z,,36.07084600,136.59528000,1202.100,1,5,99.99
2026-03-14T05:48:39.244Z,,36.07084600,136.59528000,1202.100,1,5,99.99
2026-03-14T05:48:39.444Z,,36.07084600,136.59528000,1202.100,1,5,99.99
2026-03-14T05:48:39.644Z,,36.07084600,136.59528000,1202.100,1,5,99.99
2026-03-14T05:48:39.843Z,,36.07084600,136.59528000,1202.100,1,4,99.99
2026-03-14T05:48:40.051Z,,36.07084600,136.59528000,1202.100,1,4,99.99
2026-03-14T05:48:40.244Z,,36.07084600,136.59528000,1202.100,1,4,99.99
2026-03-14T05:48:40.444Z,,36.07084600,136.59528000,1202.100,1,4,99.99
2026-03-14T05:48:40.645Z,,36.07084600,136.59528000,1202.100,1,4,99.99
2026-03-14T05:48:40.844Z,,36.07084600,136.59528000,1202.100,1,4,99.99
2026-03-14T05:48:41.050Z,,36.07084600,136.59528000,1202.100,1,4,99.99
2026-03-14T05:48:41.245Z,,36.07084600,136.59528000,1202.100,1,4,99.99
2026-03-14T05:48:41.445Z,,36.07084600,136.59528000,1202.100,1,4,99.99
2026-03-14T05:48:41.643Z,,36.07084600,136.59528000,1202.100,1,4,99.99
2026-03-14T05:48:41.844Z,,36.07084600,136.59528000,1202.100,1,4,99.99
2026-03-14T05:48:42.050Z,,36.07084600,136.59528000,1202.100,1,4,99.99
2026-03-14T05:48:42.245Z,,36.07084600,136.59528000,1202.100,1,4,99.99
2026-03-14T05:48:42.444Z,,36.07084600,136.59528000,1202.100,1,4,99.99
2026-03-14T05:48:42.645Z,,36.07084600,136.59528000,1202.100,1,4,99.99
2026-03-14T05:48:42.844Z,,36.07084600,136.59528000,1202.100,1,4,99.99
2026-03-14T05:48:43.050Z,,36.07084600,136.59528000,1202.100,1,4,99.99
2026-03-14T05:48:43.245Z,,36.07084600,136.59528000,1202.100,1,4,99.99
2026-03-14T05:48:43.443Z,,36.07084600,136.59528000,1202.100,1,4,99.99
2026-03-14T05:48:43.645Z,,36.07084600,136.59528000,1202.100,1,4,99.99
2026-03-14T05:48:43.845Z,,36.07084600,136.59528000,1202.100,1,4,99.99
2026-03-14T05:48:44.051Z,,36.07084600,136.59528000,1202.100,1,4,99.99
2026-03-14T05:48:44.245Z,,36.07084600,136.59528000,1202.100,1,4,99.99
2026-03-14T05:48:44.445Z,,36.07084600,136.59528000,1202.100,1,4,99.99
2026-03-14T05:48:44.645Z,,36.07084600,136.59528000,1202.100,1,4,99.99
2026-03-14T05:48:44.844Z,,36.07084600,136.59528000,1202.100,1,5,99.99
2026-03-14T05:48:45.050Z,,36.07084600,136.59528000,1202.100,1,5,99.99
2026-03-14T05:48:45.243Z,,36.07084600,136.59528000,1202.100,1,5,99.99
2026-03-14T05:48:45.445Z,,36.07084600,136.59528000,1202.100,1,5,99.99
2026-03-14T05:48:45.648Z,,36.07084600,136.59528000,1202.100,1,5,99.99
2026-03-14T05:48:45.845Z,,36.07084600,136.59528000,1202.100,1,5,99.99
2026-03-14T05:48:46.053Z,,36.07084600,136.59528000,1202.100,1,5,99.99
2026-03-14T05:48:46.247Z,,36.07084600,136.59528000,1202.100,1,5,99.99
2026-03-14T05:48:46.446Z,,36.07084600,136.59528000,1202.100,1,5,99.99
2026-03-14T05:48:46.646Z,,36.07084600,136.59528000,1202.100,1,5,99.99
2026-03-14T05:48:46.846Z,,36.07084600,136.59528000,1202.100,1,5,99.99
2026-03-14T05:48:47.049Z,,36.07084600,136.59528000,1202.100,1,5,99.99
2026-03-14T05:48:47.247Z,,36.07084600,136.59528000,1202.100,1,5,99.99
2026-03-14T05:48:47.446Z,,36.07084600,136.59528000,1202.100,1,5,99.99
2026-03-14T05:48:47.646Z,,36.07084600,136.59528000,1202.100,1,5,99.99
2026-03-14T05:48:47.846Z,,36.07084600,136.59528000,1202.100,1,5,99.99
2026-03-14T05:48:48.051Z,,36.07084600,136.59528000,1202.100,1,5,99.99
2026-03-14T05:48:48.246Z,,36.07084600,136.59528000,1202.100,1,5,99.99
2026-03-14T05:48:48.447Z,,36.07084600,136.59528000,1202.100,1,5,99.99
2026-03-14T05:48:48.647Z,,36.07084600,136.59528000,1202.100,1,5,99.99
2026-03-14T05:48:48.844Z,,36.07084600,136.59528000,1202.100,1,5,99.99
2026-03-14T05:48:49.053Z,,36.07084600,136.59528000,1202.100,1,5,99.99
2026-03-14T05:48:49.247Z,,36.07084600,136.59528000,1202.100,1,5,99.99
2026-03-14T05:48:49.446Z,,36.07084600,136.59528000,1202.100,1,5,99.99
2026-03-14T05:48:49.646Z,,36.07084600,136.59528000,1202.100,1,5,99.99
2026-03-14T05:48:49.846Z,,36.07084600,136.59528000,1202.100,1,5,99.99
2026-03-14T05:48:50.051Z,,36.07084600,136.59528000,1202.100,1,5,99.99
2026-03-14T05:48:50.246Z,,36.07084600,136.59528000,1202.100,1,5,99.99
2026-03-14T05:48:50.447Z,,36.07084600,136.59528000,1202.100,1,5,99.99
2026-03-14T05:48:50.647Z,,36.07084600,136.59528000,1202.100,1,5,99.99
2026-03-14T05:48:50.846Z,,36.07084600,136.59528000,1202.100,1,5,99.99
2026-03-14T05:48:51.051Z,,36.07084600,136.59528000,1202.100,1,5,99.99
2026-03-14T05:48:51.245Z,,36.07084600,136.59528000,1202.100,1,5,99.99
2026-03-14T05:48:51.443Z,,36.07084600,136.59528000,1202.100,1,5,99.99
2026-03-14T05:48:51.645Z,,36.07084600,136.59528000,1202.100,1,5,99.99
2026-03-14T05:48:51.844Z,,36.07084600,136.59528000,1202.100,1,5,99.99
2026-03-14T05:48:52.050Z,,36.07084600,136.59528000,1202.100,1,5,99.99
2026-03-14T05:48:52.244Z,,36.07084600,136.59528000,1202.100,1,5,99.99
2026-03-14T05:48:52.445Z,,36.07084600,136.59528000,1202.100,1,5,99.99
2026-03-14T05:48:52.647Z,,36.07084600,136.59528000,1202.100,1,5,99.99
2026-03-14T05:48:52.847Z,,36.07084600,136.59528000,1202.100,1,5,99.99
2026-03-14T05:48:53.050Z,,36.07084600,136.59528000,1202.100,1,5,99.99
2026-03-14T05:48:53.243Z,,36.07084600,136.59528000,1202.100,1,5,99.99
2026-03-14T05:48:53.445Z,,36.07084600,136.59528000,1202.100,1,5,99.99
2026-03-14T05:48:53.645Z,,36.07084600,136.59528000,1202.100,1,5,99.99
2026-03-14T05:48:53.844Z,,36.07084600,136.59528000,1202.100,1,5,99.99
2026-03-14T05:48:54.050Z,,36.07084600,136.59528000,1202.100,1,5,99.99
2026-03-14T05:48:54.245Z,,36.07084600,136.59528000,1202.100,1,5,99.99
2026-03-14T05:48:54.445Z,,36.07084600,136.59528000,1202.100,1,5,99.99
2026-03-14T05:48:54.645Z,,36.07084600,136.59528000,1202.100,1,5,99.99
2026-03-14T05:48:54.845Z,,36.07084600,136.59528000,1202.100,1,5,99.99
2026-03-14T05:48:55.049Z,,36.07084600,136.59528000,1202.100,1,5,99.99
2026-03-14T05:48:55.246Z,,36.07084600,136.59528000,1202.100,1,5,99.99
2026-03-14T05:48:55.446Z,,36.07084600,136.59528000,1202.100,1,5,99.99
2026-03-14T05:48:55.645Z,,36.07084600,136.59528000,1202.100,1,5,99.99
2026-03-14T05:48:55.847Z,,36.07084600,136.59528000,1202.100,1,5,99.99
2026-03-14T05:48:56.051Z,,36.07084600,136.59528000,1202.100,1,5,99.99
2026-03-14T05:48:56.248Z,,36.07084600,136.59528000,1202.100,1,5,99.99
2026-03-14T05:48:56.447Z,,36.07084600,136.59528000,1202.100,1,5,99.99
2026-03-14T05:48:56.646Z,,36.07084600,136.59528000,1202.100,1,5,99.99
2026-03-14T05:48:56.844Z,,36.07084600,136.59528000,1202.100,1,5,99.99
2026-03-14T05:48:57.054Z,,36.07084600,136.59528000,1202.100,1,5,99.99
2026-03-14T05:48:57.246Z,,36.07084600,136.59528000,1202.100,1,5,99.99
2026-03-14T05:48:57.446Z,,36.07084600,136.59528000,1202.100,1,5,99.99
2026-03-14T05:48:57.647Z,,36.07084600,136.59528000,1202.100,1,5,99.99
2026-03-14T05:48:57.846Z,,36.07084600,136.59528000,1202.100,1,5,99.99
2026-03-14T05:48:58.053Z,,36.07084600,136.59528000,1202.100,1,5,99.99
2026-03-14T05:48:58.249Z,,36.07084600,136.59528000,1202.100,1,5,99.99
2026-03-14T05:48:58.446Z,,36.07084600,136.59528000,1202.100,1,5,99.99
2026-03-14T05:48:58.646Z,,36.07084600,136.59528000,1202.100,1,5,99.99
2026-03-14T05:48:58.846Z,,36.07084600,136.59528000,1202.100,1,5,99.99
2026-03-14T05:48:59.051Z,,36.07084600,136.59528000,1202.100,1,5,99.99
2026-03-14T05:48:59.245Z,,36.07084600,136.59528000,1202.100,1,4,99.99
2026-03-14T05:48:59.444Z,,36.07084600,136.59528000,1202.100,1,5,99.99
2026-03-14T05:48:59.645Z,,36.07084600,136.59528000,1202.100,1,5,99.99
2026-03-14T05:48:59.846Z,,36.07084600,136.59528000,1202.100,1,5,99.99
2026-03-14T05:49:00.052Z,,36.07084600,136.59528000,1202.100,1,5,99.99
2026-03-14T05:49:00.245Z,,36.07084600,136.59528000,1202.100,1,5,99.99
2026-03-14T05:49:00.446Z,,36.07084600,136.59528000,1202.100,1,5,99.99
2026-03-14T05:49:00.646Z,,36.07084600,136.59528000,1202.100,1,5,99.99
2026-03-14T05:49:00.845Z,,36.07084600,136.59528000,1202.100,1,5,99.99
2026-03-14T05:49:01.052Z,,36.07084600,136.59528000,1202.100,1,5,99.99
2026-03-14T05:49:01.244Z,,36.07084600,136.59528000,1202.100,1,5,99.99
2026-03-14T05:49:01.445Z,,36.07084600,136.59528000,1202.100,1,5,99.99
2026-03-14T05:49:01.646Z,,36.07084600,136.59528000,1202.100,1,5,99.99
2026-03-14T05:49:01.845Z,,36.07084600,136.59528000,1202.100,1,5,99.99
2026-03-14T05:49:02.053Z,,36.07084600,136.59528000,1202.100,1,5,99.99
2026-03-14T05:49:02.246Z,,36.07084600,136.59528000,1202.100,1,5,99.99
2026-03-14T05:49:02.446Z,,36.07084600,136.59528000,1202.100,1,5,99.99
2026-03-14T05:49:02.645Z,,36.07084600,136.59528000,1202.100,1,5,99.99
2026-03-14T05:49:02.846Z,,36.07084600,136.59528000,1202.100,1,5,99.99
2026-03-14T05:49:03.047Z,,36.07084600,136.59528000,1202.100,1,5,99.99
2026-03-14T05:49:03.245Z,,36.07084600,136.59528000,1202.100,1,5,99.99
2026-03-14T05:49:03.445Z,,36.07084600,136.59528000,1202.100,1,5,99.99
2026-03-14T05:49:03.645Z,,36.07084600,136.59528000,1202.100,1,5,99.99
2026-03-14T05:49:03.846Z,,36.07084600,136.59528000,1202.100,1,5,99.99
2026-03-14T05:49:04.052Z,,36.07084600,136.59528000,1202.100,1,5,99.99
2026-03-14T05:49:04.247Z,,36.07084600,136.59528000,1202.100,1,5,99.99
2026-03-14T05:49:04.446Z,,36.07084600,136.59528000,1202.100,1,5,99.99
2026-03-14T05:49:04.648Z,,36.07084600,136.59528000,1202.100,1,5,99.99
2026-03-14T05:49:04.845Z,,36.07084600,136.59528000,1202.100,1,5,99.99
2026-03-14T05:49:05.052Z,,36.07084600,136.59528000,1202.100,1,5,99.99
2026-03-14T05:49:05.247Z,,36.07084600,136.59528000,1202.100,1,5,99.99
2026-03-14T05:49:05.447Z,,36.07084600,136.59528000,1202.100,1,5,99.99
2026-03-14T05:49:05.647Z,,36.07084600,136.59528000,1202.100,1,5,99.99
2026-03-14T05:49:05.846Z,,36.07084600,136.59528000,1202.100,1,5,99.99
2026-03-14T05:49:06.053Z,,36.07084600,136.59528000,1202.100,1,5,99.99
2026-03-14T05:49:06.246Z,,36.07084600,136.59528000,1202.100,1,5,99.99
2026-03-14T05:49:06.446Z,,36.07084600,136.59528000,1202.100,1,5,99.99
2026-03-14T05:49:06.645Z,,36.07084600,136.59528000,1202.100,1,5,99.99
2026-03-14T05:49:06.844Z,,36.07084600,136.59528000,1202.100,1,5,99.99
2026-03-14T05:49:07.050Z,,36.07084600,136.59528000,1202.100,1,5,99.99
2026-03-14T05:49:07.247Z,,36.07084600,136.59528000,1202.100,1,5,99.99
2026-03-14T05:49:07.445Z,,36.07084600,136.59528000,1202.100,1,5,99.99
2026-03-14T05:49:07.646Z,,36.07084600,136.59528000,1202.100,1,5,99.99
2026-03-14T05:49:07.846Z,,36.07084600,136.59528000,1202.100,1,5,99.99
2026-03-14T05:49:08.051Z,,36.07084600,136.59528000,1202.100,1,5,99.99
2026-03-14T05:49:08.245Z,,36.07084600,136.59528000,1202.100,1,5,99.99
2026-03-14T05:49:08.445Z,,36.07084600,136.59528000,1202.100,1,5,99.99
2026-03-14T05:49:08.646Z,,36.07084600,136.59528000,1202.100,1,5,99.99
2026-03-14T05:49:08.845Z,,36.07084600,136.59528000,1202.100,1,5,99.99
2026-03-14T05:49:09.050Z,,36.07084600,136.59528000,1202.100,1,5,99.99
2026-03-14T05:49:09.243Z,,36.07084600,136.59528000,1202.100,1,5,99.99
2026-03-14T05:49:09.445Z,,36.07084600,136.59528000,1202.100,1,5,99.99
2026-03-14T05:49:09.645Z,,36.07084600,136.59528000,1202.100,1,5,99.99
2026-03-14T05:49:09.844Z,,36.07084600,136.59528000,1202.100,1,5,99.99
2026-03-14T05:49:10.051Z,,36.07084600,136.59528000,1202.100,1,5,99.99
2026-03-14T05:49:10.245Z,,36.07084600,136.59528000,1202.100,1,5,99.99
2026-03-14T05:49:10.444Z,,36.07084600,136.59528000,1202.100,1,5,99.99
2026-03-14T05:49:10.645Z,,36.07084600,136.59528000,1202.100,1,5,99.99
2026-03-14T05:49:10.845Z,,36.07084600,136.59528000,1202.100,1,5,99.99
2026-03-14T05:49:11.048Z,,36.07084600,136.59528000,1202.100,1,5,99.99
2026-03-14T05:49:11.245Z,,36.07084600,136.59528000,1202.100,1,5,99.99
2026-03-14T05:49:11.446Z,,36.07084600,136.59528000,1202.100,1,5,99.99
2026-03-14T05:49:11.647Z,,36.07084600,136.59528000,1202.100,1,5,99.99
2026-03-14T05:49:11.845Z,,36.07084600,136.59528000,1202.100,1,5,99.99
2026-03-14T05:49:12.051Z,,36.07084600,136.59528000,1202.100,1,5,99.99
2026-03-14T05:49:12.245Z,,36.07084600,136.59528000,1202.100,1,5,99.99
2026-03-14T05:49:12.445Z,,36.07084600,136.59528000,1202.100,1,5,99.99
2026-03-14T05:49:12.648Z,,36.07084600,136.59528000,1202.100,1,5,99.99
2026-03-14T05:49:12.842Z,,36.07084600,136.59528000,1202.100,1,5,99.99
2026-03-14T05:49:13.050Z,,36.07084600,136.59528000,1202.100,1,5,99.99
2026-03-14T05:49:13.245Z,,36.07084600,136.59528000,1202.100,1,5,99.99
2026-03-14T05:49:13.446Z,,36.07084600,136.59528000,1202.100,1,5,99.99
2026-03-14T05:49:13.644Z,,36.07084600,136.59528000,1202.100,1,5,99.99
2026-03-14T05:49:13.844Z,,36.07084600,136.59528000,1202.100,1,5,99.99
2026-03-14T05:49:14.048Z,,36.07084600,136.59528000,1202.100,1,5,99.99
2026-03-14T05:49:14.244Z,,36.07084600,136.59528000,1202.100,1,5,99.99
2026-03-14T05:49:14.444Z,,36.07084600,136.59528000,1202.100,1,5,99.99
2026-03-14T05:49:14.645Z,,36.07084600,136.59528000,1202.100,1,5,99.99
2026-03-14T05:49:14.843Z,,36.07084600,136.59528000,1202.100,1,5,99.99
2026-03-14T05:49:15.049Z,,36.07084600,136.59528000,1202.100,1,5,99.99
2026-03-14T05:49:15.243Z,,36.07084600,136.59528000,1202.100,1,5,99.99
2026-03-14T05:49:15.445Z,,36.07084600,136.59528000,1202.100,1,5,99.99
2026-03-14T05:49:15.645Z,,36.07084600,136.59528000,1202.100,1,5,99.99
2026-03-14T05:49:15.844Z,,36.07084600,136.59528000,1202.100,1,5,99.99
2026-03-14T05:49:16.050Z,,36.07084600,136.59528000,1202.100,1,5,99.99
2026-03-14T05:49:16.246Z,,36.07084600,136.59528000,1202.100,1,5,99.99
2026-03-14T05:49:16.444Z,,36.07084600,136.59528000,1202.100,1,5,99.99
2026-03-14T05:49:16.649Z,,36.07084600,136.59528000,1202.100,1,5,99.99
2026-03-14T05:49:16.845Z,,36.07084600,136.59528000,1202.100,1,5,99.99
2026-03-14T05:49:17.050Z,,36.07084600,136.59528000,1202.100,1,5,99.99
2026-03-14T05:49:17.244Z,,36.07084600,136.59528000,1202.100,1,5,99.99
2026-03-14T05:49:17.445Z,,36.07084600,136.59528000,1202.100,1,5,99.99
2026-03-14T05:49:17.646Z,,36.07084600,136.59528000,1202.100,1,5,99.99
2026-03-14T05:49:17.845Z,,36.07084600,136.59528000,1202.100,1,5,99.99
2026-03-14T05:49:18.052Z,,36.07084600,136.59528000,1202.100,1,5,99.99
2026-03-14T05:49:18.245Z,,36.07084600,136.59528000,1202.100,1,5,99.99
2026-03-14T05:49:18.445Z,,36.07084600,136.59528000,1202.100,1,5,99.99
2026-03-14T05:49:18.646Z,,36.07084600,136.59528000,1202.100,1,5,99.99
2026-03-14T05:49:18.845Z,,36.07084600,136.59528000,1202.100,1,5,99.99
2026-03-14T05:49:19.048Z,,36.07084600,136.59528000,1202.100,1,5,99.99
2026-03-14T05:49:19.246Z,,36.07084600,136.59528000,1202.100,1,5,99.99
2026-03-14T05:49:19.446Z,,36.07084600,136.59528000,1202.100,1,5,99.99
2026-03-14T05:49:19.645Z,,36.07084600,136.59528000,1202.100,1,5,99.99
2026-03-14T05:49:19.845Z,,36.07084600,136.59528000,1202.100,1,5,99.99
2026-03-14T05:49:20.051Z,,36.07084600,136.59528000,1202.100,1,5,99.99
2026-03-14T05:49:20.245Z,,36.07084600,136.59528000,1202.100,1,5,99.99
2026-03-14T05:49:20.445Z,,36.07084600,136.59528000,1202.100,1,5,99.99
2026-03-14T05:49:20.645Z,,36.07084600,136.59528000,1202.100,1,5,99.99
2026-03-14T05:49:20.843Z,,36.07084600,136.59528000,1202.100,1,5,99.99
2026-03-14T05:49:21.052Z,,36.07084600,136.59528000,1202.100,1,5,99.99
2026-03-14T05:49:21.245Z,,36.07084600,136.59528000,1202.100,1,5,99.99
2026-03-14T05:49:21.445Z,,36.07084600,136.59528000,1202.100,1,5,99.99
2026-03-14T05:49:21.646Z,,36.07084600,136.59528000,1202.100,1,5,99.99
2026-03-14T05:49:21.844Z,,36.07084600,136.59528000,1202.100,1,5,99.99
2026-03-14T05:49:22.051Z,,36.07084600,136.59528000,1202.100,1,5,99.99
2026-03-14T05:49:22.247Z,,36.07084600,136.59528000,1202.100,1,5,99.99
2026-03-14T05:49:22.446Z,,36.07084600,136.59528000,1202.100,1,5,99.99
2026-03-14T05:49:22.644Z,,36.07084600,136.59528000,1202.100,1,5,99.99
2026-03-14T05:49:22.846Z,,36.07084600,136.59528000,1202.100,1,5,99.99
2026-03-14T05:49:23.051Z,,36.07084600,136.59528000,1202.100,1,5,99.99
2026-03-14T05:49:23.247Z,,36.07084600,136.59528000,1202.100,1,5,99.99
2026-03-14T05:49:23.446Z,,36.07084600,136.59528000,1202.100,1,5,99.99
2026-03-14T05:49:23.645Z,,36.07084600,136.59528000,1202.100,1,5,99.99
2026-03-14T05:49:23.845Z,,36.07084600,136.59528000,1202.100,1,5,99.99
2026-03-14T05:49:24.052Z,,36.07084600,136.59528000,1202.100,1,5,99.99
2026-03-14T05:49:24.245Z,,36.07084600,136.59528000,1202.100,1,5,99.99
2026-03-14T05:49:24.445Z,,36.07084600,136.59528000,1202.100,1,5,99.99
2026-03-14T05:49:24.646Z,,36.07084600,136.59528000,1202.100,1,5,99.99
2026-03-14T05:49:24.847Z,,36.07084600,136.59528000,1202.100,1,5,99.99
2026-03-14T05:49:25.050Z,,36.07084600,136.59528000,1202.100,1,5,99.99
2026-03-14T05:49:25.247Z,,36.07084600,136.59528000,1202.100,1,5,99.99
2026-03-14T05:49:25.443Z,,36.07084600,136.59528000,1202.100,1,5,99.99
2026-03-14T05:49:25.644Z,,36.07084600,136.59528000,1202.100,1,5,99.99
2026-03-14T05:49:25.844Z,,36.07084600,136.59528000,1202.100,1,5,99.99
2026-03-14T05:49:26.050Z,,36.07084600,136.59528000,1202.100,1,5,99.99
2026-03-14T05:49:26.245Z,,36.07084600,136.59528000,1202.100,1,5,99.99
2026-03-14T05:49:26.445Z,,36.07084600,136.59528000,1202.100,1,5,99.99
2026-03-14T05:49:26.645Z,,36.07084600,136.59528000,1202.100,1,5,99.99
2026-03-14T05:49:26.847Z,,36.07084600,136.59528000,1202.100,1,5,99.99
2026-03-14T05:49:27.048Z,,36.07084600,136.59528000,1202.100,1,5,99.99
2026-03-14T05:49:27.244Z,,36.07084600,136.59528000,1202.100,1,5,99.99
2026-03-14T05:49:27.445Z,,36.07084600,136.59528000,1202.100,1,5,99.99
2026-03-14T05:49:27.645Z,,36.07084600,136.59528000,1202.100,1,5,99.99
2026-03-14T05:49:27.844Z,,36.07084600,136.59528000,1202.100,1,5,99.99
2026-03-14T05:49:28.051Z,,36.07084600,136.59528000,1202.100,1,5,99.99
2026-03-14T05:49:28.246Z,,36.07084600,136.59528000,1202.100,1,5,99.99
2026-03-14T05:49:28.445Z,,36.07084600,136.59528000,1202.100,1,5,99.99
2026-03-14T05:49:28.646Z,,36.07084600,136.59528000,1202.100,1,5,99.99
2026-03-14T05:49:28.845Z,,36.07084600,136.59528000,1202.100,1,5,99.99
2026-03-14T05:49:29.050Z,,36.07084600,136.59528000,1202.100,1,5,99.99
2026-03-14T05:49:29.245Z,,36.07084600,136.59528000,1202.100,1,5,99.99
2026-03-14T05:49:29.445Z,,36.07084600,136.59528000,1202.100,1,5,99.99
2026-03-14T05:49:29.646Z,,36.07084600,136.59528000,1202.100,1,5,99.99
2026-03-14T05:49:29.847Z,,36.07084600,136.59528000,1202.100,1,5,99.99
2026-03-14T05:49:30.052Z,,36.07084600,136.59528000,1202.100,1,5,99.99
2026-03-14T05:49:30.246Z,,36.07084600,136.59528000,1202.100,1,5,99.99
2026-03-14T05:49:30.446Z,,36.07084600,136.59528000,1202.100,1,5,99.99
2026-03-14T05:49:30.644Z,,36.07084600,136.59528000,1202.100,1,5,99.99
2026-03-14T05:49:30.848Z,,36.07084600,136.59528000,1202.100,1,5,99.99
2026-03-14T05:49:31.052Z,,36.07084600,136.59528000,1202.100,1,5,99.99
2026-03-14T05:49:31.247Z,,36.07084600,136.59528000,1202.100,1,5,99.99
2026-03-14T05:49:31.446Z,,36.07084600,136.59528000,1202.100,1,5,99.99
2026-03-14T05:49:31.646Z,,36.07084600,136.59528000,1202.100,1,5,99.99
2026-03-14T05:49:31.846Z,,36.07084600,136.59528000,1202.100,1,5,99.99
2026-03-14T05:49:32.051Z,,36.07084600,136.59528000,1202.100,1,5,99.99
2026-03-14T05:49:32.246Z,,36.07084600,136.59528000,1202.100,1,5,99.99
2026-03-14T05:49:32.443Z,,36.07084600,136.59528000,1202.100,1,5,99.99
2026-03-14T05:49:32.644Z,,36.07084600,136.59528000,1202.100,1,5,99.99
2026-03-14T05:49:32.847Z,,36.07084600,136.59528000,1202.100,1,5,99.99
2026-03-14T05:49:33.049Z,,36.07084600,136.59528000,1202.100,1,5,99.99
2026-03-14T05:49:33.245Z,,36.07084600,136.59528000,1202.100,1,5,99.99
2026-03-14T05:49:33.445Z,,36.07084600,136.59528000,1202.100,1,5,99.99
2026-03-14T05:49:33.644Z,,36.07084600,136.59528000,1202.100,1,5,99.99
2026-03-14T05:49:33.845Z,,36.07084600,136.59528000,1202.100,1,5,99.99
2026-03-14T05:49:34.050Z,,36.07084600,136.59528000,1202.100,1,5,99.99
2026-03-14T05:49:34.245Z,,36.07084600,136.59528000,1202.100,1,5,99.99
2026-03-14T05:49:34.444Z,,36.07084600,136.59528000,1202.100,1,5,99.99
2026-03-14T05:49:34.645Z,,36.07084600,136.59528000,1202.100,1,5,99.99
2026-03-14T05:49:34.847Z,,36.07084600,136.59528000,1202.100,1,5,99.99
2026-03-14T05:49:35.047Z,,36.07084600,136.59528000,1202.100,1,5,99.99
2026-03-14T05:49:35.245Z,,36.07084600,136.59528000,1202.100,1,5,99.99
2026-03-14T05:49:35.444Z,,36.07084600,136.59528000,1202.100,1,5,99.99
2026-03-14T05:49:35.645Z,,36.07084600,136.59528000,1202.100,1,5,99.99
2026-03-14T05:49:35.845Z,,36.07084600,136.59528000,1202.100,1,5,99.99
2026-03-14T05:49:36.051Z,,36.07084600,136.59528000,1202.100,1,5,99.99
2026-03-14T05:49:36.245Z,,36.07084600,136.59528000,1202.100,1,5,99.99
2026-03-14T05:49:36.444Z,,36.07084600,136.59528000,1202.100,1,5,99.99
2026-03-14T05:49:36.644Z,,36.07084600,136.59528000,1202.100,1,5,99.99
2026-03-14T05:49:36.844Z,,36.07084600,136.59528000,1202.100,1,5,99.99
2026-03-14T05:49:37.050Z,,36.07084600,136.59528000,1202.100,1,5,99.99
2026-03-14T05:49:37.244Z,,36.07084600,136.59528000,1202.100,1,5,99.99
2026-03-14T05:49:37.445Z,,36.07084600,136.59528000,1202.100,1,5,99.99
2026-03-14T05:49:37.646Z,,36.07084600,136.59528000,1202.100,1,5,99.99
2026-03-14T05:49:37.845Z,,36.07084600,136.59528000,1202.100,1,5,99.99
2026-03-14T05:49:38.050Z,,36.07084600,136.59528000,1202.100,1,5,99.99
2026-03-14T05:49:38.244Z,,36.07084600,136.59528000,1202.100,1,5,99.99
2026-03-14T05:49:38.444Z,,36.07084600,136.59528000,1202.100,1,5,99.99
2026-03-14T05:49:38.642Z,,36.07084600,136.59528000,1202.100,1,5,99.99
2026-03-14T05:49:38.842Z,,36.07084600,136.59528000,1202.100,1,5,99.99
2026-03-14T05:49:39.048Z,,36.07084600,136.59528000,1202.100,1,5,99.99
2026-03-14T05:49:39.243Z,,36.07084600,136.59528000,1202.100,1,5,99.99
2026-03-14T05:49:39.446Z,,36.07084600,136.59528000,1202.100,1,5,99.99
2026-03-14T05:49:39.643Z,,36.07084600,136.59528000,1202.100,1,5,99.99
2026-03-14T05:49:39.843Z,,36.07084600,136.59528000,1202.100,1,5,99.99
2026-03-14T05:49:40.051Z,,36.07084600,136.59528000,1202.100,1,5,99.99
2026-03-14T05:49:40.245Z,,36.07084600,136.59528000,1202.100,1,5,99.99
2026-03-14T05:49:40.441Z,,36.07084600,136.59528000,1202.100,1,5,99.99
2026-03-14T05:49:40.645Z,,36.07084600,136.59528000,1202.100,1,5,99.99
2026-03-14T05:49:40.844Z,,36.07084600,136.59528000,1202.100,1,5,99.99
2026-03-14T05:49:41.049Z,,36.07084600,136.59528000,1202.100,1,5,99.99
2026-03-14T05:49:41.244Z,,36.07084600,136.59528000,1202.100,1,5,99.99
2026-03-14T05:49:41.447Z,,36.07084600,136.59528000,1202.100,1,5,99.99
2026-03-14T05:49:41.644Z,,36.07084600,136.59528000,1202.100,1,5,99.99
2026-03-14T05:49:41.844Z,,36.07084600,136.59528000,1202.100,1,5,99.99
2026-03-14T05:49:42.051Z,,36.07084600,136.59528000,1202.100,1,5,99.99
2026-03-14T05:49:42.243Z,,36.07084600,136.59528000,1202.100,1,5,99.99
2026-03-14T05:49:42.444Z,,36.07084600,136.59528000,1202.100,1,5,99.99
2026-03-14T05:49:42.644Z,,36.07084600,136.59528000,1202.100,1,5,99.99
2026-03-14T05:49:42.844Z,,36.07084600,136.59528000,1202.100,1,5,99.99
2026-03-14T05:49:43.050Z,,36.07084600,136.59528000,1202.100,1,5,99.99
2026-03-14T05:49:43.243Z,,36.07084600,136.59528000,1202.100,1,5,99.99
2026-03-14T05:49:43.444Z,,36.07084600,136.59528000,1202.100,1,5,99.99
2026-03-14T05:49:43.644Z,,36.07084600,136.59528000,1202.100,1,5,99.99
2026-03-14T05:49:43.843Z,,36.07084600,136.59528000,1202.100,1,5,99.99
2026-03-14T05:49:44.049Z,,36.07084600,136.59528000,1202.100,1,5,99.99
2026-03-14T05:49:44.245Z,,36.07084600,136.59528000,1202.100,1,5,99.99
2026-03-14T05:49:44.445Z,,36.07084600,136.59528000,1202.100,1,5,99.99
2026-03-14T05:49:44.647Z,,36.07084600,136.59528000,1202.100,1,5,99.99
2026-03-14T05:49:44.842Z,,36.07084600,136.59528000,1202.100,1,5,99.99
2026-03-14T05:49:45.051Z,,36.07084600,136.59528000,1202.100,1,5,99.99
2026-03-14T05:49:45.243Z,,36.07084600,136.59528000,1202.100,1,5,99.99
2026-03-14T05:49:45.443Z,,36.07084600,136.59528000,1202.100,1,5,99.99
2026-03-14T05:49:45.644Z,,36.07084600,136.59528000,1202.100,1,5,99.99
2026-03-14T05:49:45.843Z,,36.07084600,136.59528000,1202.100,1,5,99.99
2026-03-14T05:49:46.049Z,,36.07084600,136.59528000,1202.100,1,5,99.99
2026-03-14T05:49:46.244Z,,36.07084600,136.59528000,1202.100,1,5,99.99
2026-03-14T05:49:46.442Z,,36.07084600,136.59528000,1202.100,1,5,99.99
2026-03-14T05:49:46.644Z,,36.07084600,136.59528000,1202.100,1,5,99.99
2026-03-14T05:49:46.843Z,,36.07084600,136.59528000,1202.100,1,5,99.99
2026-03-14T05:49:47.048Z,,36.07084600,136.59528000,1202.100,1,5,99.99
2026-03-14T05:49:47.244Z,,36.07084600,136.59528000,1202.100,1,5,99.99
2026-03-14T05:49:47.443Z,,36.07084600,136.59528000,1202.100,1,5,99.99
2026-03-14T05:49:47.643Z,,36.07084600,136.59528000,1202.100,1,5,99.99
2026-03-14T05:49:47.844Z,,36.07084600,136.59528000,1202.100,1,5,99.99
2026-03-14T05:49:48.049Z,,36.07084600,136.59528000,1202.100,1,5,99.99
2026-03-14T05:49:48.244Z,,36.07084600,136.59528000,1202.100,1,5,99.99
2026-03-14T05:49:48.442Z,,36.07084600,136.59528000,1202.100,1,5,99.99
2026-03-14T05:49:48.644Z,,36.07084600,136.59528000,1202.100,1,5,99.99
2026-03-14T05:49:48.843Z,,36.07084600,136.59528000,1202.100,1,5,99.99
2026-03-14T05:49:49.047Z,,36.07084600,136.59528000,1202.100,1,5,99.99
2026-03-14T05:49:49.244Z,,36.07084600,136.59528000,1202.100,1,5,99.99
2026-03-14T05:49:49.443Z,,36.07084600,136.59528000,1202.100,1,5,99.99
2026-03-14T05:49:49.644Z,,36.07084600,136.59528000,1202.100,1,5,99.99
2026-03-14T05:49:49.844Z,,36.07084600,136.59528000,1202.100,1,5,99.99
2026-03-14T05:49:50.051Z,,36.07084600,136.59528000,1202.100,1,5,99.99
2026-03-14T05:49:50.241Z,,36.07084600,136.59528000,1202.100,1,5,99.99
2026-03-14T05:49:50.444Z,,36.07084600,136.59528000,1202.100,1,5,99.99
2026-03-14T05:49:50.645Z,,36.07084600,136.59528000,1202.100,1,5,99.99
2026-03-14T05:49:50.842Z,,36.07084600,136.59528000,1202.100,1,5,99.99
2026-03-14T05:49:51.050Z,,36.07084600,136.59528000,1202.100,1,5,99.99
2026-03-14T05:49:51.244Z,,36.07084600,136.59528000,1202.100,1,5,99.99
2026-03-14T05:49:51.443Z,,36.07084600,136.59528000,1202.100,1,5,99.99
2026-03-14T05:49:51.644Z,,36.07084600,136.59528000,1202.100,1,5,99.99
2026-03-14T05:49:51.845Z,,36.07084600,136.59528000,1202.100,1,5,99.99
2026-03-14T05:49:52.049Z,,36.07084600,136.59528000,1202.100,1,5,99.99
2026-03-14T05:49:52.245Z,,36.07084600,136.59528000,1202.100,1,5,99.99
2026-03-14T05:49:52.444Z,,36.07084600,136.59528000,1202.100,1,5,99.99
2026-03-14T05:49:52.648Z,,36.07084600,136.59528000,1202.100,1,5,99.99
2026-03-14T05:49:52.841Z,,36.07084600,136.59528000,1202.100,1,5,99.99
2026-03-14T05:49:53.048Z,,36.07084600,136.59528000,1202.100,1,5,99.99
2026-03-14T05:49:53.242Z,,36.07084600,136.59528000,1202.100,1,5,99.99
2026-03-14T05:49:53.442Z,,36.07084600,136.59528000,1202.100,1,5,99.99
2026-03-14T05:49:53.643Z,,36.07084600,136.59528000,1202.100,1,5,99.99
2026-03-14T05:49:53.844Z,,36.07084600,136.59528000,1202.100,1,5,99.99
2026-03-14T05:49:54.049Z,,36.07084600,136.59528000,1202.100,1,5,99.99
2026-03-14T05:49:54.243Z,,36.07084600,136.59528000,1202.100,1,5,99.99
2026-03-14T05:49:54.443Z,,36.07084600,136.59528000,1202.100,1,5,99.99
2026-03-14T05:49:54.641Z,,36.07084600,136.59528000,1202.100,1,5,99.99
2026-03-14T05:49:54.843Z,,36.07084600,136.59528000,1202.100,1,5,99.99
2026-03-14T05:49:55.049Z,,36.07084600,136.59528000,1202.100,1,5,99.99
2026-03-14T05:49:55.243Z,,36.07084600,136.59528000,1202.100,1,5,99.99
2026-03-14T05:49:55.442Z,,36.07084600,136.59528000,1202.100,1,5,99.99
2026-03-14T05:49:55.643Z,,36.07084600,136.59528000,1202.100,1,5,99.99
2026-03-14T05:49:55.842Z,,36.07084600,136.59528000,1202.100,1,5,99.99
2026-03-14T05:49:56.048Z,,36.07084600,136.59528000,1202.100,1,5,99.99
2026-03-14T05:49:56.243Z,,36.07084600,136.59528000,1202.100,1,5,99.99
2026-03-14T05:49:56.441Z,,36.07084600,136.59528000,1202.100,1,5,99.99
2026-03-14T05:49:56.643Z,,36.07084600,136.59528000,1202.100,1,5,99.99
2026-03-14T05:49:56.843Z,,36.07084600,136.59528000,1202.100,1,5,99.99
2026-03-14T05:49:57.048Z,,36.07084600,136.59528000,1202.100,1,5,99.99
2026-03-14T05:49:57.243Z,,36.07084600,136.59528000,1202.100,1,5,99.99
2026-03-14T05:49:57.443Z,,36.07084600,136.59528000,1202.100,1,5,99.99
2026-03-14T05:49:57.644Z,,36.07084600,136.59528000,1202.100,1,5,99.99
2026-03-14T05:49:57.843Z,,36.07084600,136.59528000,1202.100,1,5,99.99
2026-03-14T05:49:58.049Z,,36.07084600,136.59528000,1202.100,1,5,99.99
2026-03-14T05:49:58.241Z,,36.07084600,136.59528000,1202.100,1,5,99.99
2026-03-14T05:49:58.442Z,,36.07084600,136.59528000,1202.100,1,5,99.99
2026-03-14T05:49:58.643Z,,36.07084600,136.59528000,1202.100,1,5,99.99
2026-03-14T05:49:58.842Z,,36.07084600,136.59528000,1202.100,1,5,99.99
2026-03-14T05:49:59.047Z,,36.07084600,136.59528000,1202.100,1,5,99.99
2026-03-14T05:49:59.242Z,,36.07084600,136.59528000,1202.100,1,5,99.99
2026-03-14T05:49:59.441Z,,36.07084600,136.59528000,1202.100,1,5,99.99
2026-03-14T05:49:59.642Z,,36.07084600,136.59528000,1202.100,1,5,99.99
2026-03-14T05:49:59.841Z,,36.07084600,136.59528000,1202.100,1,5,99.99
2026-03-14T05:50:00.046Z,,36.07084600,136.59528000,1202.100,1,5,99.99
2026-03-14T05:50:00.241Z,,36.07084600,136.59528000,1202.100,1,5,99.99
2026-03-14T05:50:00.443Z,,36.07084600,136.59528000,1202.100,1,5,99.99
2026-03-14T05:50:00.642Z,,36.07084600,136.59528000,1202.100,1,5,99.99
2026-03-14T05:50:00.841Z,,36.07084600,136.59528000,1202.100,1,5,99.99
2026-03-14T05:50:01.048Z,,36.07084600,136.59528000,1202.100,1,5,99.99
2026-03-14T05:50:01.243Z,,36.07084600,136.59528000,1202.100,1,5,99.99
2026-03-14T05:50:01.441Z,,36.07084600,136.59528000,1202.100,1,5,99.99
2026-03-14T05:50:01.642Z,,36.07084600,136.59528000,1202.100,1,5,99.99
2026-03-14T05:50:01.841Z,,36.07084600,136.59528000,1202.100,1,5,99.99
2026-03-14T05:50:02.048Z,,36.07084600,136.59528000,1202.100,1,4,99.99
2026-03-14T05:50:02.242Z,,36.07084600,136.59528000,1202.100,1,4,99.99
2026-03-14T05:50:02.442Z,,36.07084600,136.59528000,1202.100,1,4,99.99
2026-03-14T05:50:02.640Z,,36.07084600,136.59528000,1202.100,1,4,99.99
2026-03-14T05:50:02.843Z,,36.07084600,136.59528000,1202.100,1,5,99.99
2026-03-14T05:50:03.048Z,,36.07084600,136.59528000,1202.100,1,4,99.99
2026-03-14T05:50:03.243Z,,36.07084600,136.59528000,1202.100,1,4,99.99
2026-03-14T05:50:03.443Z,,36.07084600,136.59528000,1202.100,1,4,99.99
2026-03-14T05:50:03.644Z,,36.07084600,136.59528000,1202.100,1,4,99.99
2026-03-14T05:50:03.842Z,,36.07084600,136.59528000,1202.100,1,4,99.99
2026-03-14T05:50:04.049Z,,36.07084600,136.59528000,1202.100,1,4,99.99
2026-03-14T05:50:04.244Z,,36.07084600,136.59528000,1202.100,1,4,99.99
2026-03-14T05:50:04.440Z,,36.07084600,136.59528000,1202.100,1,4,99.99
2026-03-14T05:50:04.645Z,,36.07084600,136.59528000,1202.100,1,5,99.99
2026-03-14T05:50:04.843Z,,36.07084600,136.59528000,1202.100,1,5,99.99
2026-03-14T05:50:05.048Z,,36.07084600,136.59528000,1202.100,1,5,99.99
2026-03-14T05:50:05.244Z,,36.07084600,136.59528000,1202.100,1,5,99.99
2026-03-14T05:50:05.443Z,,36.07084600,136.59528000,1202.100,1,5,99.99
2026-03-14T05:50:05.644Z,,36.07084600,136.59528000,1202.100,1,5,99.99
2026-03-14T05:50:05.843Z,,36.07084600,136.59528000,1202.100,1,5,99.99
2026-03-14T05:50:06.049Z,,36.07084600,136.59528000,1202.100,1,5,99.99
2026-03-14T05:50:06.240Z,,36.07084600,136.59528000,1202.100,1,4,99.99
2026-03-14T05:50:06.443Z,,36.07084600,136.59528000,1202.100,1,4,99.99
2026-03-14T05:50:06.642Z,,36.07084600,136.59528000,1202.100,1,5,99.99
2026-03-14T05:50:06.842Z,,36.07084600,136.59528000,1202.100,1,5,99.99
2026-03-14T05:50:07.049Z,,36.07084600,136.59528000,1202.100,1,4,99.99
2026-03-14T05:50:07.242Z,,36.07084600,136.59528000,1202.100,1,4,99.99
2026-03-14T05:50:07.442Z,,36.07084600,136.59528000,1202.100,1,4,99.99
2026-03-14T05:50:07.644Z,,36.07084600,136.59528000,1202.100,1,4,99.99
2026-03-14T05:50:07.842Z,,36.07084600,136.59528000,1202.100,1,4,99.99
2026-03-14T05:50:08.045Z,,36.07084600,136.59528000,1202.100,1,4,99.99
2026-03-14T05:50:08.243Z,,36.07084600,136.59528000,1202.100,1,4,99.99
2026-03-14T05:50:08.442Z,,36.07084600,136.59528000,1202.100,1,4,99.99
2026-03-14T05:50:08.642Z,,36.07084600,136.59528000,1202.100,1,4,99.99
2026-03-14T05:50:08.842Z,,36.07084600,136.59528000,1202.100,1,4,99.99
2026-03-14T05:50:09.048Z,,36.07084600,136.59528000,1202.100,1,4,99.99
2026-03-14T05:50:09.240Z,,36.07084600,136.59528000,1202.100,1,4,99.99
2026-03-14T05:50:09.442Z,,36.07084600,136.59528000,1202.100,1,4,99.99
2026-03-14T05:50:09.643Z,,36.07084600,136.59528000,1202.100,1,4,99.99
2026-03-14T05:50:09.841Z,,36.07084600,136.59528000,1202.100,1,4,99.99
2026-03-14T05:50:10.047Z,,36.07084600,136.59528000,1202.100,1,4,99.99
2026-03-14T05:50:10.242Z,,36.07084600,136.59528000,1202.100,1,4,99.99
2026-03-14T05:50:10.441Z,,36.07084600,136.59528000,1202.100,1,4,99.99
2026-03-14T05:50:10.641Z,,36.07084600,136.59528000,1202.100,1,4,99.99
2026-03-14T05:50:10.842Z,,36.07084600,136.59528000,1202.100,1,4,99.99
2026-03-14T05:50:11.047Z,,36.07084600,136.59528000,1202.100,1,4,99.99
2026-03-14T05:50:11.242Z,,36.07084600,136.59528000,1202.100,1,4,99.99
2026-03-14T05:50:11.442Z,,36.07084600,136.59528000,1202.100,1,4,99.99
2026-03-14T05:50:11.642Z,,36.07084600,136.59528000,1202.100,1,4,99.99
2026-03-14T05:50:11.841Z,,36.07084600,136.59528000,1202.100,1,4,99.99
2026-03-14T05:50:12.047Z,,36.07084600,136.59528000,1202.100,1,5,99.99
2026-03-14T05:50:12.242Z,,36.07084600,136.59528000,1202.100,1,5,99.99
2026-03-14T05:50:12.438Z,,36.07084600,136.59528000,1202.100,1,5,99.99
2026-03-14T05:50:12.643Z,,36.07084600,136.59528000,1202.100,1,5,99.99
2026-03-14T05:50:12.840Z,,36.07084600,136.59528000,1202.100,1,5,99.99
2026-03-14T05:50:13.047Z,,36.07084600,136.59528000,1202.100,1,5,99.99
2026-03-14T05:50:13.241Z,,36.07084600,136.59528000,1202.100,1,5,99.99
2026-03-14T05:50:13.441Z,,36.07084600,136.59528000,1202.100,1,5,99.99
2026-03-14T05:50:13.641Z,,36.07084600,136.59528000,1202.100,1,4,99.99
2026-03-14T05:50:13.841Z,,36.07084600,136.59528000,1202.100,1,4,99.99
2026-03-14T05:50:14.047Z,,36.07084600,136.59528000,1202.100,1,4,99.99
2026-03-14T05:50:14.643Z,,36.07084600,136.59528000,1202.100,1,4,99.99
2026-03-14T05:50:14.841Z,,36.07084600,136.59528000,1202.100,1,4,99.99
2026-03-14T05:50:15.047Z,,36.07084600,136.59528000,1202.100,1,4,99.99
2026-03-14T05:50:15.240Z,,36.07084600,136.59528000,1202.100,1,4,99.99
2026-03-14T05:50:15.441Z,,36.07084600,136.59528000,1202.100,1,4,99.99
2026-03-14T05:50:15.640Z,,36.07084600,136.59528000,1202.100,1,4,99.99
2026-03-14T05:50:15.839Z,,36.07084600,136.59528000,1202.100,1,4,99.99
2026-03-14T05:50:16.043Z,,36.07084600,136.59528000,1202.100,1,4,99.99
2026-03-14T05:50:16.239Z,,36.07084600,136.59528000,1202.100,1,4,99.99
2026-03-14T05:50:16.439Z,,36.07084600,136.59528000,1202.100,1,4,99.99
2026-03-14T05:50:16.642Z,,36.07084600,136.59528000,1202.100,1,4,99.99
2026-03-14T05:50:16.840Z,,36.07084600,136.59528000,1202.100,1,4,99.99
2026-03-14T05:50:17.045Z,,36.07084600,136.59528000,1202.100,1,4,99.99
2026-03-14T05:50:17.241Z,,36.07084600,136.59528000,1202.100,1,4,99.99
2026-03-14T05:50:17.440Z,,36.07084600,136.59528000,1202.100,1,4,99.99
2026-03-14T05:50:17.639Z,,36.07084600,136.59528000,1202.100,1,4,99.99
2026-03-14T05:50:17.838Z,,36.07084600,136.59528000,1202.100,1,4,99.99
2026-03-14T05:50:18.045Z,,36.07084600,136.59528000,1202.100,1,4,99.99
2026-03-14T05:50:18.239Z,,36.07084600,136.59528000,1202.100,1,4,99.99
2026-03-14T05:50:18.440Z,,36.07084600,136.59528000,1202.100,1,4,99.99
2026-03-14T05:50:18.640Z,,36.07084600,136.59528000,1202.100,1,4,99.99
2026-03-14T05:50:18.839Z,,36.07084600,136.59528000,1202.100,1,4,99.99
2026-03-14T05:50:19.046Z,,36.07084600,136.59528000,1202.100,1,4,99.99
2026-03-14T05:50:19.240Z,,36.07084600,136.59528000,1202.100,1,4,99.99
2026-03-14T05:50:19.440Z,,36.07084600,136.59528000,1202.100,1,4,99.99
2026-03-14T05:50:19.642Z,,36.07084600,136.59528000,1202.100,1,4,99.99
2026-03-14T05:50:19.840Z,,36.07084600,136.59528000,1202.100,1,4,99.99
2026-03-14T05:50:20.046Z,,36.07084600,136.59528000,1202.100,1,4,99.99
2026-03-14T05:50:20.248Z,,36.07084600,136.59528000,1202.100,1,4,99.99
2026-03-14T05:50:20.439Z,,36.07084600,136.59528000,1202.100,1,4,99.99
2026-03-14T05:50:20.641Z,,36.07084600,136.59528000,1202.100,1,4,99.99
2026-03-14T05:50:20.840Z,,36.07084600,136.59528000,1202.100,1,4,99.99
2026-03-14T05:50:21.053Z,,36.07084600,136.59528000,1202.100,1,4,99.99
2026-03-14T05:50:21.240Z,,36.07084600,136.59528000,1202.100,1,4,99.99
2026-03-14T05:50:21.441Z,,36.07084600,136.59528000,1202.100,1,4,99.99
2026-03-14T05:50:21.642Z,,36.07084600,136.59528000,1202.100,1,4,99.99
2026-03-14T05:50:24.048Z,,36.07084600,136.59528000,1202.100,1,3,99.99
2026-03-14T05:50:24.240Z,,36.07084600,136.59528000,1202.100,1,3,99.99
2026-03-14T05:50:25.839Z,,36.07084600,136.59528000,1202.100,1,4,99.99
2026-03-14T05:50:26.045Z,,36.07084600,136.59528000,1202.100,1,4,99.99
2026-03-14T05:50:26.243Z,,36.07084600,136.59528000,1202.100,1,4,99.99
2026-03-14T05:50:26.440Z,,36.07084600,136.59528000,1202.100,1,4,99.99
2026-03-14T05:50:26.641Z,,36.07084600,136.59528000,1202.100,1,4,99.99
2026-03-14T05:50:26.841Z,,36.07084600,136.59528000,1202.100,1,4,99.99
2026-03-14T05:50:27.046Z,,36.07084600,136.59528000,1202.100,1,4,99.99
2026-03-14T05:50:27.241Z,,36.07084600,136.59528000,1202.100,1,4,99.99
2026-03-14T05:50:27.443Z,,36.07084600,136.59528000,1202.100,1,4,99.99
2026-03-14T05:50:27.641Z,,36.07084600,136.59528000,1202.100,1,4,99.99
2026-03-14T05:50:29.641Z,,36.07084600,136.59528000,1202.100,1,3,99.99
2026-03-14T05:50:29.841Z,,36.07084600,136.59528000,1202.100,1,3,99.99
2026-03-14T05:50:30.045Z,,36.07084600,136.59528000,1202.100,1,3,99.99
2026-03-14T05:50:30.237Z,,36.07084600,136.59528000,1202.100,1,3,99.99
2026-03-14T05:50:30.440Z,,36.07084600,136.59528000,1202.100,1,3,99.99
2026-03-14T05:50:30.640Z,,36.07084600,136.59528000,1202.100,1,3,99.99
2026-03-14T05:50:30.841Z,,36.07084600,136.59528000,1202.100,1,3,99.99
2026-03-14T05:50:31.045Z,,36.07084600,136.59528000,1202.100,1,3,99.99
2026-03-14T05:50:31.239Z,,36.07084600,136.59528000,1202.100,1,3,99.99
2026-03-14T05:50:31.445Z,,36.07084600,136.59528000,1202.100,1,3,99.99
2026-03-14T05:50:31.640Z,,36.07084600,136.59528000,1202.100,1,3,99.99
2026-03-14T05:50:31.838Z,,36.07084600,136.59528000,1202.100,1,3,99.99
2026-03-14T05:50:32.043Z,,36.07084600,136.59528000,1202.100,1,3,99.99
2026-03-14T05:50:32.240Z,,36.07084600,136.59528000,1202.100,1,3,99.99
2026-03-14T05:50:32.440Z,,36.07084600,136.59528000,1202.100,1,3,99.99
2026-03-14T05:50:32.642Z,,36.07084600,136.59528000,1202.100,1,3,99.99
2026-03-14T05:50:32.840Z,,36.07084600,136.59528000,1202.100,1,3,99.99
2026-03-14T05:50:33.046Z,,36.07084600,136.59528000,1202.100,1,3,99.99
2026-03-14T05:50:33.240Z,,36.07084600,136.59528000,1202.100,1,3,99.99
2026-03-14T05:50:33.440Z,,36.07084600,136.59528000,1202.100,1,3,99.99
2026-03-14T05:50:35.644Z,,36.07084600,136.59528000,1202.100,1,3,99.99
2026-03-14T05:50:35.839Z,,36.07084600,136.59528000,1202.100,1,3,99.99
2026-03-14T05:50:36.045Z,,36.07084600,136.59528000,1202.100,1,3,99.99
2026-03-14T05:50:36.237Z,,36.07084600,136.59528000,1202.100,1,3,99.99
2026-03-14T05:50:45.249Z,,36.07084600,136.59528000,1202.100,1,4,99.99
2026-03-14T05:50:45.441Z,,36.07084600,136.59528000,1202.100,1,4,99.99
2026-03-14T05:50:45.644Z,,36.07084600,136.59528000,1202.100,1,4,99.99
2026-03-14T05:50:45.841Z,,36.07084600,136.59528000,1202.100,1,4,99.99
2026-03-14T05:50:46.051Z,,36.07084600,136.59528000,1202.100,1,4,99.99
2026-03-14T05:50:46.241Z,,36.07084600,136.59528000,1202.100,1,4,99.99
2026-03-14T05:50:46.441Z,,36.07084600,136.59528000,1202.100,1,4,99.99
2026-03-14T05:50:49.449Z,,36.07084600,136.59528000,1202.100,1,4,99.99
2026-03-14T05:50:49.645Z,,36.07084600,136.59528000,1202.100,1,4,99.99
2026-03-14T05:50:49.841Z,,36.07084600,136.59528000,1202.100,1,4,99.99
2026-03-14T05:50:50.052Z,,36.07084600,136.59528000,1202.100,1,4,99.99
2026-03-14T05:50:50.244Z,,36.07084600,136.59528000,1202.100,1,4,99.99
2026-03-14T05:50:50.441Z,,36.07084600,136.59528000,1202.100,1,4,99.99
2026-03-14T05:50:50.643Z,,36.07084600,136.59528000,1202.100,1,4,99.99
2026-03-14T05:50:54.846Z,,36.07084600,136.59528000,1202.100,1,5,99.99
2026-03-14T05:50:55.054Z,,36.07084600,136.59528000,1202.100,1,5,99.99
2026-03-14T05:50:55.247Z,,36.07084600,136.59528000,1202.100,1,5,99.99
2026-03-14T05:50:55.447Z,,36.07084600,136.59528000,1202.100,1,5,99.99
2026-03-14T05:50:55.649Z,,36.07084600,136.59528000,1202.100,1,5,99.99
2026-03-14T05:50:55.852Z,,36.07084600,136.59528000,1202.100,1,5,99.99
2026-03-14T05:50:56.051Z,,36.07084600,136.59528000,1202.100,1,5,99.99
2026-03-14T05:50:56.250Z,,36.07084600,136.59528000,1202.100,1,5,99.99
2026-03-14T05:50:56.449Z,,36.07084600,136.59528000,1202.100,1,5,99.99
2026-03-14T05:50:56.648Z,,36.07084600,136.59528000,1202.100,1,4,99.99
2026-03-14T05:50:56.849Z,,36.07084600,136.59528000,1202.100,1,4,99.99
2026-03-14T05:50:57.056Z,,36.07084600,136.59528000,1202.100,1,4,99.99
2026-03-14T05:50:57.249Z,,36.07084600,136.59528000,1202.100,1,4,99.99
2026-03-14T05:50:57.451Z,,36.07084600,136.59528000,1202.100,1,4,99.99
2026-03-14T05:50:57.656Z,,36.07084600,136.59528000,1202.100,1,4,99.99
2026-03-14T05:50:57.846Z,,36.07084600,136.59528000,1202.100,1,4,99.99
2026-03-14T05:50:58.057Z,,36.07084600,136.59528000,1202.100,1,4,99.99
2026-03-14T05:50:58.250Z,,36.07084600,136.59528000,1202.100,1,4,99.99
2026-03-14T05:50:58.449Z,,36.07084600,136.59528000,1202.100,1,4,99.99
2026-03-14T05:50:58.649Z,,36.07084600,136.59528000,1202.100,1,4,99.99
2026-03-14T05:50:58.849Z,,36.07084600,136.59528000,1202.100,1,4,99.99
2026-03-14T05:50:59.054Z,,36.07084600,136.59528000,1202.100,1,4,99.99
2026-03-14T05:50:59.250Z,,36.07084600,136.59528000,1202.100,1,5,99.99
2026-03-14T05:50:59.452Z,,36.07084600,136.59528000,1202.100,1,5,99.99
2026-03-14T05:50:59.645Z,,36.07084600,136.59528000,1202.100,1,5,99.99
2026-03-14T05:50:59.850Z,,36.07084600,136.59528000,1202.100,1,5,99.99
2026-03-14T05:51:00.054Z,,36.07084600,136.59528000,1202.100,1,5,99.99
2026-03-14T05:51:00.248Z,,36.07084600,136.59528000,1202.100,1,5,99.99
2026-03-14T05:51:00.449Z,,36.07084600,136.59528000,1202.100,1,5,99.99
2026-03-14T05:51:00.648Z,,36.07084600,136.59528000,1202.100,1,5,99.99
2026-03-14T05:51:00.851Z,,36.07084600,136.59528000,1202.100,1,5,99.99
2026-03-14T05:51:01.056Z,,36.07084600,136.59528000,1202.100,1,5,99.99
2026-03-14T05:51:01.251Z,,36.07084600,136.59528000,1202.100,1,5,99.99
2026-03-14T05:51:01.450Z,,36.07084600,136.59528000,1202.100,1,5,99.99
2026-03-14T05:51:01.650Z,,36.07084600,136.59528000,1202.100,1,5,99.99
2026-03-14T05:51:01.851Z,,36.07084600,136.59528000,1202.100,1,5,99.99
2026-03-14T05:51:02.055Z,,36.07084600,136.59528000,1202.100,1,5,99.99
2026-03-14T05:51:02.249Z,,36.07084600,136.59528000,1202.100,1,5,99.99
2026-03-14T05:51:02.450Z,,36.07084600,136.59528000,1202.100,1,5,99.99
2026-03-14T05:51:02.651Z,,36.07084600,136.59528000,1202.100,1,5,99.99
2026-03-14T05:51:02.853Z,,36.07084600,136.59528000,1202.100,1,5,99.99
2026-03-14T05:51:03.062Z,,36.07084600,136.59528000,1202.100,1,5,99.99
2026-03-14T05:51:03.254Z,,36.07084600,136.59528000,1202.100,1,5,99.99
2026-03-14T05:51:03.461Z,,36.07084600,136.59528000,1202.100,1,5,99.99
2026-03-14T05:51:03.657Z,,36.07084600,136.59528000,1202.100,1,5,99.99
2026-03-14T05:51:03.855Z,,36.07084600,136.59528000,1202.100,1,5,99.99
2026-03-14T05:51:04.058Z,,36.07084600,136.59528000,1202.100,1,5,99.99
2026-03-14T05:51:04.254Z,,36.07084600,136.59528000,1202.100,1,5,99.99
2026-03-14T05:51:04.453Z,,36.07084600,136.59528000,1202.100,1,5,99.99
2026-03-14T05:51:04.656Z,,36.07084600,136.59528000,1202.100,1,5,99.99
2026-03-14T05:51:04.854Z,,36.07084600,136.59528000,1202.100,1,5,99.99
2026-03-14T05:51:05.061Z,,36.07084600,136.59528000,1202.100,1,5,99.99
2026-03-14T05:51:05.255Z,,36.07084600,136.59528000,1202.100,1,5,99.99
2026-03-14T05:51:05.458Z,,36.07084600,136.59528000,1202.100,1,5,99.99
2026-03-14T05:51:05.655Z,,36.07084600,136.59528000,1202.100,1,5,99.99
2026-03-14T05:51:05.851Z,,36.07084600,136.59528000,1202.100,1,5,99.99
2026-03-14T05:51:06.061Z,,36.07084600,136.59528000,1202.100,1,5,99.99
2026-03-14T05:51:06.255Z,,36.07084600,136.59528000,1202.100,1,5,99.99
2026-03-14T05:51:06.456Z,,36.07084600,136.59528000,1202.100,1,5,99.99
2026-03-14T05:51:06.656Z,,36.07084600,136.59528000,1202.100,1,5,99.99
2026-03-14T05:51:06.855Z,,36.07084600,136.59528000,1202.100,1,5,99.99
2026-03-14T05:51:07.062Z,,36.07084600,136.59528000,1202.100,1,5,99.99
2026-03-14T05:51:07.255Z,,36.07084600,136.59528000,1202.100,1,5,99.99
2026-03-14T05:51:07.458Z,,36.07084600,136.59528000,1202.100,1,5,99.99
2026-03-14T05:51:07.651Z,,36.07084600,136.59528000,1202.100,1,5,99.99
2026-03-14T05:51:07.856Z,,36.07084600,136.59528000,1202.100,1,5,99.99
2026-03-14T05:51:08.058Z,,36.07084600,136.59528000,1202.100,1,5,99.99
2026-03-14T05:51:08.452Z,,36.07084600,136.59528000,1202.100,1,6,99.99
2026-03-14T05:59:31.876Z,,36.07084600,136.59528000,1202.100,2,12,99.99
2026-03-14T05:59:32.079Z,,36.07084600,136.59528000,1202.100,2,12,99.99
2026-03-14T05:59:32.263Z,,36.07084600,136.59528000,1202.100,2,12,99.99
2026-03-14T05:59:32.474Z,,36.07084600,136.59528000,1202.100,2,12,99.99
2026-03-14T05:59:32.671Z,,36.07084600,136.59528000,1202.100,2,12,99.99
2026-03-14T05:59:32.917Z,,36.07084600,136.59528000,1202.100,2,12,99.99
2026-03-14T05:59:33.079Z,,36.07084600,136.59528000,1202.100,2,12,99.99
2026-03-14T05:59:33.267Z,,36.07084600,136.59528000,1202.100,2,12,99.99
2026-03-14T05:59:33.460Z,,36.07084600,136.59528000,1202.100,2,12,99.99
2026-03-14T05:59:33.658Z,,36.07084600,136.59528000,1202.100,2,12,99.99
2026-03-14T05:59:33.858Z,,36.07084600,136.59528000,1202.100,2,12,99.99
2026-03-14T05:59:34.062Z,,36.07084600,136.59528000,1202.100,2,12,99.99
2026-03-14T05:59:34.262Z,,36.07084600,136.59528000,1202.100,1,12,99.99
2026-03-14T05:59:34.460Z,,36.07084600,136.59528000,1202.100,1,12,99.99
2026-03-14T05:59:34.661Z,,36.07084600,136.59528000,1202.100,1,12,99.99
2026-03-14T05:59:34.873Z,,36.07084600,136.59528000,1202.100,1,12,99.99
2026-03-14T05:59:35.065Z,,36.07084600,136.59528000,1202.100,1,12,99.99
2026-03-14T05:59:35.260Z,,36.07084600,136.59528000,1202.100,1,12,99.99
2026-03-14T05:59:35.458Z,,36.07084600,136.59528000,1202.100,1,12,99.99
2026-03-14T05:59:35.656Z,,36.07084600,136.59528000,1202.100,1,12,99.99
2026-03-14T05:59:35.855Z,,36.07084600,136.59528000,1202.100,1,12,99.99
2026-03-14T05:59:36.069Z,,36.07084600,136.59528000,1202.100,1,12,99.99
2026-03-14T05:59:36.268Z,,36.07084600,136.59528000,1202.100,2,12,99.99
2026-03-14T05:59:36.463Z,,36.07084600,136.59528000,1202.100,2,12,99.99
2026-03-14T05:59:36.661Z,,36.07084600,136.59528000,1202.100,2,12,99.99
2026-03-14T05:59:36.875Z,,36.07084600,136.59528000,1202.100,2,12,99.99
2026-03-14T05:59:37.074Z,,36.07084600,136.59528000,1202.100,2,12,99.99
2026-03-14T05:59:37.662Z,,36.07084600,136.59528000,1202.100,1,12,99.99
2026-03-14T05:59:37.862Z,,36.07084600,136.59528000,1202.100,1,12,99.99
2026-03-14T05:59:38.070Z,,36.07084600,136.59528000,1202.100,1,12,99.99
2026-03-14T05:59:38.264Z,,36.07084600,136.59528000,1202.100,1,12,99.99
2026-03-14T05:59:38.458Z,,36.07084600,136.59528000,1202.100,1,12,99.99
2026-03-14T05:59:38.662Z,,36.07084600,136.59528000,1202.100,1,12,99.99
2026-03-14T05:59:38.870Z,,36.07084600,136.59528000,1202.100,1,12,99.99
2026-03-14T05:59:39.070Z,,36.07084600,136.59528000,1202.100,1,12,99.99
2026-03-14T05:59:39.266Z,,36.07084600,136.59528000,1202.100,1,12,99.99
2026-03-14T05:59:39.464Z,,36.07084600,136.59528000,1202.100,1,12,99.99
2026-03-14T05:59:39.664Z,,36.07084600,136.59528000,1202.100,1,12,99.99
2026-03-14T05:59:39.866Z,,36.07084600,136.59528000,1202.100,1,12,99.99
2026-03-14T05:59:40.071Z,,36.07084600,136.59528000,1202.100,1,12,99.99
2026-03-14T05:59:40.258Z,,36.07084600,136.59528000,1202.100,1,12,99.99
2026-03-14T05:59:40.464Z,,36.07084600,136.59528000,1202.100,2,12,99.99
2026-03-14T05:59:40.666Z,,36.07084600,136.59528000,1202.100,1,12,99.99
2026-03-14T05:59:40.886Z,,36.07084600,136.59528000,1202.100,2,12,99.99
2026-03-14T05:59:41.071Z,,36.07084600,136.59528000,1202.100,2,12,99.99
2026-03-14T05:59:41.270Z,,36.07084600,136.59528000,1202.100,2,12,99.99
2026-03-14T05:59:41.471Z,,36.07084600,136.59528000,1202.100,2,12,99.99
2026-03-14T05:59:41.690Z,,36.07084600,136.59528000,1202.100,2,12,99.99
2026-03-14T05:59:41.869Z,,36.07084600,136.59528000,1202.100,2,12,99.99
2026-03-14T05:59:42.066Z,,36.07084600,136.59528000,1202.100,2,12,99.99
2026-03-14T05:59:42.266Z,,36.07084600,136.59528000,1202.100,2,12,99.99
2026-03-14T05:59:42.468Z,,36.07084600,136.59528000,1202.100,2,12,99.99
2026-03-14T05:59:42.666Z,,36.07084600,136.59528000,1202.100,1,12,99.99
2026-03-14T05:59:42.883Z,,36.07084600,136.59528000,1202.100,1,12,99.99
2026-03-14T05:59:43.078Z,,36.07084600,136.59528000,1202.100,1,12,99.99
2026-03-14T05:59:43.295Z,,36.07084600,136.59528000,1202.100,1,12,99.99
2026-03-14T05:59:43.474Z,,36.07084600,136.59528000,1202.100,1,12,99.99
2026-03-14T05:59:43.669Z,,36.07084600,136.59528000,1202.100,1,12,99.99
2026-03-14T05:59:43.859Z,,36.07084600,136.59528000,1202.100,1,12,99.99
2026-03-14T05:59:44.078Z,,36.07084600,136.59528000,1202.100,1,12,99.99
2026-03-14T05:59:44.270Z,,36.07084600,136.59528000,1202.100,1,12,99.99
2026-03-14T05:59:46.264Z,,36.07084600,136.59528000,1202.100,2,12,99.99
2026-03-14T05:59:46.461Z,,36.07084600,136.59528000,1202.100,1,12,99.99
2026-03-14T05:59:46.663Z,,36.07084600,136.59528000,1202.100,2,12,99.99
2026-03-14T05:59:46.895Z,,36.07084600,136.59528000,1202.100,2,12,99.99
2026-03-14T05:59:47.069Z,,36.07084600,136.59528000,1202.100,2,12,99.99
2026-03-14T05:59:47.259Z,,36.07084600,136.59528000,1202.100,2,12,99.99
2026-03-14T05:59:47.470Z,,36.07084600,136.59528000,1202.100,2,12,99.99
2026-03-14T05:59:47.677Z,,36.07084600,136.59528000,1202.100,2,12,99.99
2026-03-14T05:59:47.877Z,,36.07084600,136.59528000,1202.100,2,12,99.99
2026-03-14T05:59:48.066Z,,36.07084600,136.59528000,1202.100,2,12,99.99
2026-03-14T05:59:48.254Z,,36.07084600,136.59528000,1202.100,2,12,99.99
2026-03-14T05:59:48.459Z,,36.07084600,136.59528000,1202.100,2,12,99.99
2026-03-14T05:59:48.656Z,,36.07084600,136.59528000,1202.100,2,12,99.99
2026-03-14T05:59:48.872Z,,36.07084600,136.59528000,1202.100,1,12,99.99
2026-03-14T05:59:49.067Z,,36.07084600,136.59528000,1202.100,2,12,99.99
2026-03-14T05:59:49.263Z,,36.07084600,136.59528000,1202.100,2,12,99.99
2026-03-14T05:59:49.457Z,,36.07084600,136.59528000,1202.100,2,12,99.99
2026-03-14T05:59:49.662Z,,36.07084600,136.59528000,1202.100,1,12,99.99
2026-03-14T05:59:49.862Z,,36.07084600,136.59528000,1202.100,1,12,99.99
2026-03-14T05:59:50.061Z,,36.07084600,136.59528000,1202.100,2,12,99.99
2026-03-14T05:59:50.263Z,,36.07084600,136.59528000,1202.100,2,12,99.99
2026-03-14T05:59:50.461Z,,36.07084600,136.59528000,1202.100,1,12,99.99
2026-03-14T05:59:50.662Z,,36.07084600,136.59528000,1202.100,1,12,99.99
2026-03-14T05:59:50.879Z,,36.07084600,136.59528000,1202.100,2,12,99.99
2026-03-14T05:59:51.067Z,,36.07084600,136.59528000,1202.100,2,12,99.99
2026-03-14T05:59:51.281Z,,36.07084600,136.59528000,1202.100,2,12,99.99
2026-03-14T05:59:51.461Z,,36.07084600,136.59528000,1202.100,1,12,99.99
2026-03-14T05:59:51.659Z,,36.07084600,136.59528000,1202.100,1,12,99.99
2026-03-14T05:59:51.854Z,,36.07084600,136.59528000,1202.100,1,12,99.99
2026-03-14T05:59:52.069Z,,36.07084600,136.59528000,1202.100,1,12,99.99
2026-03-14T05:59:52.262Z,,36.07084600,136.59528000,1202.100,1,12,99.99
2026-03-14T05:59:52.488Z,,36.07084600,136.59528000,1202.100,2,12,99.99
2026-03-14T05:59:52.681Z,,36.07084600,136.59528000,1202.100,1,12,99.99
2026-03-14T05:59:52.873Z,,36.07084600,136.59528000,1202.100,1,12,99.99
2026-03-14T05:59:53.069Z,,36.07084600,136.59528000,1202.100,1,12,99.99
2026-03-14T05:59:53.269Z,,36.07084600,136.59528000,1202.100,1,12,99.99
2026-03-14T05:59:53.465Z,,36.07084600,136.59528000,1202.100,1,12,99.99
2026-03-14T05:59:53.655Z,,36.07084600,136.59528000,1202.100,1,12,99.99
2026-03-14T05:59:53.861Z,,36.07084600,136.59528000,1202.100,1,12,99.99
2026-03-14T05:59:54.070Z,,36.07084600,136.59528000,1202.100,1,12,99.99
2026-03-14T05:59:54.259Z,,36.07084600,136.59528000,1202.100,1,12,99.99
2026-03-14T05:59:54.467Z,,36.07084600,136.59528000,1202.100,1,12,99.99
2026-03-14T05:59:54.660Z,,36.07084600,136.59528000,1202.100,1,12,99.99
2026-03-14T05:59:54.897Z,,36.07084600,136.59528000,1202.100,2,12,99.99
2026-03-14T05:59:55.096Z,,36.07084600,136.59528000,1202.100,2,12,99.99
2026-03-14T05:59:55.262Z,,36.07084600,136.59528000,1202.100,1,12,99.99
2026-03-14T05:59:55.459Z,,36.07084600,136.59528000,1202.100,1,12,99.99
2026-03-14T05:59:55.663Z,,36.07084600,136.59528000,1202.100,1,12,99.99
2026-03-14T05:59:55.861Z,,36.07084600,136.59528000,1202.100,1,12,99.99
2026-03-14T05:59:56.068Z,,36.07084600,136.59528000,1202.100,1,12,99.99
2026-03-14T05:59:56.278Z,,36.07084600,136.59528000,1202.100,2,12,99.99
2026-03-14T05:59:56.461Z,,36.07084600,136.59528000,1202.100,2,12,99.99
2026-03-14T05:59:56.683Z,,36.07084600,136.59528000,1202.100,2,12,99.99
2026-03-14T05:59:56.875Z,,36.07084600,136.59528000,1202.100,2,12,99.99
2026-03-14T05:59:57.069Z,,36.07084600,136.59528000,1202.100,2,12,99.99
2026-03-14T05:59:57.260Z,,36.07084600,136.59528000,1202.100,2,12,99.99
2026-03-14T05:59:57.463Z,,36.07084600,136.59528000,1202.100,2,12,99.99
2026-03-14T05:59:57.663Z,,36.07084600,136.59528000,1202.100,2,12,99.99
2026-03-14T05:59:57.875Z,,36.07084600,136.59528000,1202.100,2,12,99.99
2026-03-14T05:59:58.062Z,,36.07084600,136.59528000,1202.100,2,12,99.99
2026-03-14T05:59:58.261Z,,36.07084600,136.59528000,1202.100,2,12,99.99
2026-03-14T05:59:58.461Z,,36.07084600,136.59528000,1202.100,1,12,99.99
2026-03-14T05:59:58.661Z,,36.07084600,136.59528000,1202.100,1,12,99.99
2026-03-14T05:59:58.873Z,,36.07084600,136.59528000,1202.100,1,12,99.99
2026-03-14T05:59:59.069Z,,36.07084600,136.59528000,1202.100,1,12,99.99
2026-03-14T05:59:59.266Z,,36.07084600,136.59528000,1202.100,1,12,99.99
2026-03-14T05:59:59.462Z,,36.07084600,136.59528000,1202.100,1,12,99.99
2026-03-14T05:59:59.665Z,,36.07084600,136.59528000,1202.100,1,12,99.99
2026-03-14T05:59:59.857Z,,36.07084600,136.59528000,1202.100,1,12,99.99
2026-03-14T06:00:00.069Z,,36.07084600,136.59528000,1202.100,1,12,99.99
2026-03-14T06:00:00.264Z,,36.07084600,136.59528000,1202.100,1,12,99.99
2026-03-14T06:00:00.461Z,,36.07084600,136.59528000,1202.100,1,12,99.99
2026-03-14T06:00:00.659Z,,36.07084600,136.59528000,1202.100,1,12,99.99
2026-03-14T06:00:00.874Z,,36.07084600,136.59528000,1202.100,1,12,99.99
2026-03-14T06:00:01.090Z,,36.07084600,136.59528000,1202.100,2,12,99.99
2026-03-14T06:00:01.264Z,,36.07084600,136.59528000,1202.100,2,12,99.99
2026-03-14T06:00:01.462Z,,36.07084600,136.59528000,1202.100,1,12,99.99
2026-03-14T06:00:01.674Z,,36.07084600,136.59528000,1202.100,1,12,99.99
2026-03-14T06:00:01.864Z,,36.07084600,136.59528000,1202.100,1,12,99.99
2026-03-14T06:00:02.067Z,,36.07084600,136.59528000,1202.100,1,12,99.99
2026-03-14T06:00:02.263Z,,36.07084600,136.59528000,1202.100,1,12,99.99
2026-03-14T06:00:02.461Z,,36.07084600,136.59528000,1202.100,1,12,99.99
2026-03-14T06:00:02.659Z,,36.07084600,136.59528000,1202.100,1,12,99.99
2026-03-14T06:00:02.869Z,,36.07084600,136.59528000,1202.100,1,12,99.99
2026-03-14T06:00:03.064Z,,36.07084600,136.59528000,1202.100,1,12,99.99
2026-03-14T06:00:03.256Z,,36.07084600,136.59528000,1202.100,1,12,99.99
2026-03-14T06:00:03.470Z,,36.07084600,136.59528000,1202.100,2,12,99.99
2026-03-14T06:00:03.678Z,,36.07084600,136.59528000,1202.100,1,12,99.99
2026-03-14T06:00:03.855Z,,36.07084600,136.59528000,1202.100,2,12,99.99
2026-03-14T06:00:04.089Z,,36.07084600,136.59528000,1202.100,1,12,99.99
2026-03-14T06:00:04.258Z,,36.07084600,136.59528000,1202.100,1,12,99.99
2026-03-14T06:00:04.457Z,,36.07084600,136.59528000,1202.100,1,12,99.99
2026-03-14T06:00:04.657Z,,36.07084600,136.59528000,1202.100,1,12,99.99
2026-03-14T06:00:04.878Z,,36.07084600,136.59528000,1202.100,1,12,99.99
2026-03-14T06:00:05.071Z,,36.07084600,136.59528000,1202.100,1,12,99.99
2026-03-14T06:00:05.262Z,,36.07084600,136.59528000,1202.100,1,12,99.99
2026-03-14T06:00:05.462Z,,36.07084600,136.59528000,1202.100,1,12,99.99
2026-03-14T06:00:05.663Z,,36.07084600,136.59528000,1202.100,1,12,99.99
2026-03-14T06:00:05.866Z,,36.07084600,136.59528000,1202.100,1,12,99.99
2026-03-14T06:00:06.062Z,,36.07084600,136.59528000,1202.100,1,12,99.99
2026-03-14T06:00:06.261Z,,36.07084600,136.59528000,1202.100,1,12,99.99
2026-03-14T06:00:06.459Z,,36.07084600,136.59528000,1202.100,1,12,99.99
2026-03-14T06:00:06.661Z,,36.07084600,136.59528000,1202.100,1,12,99.99
2026-03-14T06:00:06.868Z,,36.07084600,136.59528000,1202.100,1,12,99.99
2026-03-14T06:00:07.066Z,,36.07084600,136.59528000,1202.100,1,12,99.99
2026-03-14T06:00:07.262Z,,36.07084600,136.59528000,1202.100,1,12,99.99
2026-03-14T06:00:07.456Z,,36.07084600,136.59528000,1202.100,1,12,99.99
2026-03-14T06:00:07.661Z,,36.07084600,136.59528000,1202.100,1,12,99.99
2026-03-14T06:00:07.852Z,,36.07084600,136.59528000,1202.100,1,12,99.99
2026-03-14T06:00:08.065Z,,36.07084600,136.59528000,1202.100,1,12,99.99
2026-03-14T06:00:08.262Z,,36.07084600,136.59528000,1202.100,1,12,99.99
2026-03-14T06:00:08.457Z,,36.07084600,136.59528000,1202.100,1,12,99.99
2026-03-14T06:00:08.659Z,,36.07084600,136.59528000,1202.100,1,12,99.99
2026-03-14T06:00:08.870Z,,36.07084600,136.59528000,1202.100,1,12,99.99
2026-03-14T06:00:09.069Z,,36.07084600,136.59528000,1202.100,1,12,99.99
2026-03-14T06:00:09.261Z,,36.07084600,136.59528000,1202.100,1,12,99.99
2026-03-14T06:00:09.460Z,,36.07084600,136.59528000,1202.100,1,12,99.99
2026-03-14T06:00:09.653Z,,36.07084600,136.59528000,1202.100,1,12,99.99
2026-03-14T06:00:09.858Z,,36.07084600,136.59528000,1202.100,1,12,99.99
2026-03-14T06:00:10.069Z,,36.07084600,136.59528000,1202.100,1,12,99.99
2026-03-14T06:00:10.261Z,,36.07084600,136.59528000,1202.100,1,12,99.99
2026-03-14T06:00:10.458Z,,36.07084600,136.59528000,1202.100,1,12,99.99
2026-03-14T06:00:10.663Z,,36.07084600,136.59528000,1202.100,1,12,99.99
2026-03-14T06:00:10.878Z,,36.07084600,136.59528000,1202.100,1,12,99.99
2026-03-14T06:00:11.069Z,,36.07084600,136.59528000,1202.100,1,12,99.99
2026-03-14T06:00:11.262Z,,36.07084600,136.59528000,1202.100,1,12,99.99
2026-03-14T06:00:11.455Z,,36.07084600,136.59528000,1202.100,1,12,99.99
2026-03-14T06:00:11.661Z,,36.07084600,136.59528000,1202.100,1,12,99.99
2026-03-14T06:00:11.858Z,,36.07084600,136.59528000,1202.100,1,12,99.99
2026-03-14T06:00:12.066Z,,36.07084600,136.59528000,1202.100,1,12,99.99
2026-03-14T06:00:12.258Z,,36.07084600,136.59528000,1202.100,1,12,99.99
2026-03-14T06:00:12.459Z,,36.07084600,136.59528000,1202.100,1,12,99.99
2026-03-14T06:00:12.658Z,,36.07084600,136.59528000,1202.100,1,12,99.99
2026-03-14T06:00:12.875Z,,36.07084600,136.59528000,1202.100,1,12,99.99
2026-03-14T06:00:13.064Z,,36.07084600,136.59528000,1202.100,1,12,99.99
2026-03-14T06:00:13.254Z,,36.07084600,136.59528000,1202.100,1,12,99.99
2026-03-14T06:00:13.462Z,,36.07084600,136.59528000,1202.100,1,12,99.99
2026-03-14T06:00:13.658Z,,36.07084600,136.59528000,1202.100,1,12,99.99
2026-03-14T06:00:13.856Z,,36.07084600,136.59528000,1202.100,1,12,99.99
2026-03-14T06:00:14.062Z,,36.07084600,136.59528000,1202.100,1,12,99.99
2026-03-14T06:00:14.259Z,,36.07084600,136.59528000,1202.100,1,12,99.99
2026-03-14T06:00:14.459Z,,36.07084600,136.59528000,1202.100,1,12,99.99
2026-03-14T06:00:14.659Z,,36.07084600,136.59528000,1202.100,2,12,99.99
2026-03-14T06:00:14.873Z,,36.07084600,136.59528000,1202.100,2,12,99.99
2026-03-14T06:00:15.063Z,,36.07084600,136.59528000,1202.100,2,12,99.99
2026-03-14T06:00:15.256Z,,36.07084600,136.59528000,1202.100,1,12,99.99
2026-03-14T06:00:15.458Z,,36.07084600,136.59528000,1202.100,1,12,99.99
2026-03-14T06:00:15.656Z,,36.07084600,136.59528000,1202.100,1,12,99.99
2026-03-14T06:00:15.850Z,,36.07084600,136.59528000,1202.100,1,12,99.99
2026-03-14T06:00:16.067Z,,36.07084600,136.59528000,1202.100,1,12,99.99
2026-03-14T06:00:16.257Z,,36.07084600,136.59528000,1202.100,1,12,99.99
2026-03-14T06:00:16.454Z,,36.07084600,136.59528000,1202.100,1,12,99.99
2026-03-14T06:00:16.657Z,,36.07084600,136.59528000,1202.100,1,12,99.99
2026-03-14T06:00:16.867Z,,36.07084600,136.59528000,1202.100,1,12,99.99
2026-03-14T06:00:17.062Z,,36.07084600,136.59528000,1202.100,1,12,99.99
2026-03-14T06:00:17.256Z,,36.07084600,136.59528000,1202.100,1,12,99.99
2026-03-14T06:00:17.455Z,,36.07084600,136.59528000,1202.100,1,12,99.99
2026-03-14T06:00:17.654Z,,36.07084600,136.59528000,1202.100,1,12,99.99
2026-03-14T06:00:17.859Z,,36.07084600,136.59528000,1202.100,1,12,99.99
2026-03-14T06:00:18.079Z,,36.07084600,136.59528000,1202.100,1,12,99.99
2026-03-14T06:00:18.273Z,,36.07084600,136.59528000,1202.100,1,12,99.99
2026-03-14T06:00:18.456Z,,36.07084600,136.59528000,1202.100,1,12,99.99
2026-03-14T06:00:18.658Z,,36.07084600,136.59528000,1202.100,1,12,99.99
2026-03-14T06:00:18.867Z,,36.07084600,136.59528000,1202.100,1,12,99.99
2026-03-14T06:00:19.065Z,,36.07084600,136.59528000,1202.100,1,12,99.99
2026-03-14T06:00:19.255Z,,36.07084600,136.59528000,1202.100,1,12,99.99
2026-03-14T06:00:19.467Z,,36.07084600,136.59528000,1202.100,1,12,99.99
2026-03-14T06:00:19.655Z,,36.07084600,136.59528000,1202.100,1,12,99.99
2026-03-14T06:00:19.854Z,,36.07084600,136.59528000,1202.100,1,12,99.99
2026-03-14T06:00:20.060Z,,36.07084600,136.59528000,1202.100,1,12,99.99
2026-03-14T06:00:20.257Z,,36.07084600,136.59528000,1202.100,1,12,99.99
2026-03-14T06:00:20.456Z,,36.07084600,136.59528000,1202.100,1,12,99.99
2026-03-14T06:00:20.653Z,,36.07084600,136.59528000,1202.100,1,12,99.99
2026-03-14T06:00:20.868Z,,36.07084600,136.59528000,1202.100,1,12,99.99
2026-03-14T06:00:21.063Z,,36.07084600,136.59528000,1202.100,1,12,99.99
2026-03-14T06:00:21.247Z,,36.07084600,136.59528000,1202.100,1,12,99.99
2026-03-14T06:00:21.454Z,,36.07084600,136.59528000,1202.100,1,12,99.99
2026-03-14T06:00:21.653Z,,36.07084600,136.59528000,1202.100,1,12,99.99
2026-03-14T06:00:21.853Z,,36.07084600,136.59528000,1202.100,1,12,99.99
2026-03-14T06:00:22.061Z,,36.07084600,136.59528000,1202.100,1,12,99.99
2026-03-14T06:00:22.251Z,,36.07084600,136.59528000,1202.100,1,11,99.99
2026-03-14T06:00:22.451Z,,36.07084600,136.59528000,1202.100,1,12,99.99
2026-03-14T06:00:22.654Z,,36.07084600,136.59528000,1202.100,1,12,99.99
2026-03-14T06:00:22.864Z,,36.07084600,136.59528000,1202.100,1,12,99.99
2026-03-14T06:00:23.061Z,,36.07084600,136.59528000,1202.100,1,12,99.99
2026-03-14T06:00:23.254Z,,36.07084600,136.59528000,1202.100,1,12,99.99
2026-03-14T06:00:23.455Z,,36.07084600,136.59528000,1202.100,1,12,99.99
2026-03-14T06:00:23.654Z,,36.07084600,136.59528000,1202.100,2,12,99.99
2026-03-14T06:00:23.851Z,,36.07084600,136.59528000,1202.100,2,12,99.99
2026-03-14T06:00:24.063Z,,36.07084600,136.59528000,1202.100,2,12,99.99
2026-03-14T06:00:24.254Z,,36.07084600,136.59528000,1202.100,2,12,99.99
2026-03-14T06:00:24.454Z,,36.07084600,136.59528000,1202.100,2,12,99.99
2026-03-14T06:00:24.654Z,,36.07084600,136.59528000,1202.100,2,12,99.99
2026-03-14T06:00:24.864Z,,36.07084600,136.59528000,1202.100,2,12,99.99
2026-03-14T06:00:25.065Z,,36.07084600,136.59528000,1202.100,2,12,99.99
2026-03-14T06:00:25.255Z,,36.07084600,136.59528000,1202.100,2,12,99.99
2026-03-14T06:00:25.454Z,,36.07084600,136.59528000,1202.100,2,12,99.99
2026-03-14T06:00:25.651Z,,36.07084600,136.59528000,1202.100,2,12,99.99
2026-03-14T06:00:25.855Z,,36.07084600,136.59528000,1202.100,2,12,99.99
2026-03-14T06:00:26.082Z,,36.07084600,136.59528000,1202.100,2,12,99.99
2026-03-14T06:00:26.256Z,,36.07084600,136.59528000,1202.100,2,12,99.99
2026-03-14T06:00:26.454Z,,36.07084600,136.59528000,1202.100,2,12,99.99
2026-03-14T06:00:26.656Z,,36.07084600,136.59528000,1202.100,2,12,99.99
2026-03-14T06:00:26.868Z,,36.07084600,136.59528000,1202.100,2,12,99.99
2026-03-14T06:00:27.077Z,,36.07084600,136.59528000,1202.100,2,12,99.99
2026-03-14T06:00:27.252Z,,36.07084600,136.59528000,1202.100,2,12,99.99
2026-03-14T06:00:27.448Z,,36.07084600,136.59528000,1202.100,2,12,99.99
2026-03-14T06:00:27.653Z,,36.07084600,136.59528000,1202.100,2,12,99.99
2026-03-14T06:00:27.850Z,,36.07084600,136.59528000,1202.100,2,12,99.99
2026-03-14T06:00:28.061Z,,36.07084600,136.59528000,1202.100,2,12,99.99
2026-03-14T06:00:28.254Z,,36.07084600,136.59528000,1202.100,2,12,99.99
2026-03-14T06:00:28.453Z,,36.07084600,136.59528000,1202.100,2,12,99.99
2026-03-14T06:00:28.658Z,,36.07084600,136.59528000,1202.100,2,12,99.99
2026-03-14T06:00:28.864Z,,36.07084600,136.59528000,1202.100,2,12,99.99
2026-03-14T06:00:29.064Z,,36.07084600,136.59528000,1202.100,2,12,99.99
2026-03-14T06:00:29.248Z,,36.07084600,136.59528000,1202.100,2,12,99.99
2026-03-14T06:00:29.452Z,,36.07084600,136.59528000,1202.100,2,12,99.99
2026-03-14T06:00:29.656Z,,36.07084600,136.59528000,1202.100,2,12,99.99
2026-03-14T06:00:29.857Z,,36.07084600,136.59528000,1202.100,2,12,99.99
2026-03-14T06:00:30.062Z,,36.07084600,136.59528000,1202.100,1,12,99.99
2026-03-14T06:00:30.257Z,,36.07084600,136.59528000,1202.100,1,12,99.99
2026-03-14T06:00:30.458Z,,36.07084600,136.59528000,1202.100,1,12,99.99
2026-03-14T06:00:30.656Z,,36.07084600,136.59528000,1202.100,1,12,99.99
2026-03-14T06:00:30.862Z,,36.07084600,136.59528000,1202.100,1,12,99.99
2026-03-14T06:00:31.059Z,,36.07084600,136.59528000,1202.100,1,12,99.99
2026-03-14T06:00:31.257Z,,36.07084600,136.59528000,1202.100,1,12,99.99
2026-03-14T06:00:31.454Z,,36.07084600,136.59528000,1202.100,1,12,99.99
2026-03-14T06:00:31.655Z,,36.07084600,136.59528000,1202.100,1,12,99.99
2026-03-14T06:00:31.852Z,,36.07084600,136.59528000,1202.100,1,12,99.99
2026-03-14T06:00:32.063Z,,36.07084600,136.59528000,1202.100,1,12,99.99
2026-03-14T06:00:32.255Z,,36.07084600,136.59528000,1202.100,1,11,99.99
2026-03-14T06:00:32.454Z,,36.07084600,136.59528000,1202.100,1,12,99.99
2026-03-14T06:00:32.654Z,,36.07084600,136.59528000,1202.100,1,12,99.99
2026-03-14T06:00:32.866Z,,36.07084600,136.59528000,1202.100,2,12,99.99
2026-03-14T06:00:33.062Z,,36.07084600,136.59528000,1202.100,1,12,99.99
2026-03-14T06:00:33.251Z,,36.07084600,136.59528000,1202.100,1,12,99.99
2026-03-14T06:00:33.453Z,,36.07084600,136.59528000,1202.100,1,12,99.99
2026-03-14T06:00:33.665Z,,36.07084600,136.59528000,1202.100,1,12,99.99
2026-03-14T06:00:33.874Z,,36.07084600,136.59528000,1202.100,1,12,99.99
2026-03-14T06:00:34.062Z,,36.07084600,136.59528000,1202.100,1,12,99.99
2026-03-14T06:00:34.253Z,,36.07084600,136.59528000,1202.100,1,11,99.99
2026-03-14T06:00:34.451Z,,36.07084600,136.59528000,1202.100,1,11,99.99
2026-03-14T06:00:34.652Z,,36.07084600,136.59528000,1202.100,1,11,99.99
2026-03-14T06:00:34.864Z,,36.07084600,136.59528000,1202.100,1,12,99.99
2026-03-14T06:00:35.059Z,,36.07084600,136.59528000,1202.100,1,10,99.99
2026-03-14T06:00:35.253Z,,36.07084600,136.59528000,1202.100,1,10,99.99
2026-03-14T06:00:35.448Z,,36.07084600,136.59528000,1202.100,1,10,99.99
2026-03-14T06:00:35.654Z,,36.07084600,136.59528000,1202.100,1,10,99.99
2026-03-14T06:00:35.855Z,,36.07084600,136.59528000,1202.100,1,9,99.99
2026-03-14T06:00:36.062Z,,36.07084600,136.59528000,1202.100,1,10,99.99
2026-03-14T06:00:36.257Z,,36.07084600,136.59528000,1202.100,1,11,99.99
2026-03-14T06:00:36.461Z,,36.07084600,136.59528000,1202.100,1,12,99.99
2026-03-14T06:00:36.660Z,,36.07084600,136.59528000,1202.100,1,12,99.99
2026-03-14T06:00:36.865Z,,36.07084600,136.59528000,1202.100,1,12,99.99
2026-03-14T06:00:37.065Z,,36.07084600,136.59528000,1202.100,1,12,99.99
2026-03-14T06:00:37.249Z,,36.07084600,136.59528000,1202.100,2,11,99.99
2026-03-14T06:00:37.455Z,,36.07084600,136.59528000,1202.100,2,11,99.99
2026-03-14T06:00:37.658Z,,36.07084600,136.59528000,1202.100,2,11,99.99
2026-03-14T06:00:37.854Z,,36.07084600,136.59528000,1202.100,1,12,99.99
2026-03-14T06:00:38.064Z,,36.07084600,136.59528000,1202.100,1,12,99.99
2026-03-14T06:00:38.273Z,,36.07084600,136.59528000,1202.100,1,12,99.99
2026-03-14T06:00:38.455Z,,36.07084600,136.59528000,1202.100,1,12,99.99
2026-03-14T06:00:38.666Z,,36.07084600,136.59528000,1202.100,1,12,99.99
2026-03-14T06:00:38.866Z,,36.07084600,136.59528000,1202.100,1,12,99.99
2026-03-14T06:00:39.056Z,,36.07084600,136.59528000,1202.100,1,12,99.99
2026-03-14T06:00:39.254Z,,36.07084600,136.59528000,1202.100,1,10,99.99
2026-03-14T06:00:39.469Z,,36.07084600,136.59528000,1202.100,1,11,99.99
2026-03-14T06:00:39.654Z,,36.07084600,136.59528000,1202.100,1,12,99.99
2026-03-14T06:00:39.864Z,,36.07084600,136.59528000,1202.100,1,11,99.99
2026-03-14T06:00:40.062Z,,36.07084600,136.59528000,1202.100,1,10,99.99
2026-03-14T06:00:40.252Z,,36.07084600,136.59528000,1202.100,1,9,99.99
2026-03-14T06:00:40.455Z,,36.07084600,136.59528000,1202.100,1,10,99.99
2026-03-14T06:00:40.675Z,,36.07084600,136.59528000,1202.100,2,12,99.99
2026-03-14T06:00:40.866Z,,36.07084600,136.59528000,1202.100,2,10,99.99
2026-03-14T06:00:41.063Z,,36.07084600,136.59528000,1202.100,2,10,99.99
2026-03-14T06:00:41.256Z,,36.07084600,136.59528000,1202.100,2,9,99.99
2026-03-14T06:00:41.455Z,,36.07084600,136.59528000,1202.100,2,10,99.99
2026-03-14T06:00:41.651Z,,36.07084600,136.59528000,1202.100,2,12,99.99
2026-03-14T06:00:41.859Z,,36.07084600,136.59528000,1202.100,2,12,99.99
2026-03-14T06:00:42.065Z,,36.07084600,136.59528000,1202.100,2,12,99.99
2026-03-14T06:00:42.256Z,,36.07084600,136.59528000,1202.100,2,12,99.99
2026-03-14T06:00:42.458Z,,36.07084600,136.59528000,1202.100,2,12,99.99
2026-03-14T06:00:42.657Z,,36.07084600,136.59528000,1202.100,2,12,99.99
2026-03-14T06:00:42.869Z,,36.07084600,136.59528000,1202.100,2,12,99.99
2026-03-14T06:00:43.064Z,,36.07084600,136.59528000,1202.100,2,12,99.99
2026-03-14T06:00:43.254Z,,36.07084600,136.59528000,1202.100,2,12,99.99
2026-03-14T06:00:43.448Z,,36.07084600,136.59528000,1202.100,2,12,99.99
2026-03-14T06:00:43.656Z,,36.07084600,136.59528000,1202.100,2,12,99.99
2026-03-14T06:00:43.855Z,,36.07084600,136.59528000,1202.100,2,12,99.99
2026-03-14T06:00:44.062Z,,36.07084600,136.59528000,1202.100,2,12,99.99
2026-03-14T06:00:44.257Z,,36.07084600,136.59528000,1202.100,2,11,99.99
2026-03-14T06:00:44.456Z,,36.07084600,136.59528000,1202.100,2,11,99.99
2026-03-14T06:00:44.656Z,,36.07084600,136.59528000,1202.100,2,11,99.99
2026-03-14T06:00:44.873Z,,36.07084600,136.59528000,1202.100,2,12,99.99
2026-03-14T06:00:45.070Z,,36.07084600,136.59528000,1202.100,2,12,99.99
2026-03-14T06:00:45.254Z,,36.07084600,136.59528000,1202.100,2,11,99.99
2026-03-14T06:00:45.460Z,,36.07084600,136.59528000,1202.100,2,10,99.99
2026-03-14T06:00:45.663Z,,36.07084600,136.59528000,1202.100,2,12,99.99
2026-03-14T06:00:45.864Z,,36.07084600,136.59528000,1202.100,2,12,99.99
2026-03-14T06:00:46.069Z,,36.07084600,136.59528000,1202.100,2,12,99.99
2026-03-14T06:00:46.262Z,,36.07084600,136.59528000,1202.100,2,12,99.99
2026-03-14T06:00:46.458Z,,36.07084600,136.59528000,1202.100,2,12,99.99
2026-03-14T06:00:46.662Z,,36.07084600,136.59528000,1202.100,2,12,99.99
2026-03-14T06:00:46.869Z,,36.07084600,136.59528000,1202.100,2,12,99.99
2026-03-14T06:00:47.060Z,,36.07084600,136.59528000,1202.100,2,12,99.99
2026-03-14T06:00:47.259Z,,36.07084600,136.59528000,1202.100,2,12,99.99
2026-03-14T06:00:47.458Z,,36.07084600,136.59528000,1202.100,2,12,99.99
2026-03-14T06:00:47.659Z,,36.07084600,136.59528000,1202.100,2,12,99.99
2026-03-14T06:00:47.861Z,,36.07084600,136.59528000,1202.100,2,12,99.99
2026-03-14T06:00:48.067Z,,36.07084600,136.59528000,1202.100,2,12,99.99
2026-03-14T06:00:48.259Z,,36.07084600,136.59528000,1202.100,2,12,99.99
2026-03-14T06:00:48.460Z,,36.07084600,136.59528000,1202.100,2,12,99.99
2026-03-14T06:00:48.661Z,,36.07084600,136.59528000,1202.100,2,12,99.99
2026-03-14T06:00:48.876Z,,36.07084600,136.59528000,1202.100,2,12,99.99
2026-03-14T06:00:49.087Z,,36.07084600,136.59528000,1202.100,1,12,99.99
2026-03-14T06:00:49.258Z,,36.07084600,136.59528000,1202.100,1,12,99.99
2026-03-14T06:00:49.458Z,,36.07084600,136.59528000,1202.100,1,12,99.99
2026-03-14T06:00:49.656Z,,36.07084600,136.59528000,1202.100,1,12,99.99
2026-03-14T06:00:49.858Z,,36.07084600,136.59528000,1202.100,1,12,99.99
2026-03-14T06:00:50.064Z,,36.07084600,136.59528000,1202.100,1,12,99.99
2026-03-14T06:00:50.269Z,,36.07084600,136.59528000,1202.100,1,11,99.99
2026-03-14T06:00:50.456Z,,36.07084600,136.59528000,1202.100,1,12,99.99
2026-03-14T06:00:50.653Z,,36.07084600,136.59528000,1202.100,1,12,99.99
2026-03-14T06:00:50.869Z,,36.07084600,136.59528000,1202.100,1,12,99.99
2026-03-14T06:00:51.061Z,,36.07084600,136.59528000,1202.100,1,12,99.99
2026-03-14T06:00:51.253Z,,36.07084600,136.59528000,1202.100,1,11,99.99
2026-03-14T06:00:51.448Z,,36.07084600,136.59528000,1202.100,1,12,99.99
2026-03-14T06:00:51.654Z,,36.07084600,136.59528000,1202.100,1,12,99.99
2026-03-14T06:00:51.854Z,,36.07084600,136.59528000,1202.100,1,12,99.99
2026-03-14T06:00:52.063Z,,36.07084600,136.59528000,1202.100,1,12,99.99
2026-03-14T06:00:52.251Z,,36.07084600,136.59528000,1202.100,1,10,99.99
2026-03-14T06:00:52.453Z,,36.07084600,136.59528000,1202.100,1,11,99.99
2026-03-14T06:00:52.653Z,,36.07084600,136.59528000,1202.100,1,12,99.99
2026-03-14T06:00:52.858Z,,36.07084600,136.59528000,1202.100,1,12,99.99
2026-03-14T06:00:53.061Z,,36.07084600,136.59528000,1202.100,1,12,99.99
2026-03-14T06:00:53.248Z,,36.07084600,136.59528000,1202.100,1,12,99.99
2026-03-14T06:00:53.454Z,,36.07084600,136.59528000,1202.100,1,12,99.99
2026-03-14T06:00:53.657Z,,36.07084600,136.59528000,1202.100,1,12,99.99
2026-03-14T06:00:53.858Z,,36.07084600,136.59528000,1202.100,1,12,99.99
2026-03-14T06:00:54.063Z,,36.07084600,136.59528000,1202.100,1,12,99.99
2026-03-14T06:00:54.253Z,,36.07084600,136.59528000,1202.100,1,10,99.99
2026-03-14T06:00:54.451Z,,36.07084600,136.59528000,1202.100,1,12,99.99
2026-03-14T06:00:54.652Z,,36.07084600,136.59528000,1202.100,1,12,99.99
2026-03-14T06:00:54.866Z,,36.07084600,136.59528000,1202.100,1,12,99.99
2026-03-14T06:00:55.055Z,,36.07084600,136.59528000,1202.100,1,12,99.99
2026-03-14T06:00:55.253Z,,36.07084600,136.59528000,1202.100,1,10,99.99
2026-03-14T06:00:55.454Z,,36.07084600,136.59528000,1202.100,1,11,99.99
2026-03-14T06:00:55.654Z,,36.07084600,136.59528000,1202.100,1,10,99.99
2026-03-14T06:00:55.853Z,,36.07084600,136.59528000,1202.100,1,11,99.99
2026-03-14T06:00:56.062Z,,36.07084600,136.59528000,1202.100,1,12,99.99
2026-03-14T06:00:56.254Z,,36.07084600,136.59528000,1202.100,1,12,99.99
2026-03-14T06:00:56.452Z,,36.07084600,136.59528000,1202.100,1,12,99.99
2026-03-14T06:00:56.654Z,,36.07084600,136.59528000,1202.100,1,12,99.99
2026-03-14T06:00:56.863Z,,36.07084600,136.59528000,1202.100,1,12,99.99
2026-03-14T06:00:57.061Z,,36.07084600,136.59528000,1202.100,1,12,99.99
2026-03-14T06:00:57.252Z,,36.07084600,136.59528000,1202.100,1,12,99.99
2026-03-14T06:00:57.454Z,,36.07084600,136.59528000,1202.100,1,12,99.99
2026-03-14T06:00:57.649Z,,36.07084600,136.59528000,1202.100,1,12,99.99
2026-03-14T06:00:57.851Z,,36.07084600,136.59528000,1202.100,1,12,99.99
2026-03-14T06:00:58.059Z,,36.07084600,136.59528000,1202.100,1,12,99.99
2026-03-14T06:00:58.252Z,,36.07084600,136.59528000,1202.100,1,12,99.99
2026-03-14T06:00:58.452Z,,36.07084600,136.59528000,1202.100,1,12,99.99
2026-03-14T06:00:58.653Z,,36.07084600,136.59528000,1202.100,2,12,99.99
2026-03-14T06:00:58.867Z,,36.07084600,136.59528000,1202.100,2,12,99.99
2026-03-14T06:00:59.061Z,,36.07084600,136.59528000,1202.100,2,12,99.99
2026-03-14T06:00:59.255Z,,36.07084600,136.59528000,1202.100,2,12,99.99
2026-03-14T06:00:59.449Z,,36.07084600,136.59528000,1202.100,2,12,99.99
2026-03-14T06:00:59.652Z,,36.07084600,136.59528000,1202.100,2,12,99.99
2026-03-14T06:00:59.853Z,,36.07084600,136.59528000,1202.100,2,12,99.99
2026-03-14T06:01:00.060Z,,36.07084600,136.59528000,1202.100,2,12,99.99
2026-03-14T06:01:00.253Z,,36.07084600,136.59528000,1202.100,2,12,99.99
2026-03-14T06:01:00.454Z,,36.07084600,136.59528000,1202.100,2,12,99.99
2026-03-14T06:01:00.653Z,,36.07084600,136.59528000,1202.100,2,12,99.99
2026-03-14T06:01:00.868Z,,36.07084600,136.59528000,1202.100,2,12,99.99
2026-03-14T06:01:01.063Z,,36.07084600,136.59528000,1202.100,2,12,99.99
2026-03-14T06:01:01.249Z,,36.07084600,136.59528000,1202.100,2,12,99.99
2026-03-14T06:01:01.454Z,,36.07084600,136.59528000,1202.100,2,12,99.99
2026-03-14T06:01:01.658Z,,36.07084600,136.59528000,1202.100,2,12,99.99
2026-03-14T06:01:01.853Z,,36.07084600,136.59528000,1202.100,2,12,99.99
2026-03-14T06:01:02.061Z,,36.07084600,136.59528000,1202.100,2,12,99.99
2026-03-14T06:01:02.255Z,,36.07084600,136.59528000,1202.100,2,12,99.99
2026-03-14T06:01:02.453Z,,36.07084600,136.59528000,1202.100,2,12,99.99
2026-03-14T06:01:02.654Z,,36.07084600,136.59528000,1202.100,2,12,99.99
2026-03-14T06:01:02.871Z,,36.07084600,136.59528000,1202.100,2,12,99.99
2026-03-14T06:01:03.057Z,,36.07084600,136.59528000,1202.100,2,12,99.99
2026-03-14T06:01:03.254Z,,36.07084600,136.59528000,1202.100,2,12,99.99
2026-03-14T06:01:03.453Z,,36.07084600,136.59528000,1202.100,2,12,99.99
2026-03-14T06:01:03.656Z,,36.07084600,136.59528000,1202.100,2,12,99.99
2026-03-14T06:01:03.852Z,,36.07084600,136.59528000,1202.100,2,12,99.99
2026-03-14T06:01:04.064Z,,36.07084600,136.59528000,1202.100,2,12,99.99
2026-03-14T06:01:04.253Z,,36.07084600,136.59528000,1202.100,2,12,99.99
2026-03-14T06:01:04.453Z,,36.07084600,136.59528000,1202.100,2,12,99.99
2026-03-14T06:01:04.653Z,,36.07084600,136.59528000,1202.100,2,12,99.99
2026-03-14T06:01:04.861Z,,36.07084600,136.59528000,1202.100,1,12,99.99
2026-03-14T06:01:05.060Z,,36.07084600,136.59528000,1202.100,1,12,99.99
2026-03-14T06:01:05.253Z,,36.07084600,136.59528000,1202.100,1,12,99.99
2026-03-14T06:01:05.453Z,,36.07084600,136.59528000,1202.100,1,12,99.99
2026-03-14T06:01:05.652Z,,36.07084600,136.59528000,1202.100,1,12,99.99
2026-03-14T06:01:05.853Z,,36.07084600,136.59528000,1202.100,1,12,99.99
2026-03-14T06:01:06.060Z,,36.07084600,136.59528000,1202.100,1,12,99.99
2026-03-14T06:01:06.252Z,,36.07084600,136.59528000,1202.100,1,12,99.99
2026-03-14T06:01:06.451Z,,36.07084600,136.59528000,1202.100,1,12,99.99
2026-03-14T06:01:06.649Z,,36.07084600,136.59528000,1202.100,1,12,99.99
2026-03-14T06:01:06.859Z,,36.07084600,136.59528000,1202.100,1,11,99.99
2026-03-14T06:01:07.062Z,,36.07084600,136.59528000,1202.100,1,11,99.99
2026-03-14T06:01:07.253Z,,36.07084600,136.59528000,1202.100,2,12,99.99
2026-03-14T06:01:07.450Z,,36.07084600,136.59528000,1202.100,2,10,99.99
2026-03-14T06:01:07.652Z,,36.07084600,136.59528000,1202.100,2,10,99.99
2026-03-14T06:01:07.852Z,,36.07084600,136.59528000,1202.100,2,11,99.99
2026-03-14T06:01:08.059Z,,36.07084600,136.59528000,1202.100,2,12,99.99
2026-03-14T06:01:08.256Z,,36.07084600,136.59528000,1202.100,2,11,99.99
2026-03-14T06:01:08.455Z,,36.07084600,136.59528000,1202.100,2,12,99.99
2026-03-14T06:01:08.655Z,,36.07084600,136.59528000,1202.100,2,11,99.99
2026-03-14T06:01:08.868Z,,36.07084600,136.59528000,1202.100,2,12,99.99
2026-03-14T06:01:09.059Z,,36.07084600,136.59528000,1202.100,2,12,99.99
2026-03-14T06:01:09.247Z,,36.07084600,136.59528000,1202.100,2,12,99.99
2026-03-14T06:01:09.451Z,,36.07084600,136.59528000,1202.100,2,12,99.99
2026-03-14T06:01:09.652Z,,36.07084600,136.59528000,1202.100,2,12,99.99
2026-03-14T06:01:09.849Z,,36.07084600,136.59528000,1202.100,2,12,99.99
2026-03-14T06:01:10.058Z,,36.07084600,136.59528000,1202.100,2,12,99.99
2026-03-14T06:01:10.252Z,,36.07084600,136.59528000,1202.100,2,11,99.99
2026-03-14T06:01:10.451Z,,36.07084600,136.59528000,1202.100,2,11,99.99
2026-03-14T06:01:10.655Z,,36.07084600,136.59528000,1202.100,2,10,99.99
2026-03-14T06:01:10.860Z,,36.07084600,136.59528000,1202.100,2,11,99.99
2026-03-14T06:01:11.050Z,,36.07084600,136.59528000,1202.100,2,11,99.99
2026-03-14T06:01:11.249Z,,36.07084600,136.59528000,1202.100,2,9,99.99
2026-03-14T06:01:11.448Z,,36.07084600,136.59528000,1202.100,2,11,99.99
2026-03-14T06:01:11.646Z,,36.07084600,136.59528000,1202.100,2,11,99.99
2026-03-14T06:01:11.846Z,,36.07084600,136.59528000,1202.100,2,11,99.99
2026-03-14T06:01:12.054Z,,36.07084600,136.59528000,1202.100,2,10,99.99
2026-03-14T06:01:12.255Z,,36.07084600,136.59528000,1202.100,2,10,99.99
2026-03-14T06:01:12.456Z,,36.07084600,136.59528000,1202.100,2,10,99.99
2026-03-14T06:01:12.660Z,,36.07084600,136.59528000,1202.100,2,11,99.99
2026-03-14T06:01:12.866Z,,36.07084600,136.59528000,1202.100,2,12,99.99
2026-03-14T06:01:13.068Z,,36.07084600,136.59528000,1202.100,2,11,99.99
2026-03-14T06:01:13.259Z,,36.07084600,136.59528000,1202.100,2,12,99.99
2026-03-14T06:01:13.461Z,,36.07084600,136.59528000,1202.100,2,12,99.99
2026-03-14T06:01:13.659Z,,36.07084600,136.59528000,1202.100,2,12,99.99
2026-03-14T06:01:13.859Z,,36.07084600,136.59528000,1202.100,2,12,99.99
2026-03-14T06:01:14.072Z,,36.07084600,136.59528000,1202.100,2,11,99.99
2026-03-14T06:01:14.266Z,,36.07084600,136.59528000,1202.100,2,10,99.99
2026-03-14T06:01:14.462Z,,36.07084600,136.59528000,1202.100,2,12,99.99
2026-03-14T06:01:14.656Z,,36.07084600,136.59528000,1202.100,2,11,99.99
2026-03-14T06:01:14.869Z,,36.07084600,136.59528000,1202.100,2,12,99.99
2026-03-14T06:01:15.068Z,,36.07084600,136.59528000,1202.100,2,12,99.99
2026-03-14T06:01:15.258Z,,36.07084600,136.59528000,1202.100,2,11,99.99
2026-03-14T06:01:15.460Z,,36.07084600,136.59528000,1202.100,2,11,99.99
2026-03-14T06:01:15.659Z,,36.07084600,136.59528000,1202.100,2,11,99.99
2026-03-14T06:01:15.857Z,,36.07084600,136.59528000,1202.100,2,11,99.99
2026-03-14T06:01:16.071Z,,36.07084600,136.59528000,1202.100,2,11,99.99
2026-03-14T06:01:16.264Z,,36.07084600,136.59528000,1202.100,2,9,99.99
2026-03-14T06:01:16.461Z,,36.07084600,136.59528000,1202.100,2,11,99.99
2026-03-14T06:01:16.661Z,,36.07084600,136.59528000,1202.100,2,11,99.99
2026-03-14T06:01:16.868Z,,36.07084600,136.59528000,1202.100,1,10,99.99
2026-03-14T06:01:17.068Z,,36.07084600,136.59528000,1202.100,1,12,99.99
2026-03-14T06:01:17.256Z,,36.07084600,136.59528000,1202.100,1,9,99.99
2026-03-14T06:01:17.451Z,,36.07084600,136.59528000,1202.100,1,9,99.99
2026-03-14T06:01:17.649Z,,36.07084600,136.59528000,1202.100,1,10,99.99
2026-03-14T06:01:17.852Z,,36.07084600,136.59528000,1202.100,1,12,99.99
2026-03-14T06:01:18.059Z,,36.07084600,136.59528000,1202.100,1,12,99.99
2026-03-14T06:01:18.248Z,,36.07084600,136.59528000,1202.100,1,11,99.99
2026-03-14T06:01:18.452Z,,36.07084600,136.59528000,1202.100,1,9,99.99
2026-03-14T06:01:18.650Z,,36.07084600,136.59528000,1202.100,1,10,99.99
2026-03-14T06:01:18.853Z,,36.07084600,136.59528000,1202.100,1,10,99.99
2026-03-14T06:01:19.051Z,,36.07084600,136.59528000,1202.100,1,10,99.99
2026-03-14T06:01:19.251Z,,36.07084600,136.59528000,1202.100,1,11,99.99
2026-03-14T06:01:19.452Z,,36.07084600,136.59528000,1202.100,1,12,99.99
2026-03-14T06:01:19.649Z,,36.07084600,136.59528000,1202.100,1,12,99.99
2026-03-14T06:01:19.849Z,,36.07084600,136.59528000,1202.100,1,12,99.99
2026-03-14T06:01:20.057Z,,36.07084600,136.59528000,1202.100,1,12,99.99
2026-03-14T06:01:20.244Z,,36.07084600,136.59528000,1202.100,1,9,99.99
2026-03-14T06:01:20.445Z,,36.07084600,136.59528000,1202.100,1,10,99.99
2026-03-14T06:01:20.646Z,,36.07084600,136.59528000,1202.100,1,10,99.99
2026-03-14T06:01:20.842Z,,36.07084600,136.59528000,1202.100,1,11,99.99
2026-03-14T06:01:21.053Z,,36.07084600,136.59528000,1202.100,1,11,99.99
2026-03-14T06:01:21.246Z,,36.07084600,136.59528000,1202.100,1,8,99.99
2026-03-14T06:01:21.453Z,,36.07084600,136.59528000,1202.100,1,7,99.99
2026-03-14T06:01:21.652Z,,36.07084600,136.59528000,1202.100,1,6,99.99
2026-03-14T06:01:21.846Z,,36.07084600,136.59528000,1202.100,1,8,99.99
2026-03-14T06:01:22.061Z,,36.07084600,136.59528000,1202.100,1,8,99.99
2026-03-14T06:01:22.252Z,,36.07084600,136.59528000,1202.100,1,8,99.99
2026-03-14T06:01:22.459Z,,36.07084600,136.59528000,1202.100,1,11,99.99
2026-03-14T06:01:22.647Z,,36.07084600,136.59528000,1202.100,1,12,99.99
2026-03-14T06:01:22.853Z,,36.07084600,136.59528000,1202.100,1,12,99.99
2026-03-14T06:01:23.057Z,,36.07084600,136.59528000,1202.100,1,10,99.99
2026-03-14T06:01:23.256Z,,36.07084600,136.59528000,1202.100,1,11,99.99
2026-03-14T06:01:23.452Z,,36.07084600,136.59528000,1202.100,1,10,99.99
2026-03-14T06:01:23.652Z,,36.07084600,136.59528000,1202.100,1,12,99.99
2026-03-14T06:01:23.857Z,,36.07084600,136.59528000,1202.100,1,11,99.99
2026-03-14T06:01:24.060Z,,36.07084600,136.59528000,1202.100,1,11,99.99
2026-03-14T06:01:24.252Z,,36.07084600,136.59528000,1202.100,2,12,99.99
2026-03-14T06:01:24.457Z,,36.07084600,136.59528000,1202.100,2,12,99.99
2026-03-14T06:01:24.649Z,,36.07084600,136.59528000,1202.100,2,12,99.99
2026-03-14T06:01:24.849Z,,36.07084600,136.59528000,1202.100,2,12,99.99
2026-03-14T06:01:25.059Z,,36.07084600,136.59528000,1202.100,2,12,99.99
2026-03-14T06:01:25.249Z,,36.07084600,136.59528000,1202.100,2,12,99.99
2026-03-14T06:01:25.453Z,,36.07084600,136.59528000,1202.100,2,12,99.99
2026-03-14T06:01:25.656Z,,36.07084600,136.59528000,1202.100,2,12,99.99
2026-03-14T06:01:25.853Z,,36.07084600,136.59528000,1202.100,2,12,99.99
2026-03-14T06:01:26.060Z,,36.07084600,136.59528000,1202.100,2,12,99.99
2026-03-14T06:01:26.252Z,,36.07084600,136.59528000,1202.100,2,12,99.99
2026-03-14T06:01:26.466Z,,36.07084600,136.59528000,1202.100,2,12,99.99
2026-03-14T06:01:26.655Z,,36.07084600,136.59528000,1202.100,2,12,99.99
2026-03-14T06:01:26.856Z,,36.07084600,136.59528000,1202.100,2,12,99.99
2026-03-14T06:01:27.058Z,,36.07084600,136.59528000,1202.100,2,12,99.99
2026-03-14T06:01:27.248Z,,36.07084600,136.59528000,1202.100,2,12,99.99
2026-03-14T06:01:27.448Z,,36.07084600,136.59528000,1202.100,2,12,99.99
2026-03-14T06:01:27.647Z,,36.07084600,136.59528000,1202.100,2,12,99.99
2026-03-14T06:01:27.848Z,,36.07084600,136.59528000,1202.100,2,12,99.99
2026-03-14T06:01:28.058Z,,36.07084600,136.59528000,1202.100,2,12,99.99
2026-03-14T06:01:28.251Z,,36.07084600,136.59528000,1202.100,2,12,99.99
2026-03-14T06:01:28.451Z,,36.07084600,136.59528000,1202.100,2,12,99.99
2026-03-14T06:01:28.657Z,,36.07084600,136.59528000,1202.100,2,12,99.99
2026-03-14T06:01:28.845Z,,36.07084600,136.59528000,1202.100,2,12,99.99
2026-03-14T06:01:29.057Z,,36.07084600,136.59528000,1202.100,2,12,99.99
2026-03-14T06:01:29.251Z,,36.07084600,136.59528000,1202.100,2,12,99.99
2026-03-14T06:01:29.448Z,,36.07084600,136.59528000,1202.100,2,12,99.99
2026-03-14T06:01:29.648Z,,36.07084600,136.59528000,1202.100,2,12,99.99
2026-03-14T06:01:29.848Z,,36.07084600,136.59528000,1202.100,2,12,99.99
2026-03-14T06:01:30.058Z,,36.07084600,136.59528000,1202.100,2,12,99.99
2026-03-14T06:01:30.254Z,,36.07084600,136.59528000,1202.100,2,12,99.99
2026-03-14T06:01:30.453Z,,36.07084600,136.59528000,1202.100,2,12,99.99
2026-03-14T06:01:30.662Z,,36.07084600,136.59528000,1202.100,2,12,99.99
2026-03-14T06:01:30.853Z,,36.07084600,136.59528000,1202.100,2,12,99.99
2026-03-14T06:01:31.060Z,,36.07084600,136.59528000,1202.100,2,12,99.99
2026-03-14T06:01:31.254Z,,36.07084600,136.59528000,1202.100,2,12,99.99
2026-03-14T06:01:31.453Z,,36.07084600,136.59528000,1202.100,2,12,99.99
2026-03-14T06:01:31.653Z,,36.07084600,136.59528000,1202.100,2,12,99.99
2026-03-14T06:01:31.855Z,,36.07084600,136.59528000,1202.100,2,12,99.99
2026-03-14T06:01:32.059Z,,36.07084600,136.59528000,1202.100,2,12,99.99
2026-03-14T06:01:32.253Z,,36.07084600,136.59528000,1202.100,2,12,99.99
2026-03-14T06:01:32.448Z,,36.07084600,136.59528000,1202.100,2,12,99.99
2026-03-14T06:01:32.663Z,,36.07084600,136.59528000,1202.100,2,12,99.99
2026-03-14T06:01:32.852Z,,36.07084600,136.59528000,1202.100,2,12,99.99
2026-03-14T06:01:33.058Z,,36.07084600,136.59528000,1202.100,2,12,99.99
2026-03-14T06:01:33.248Z,,36.07084600,136.59528000,1202.100,2,12,99.99
2026-03-14T06:01:33.455Z,,36.07084600,136.59528000,1202.100,1,12,99.99
2026-03-14T06:01:33.652Z,,36.07084600,136.59528000,1202.100,1,12,99.99
2026-03-14T06:01:33.850Z,,36.07084600,136.59528000,1202.100,2,12,99.99
2026-03-14T06:01:34.060Z,,36.07084600,136.59528000,1202.100,2,12,99.99
2026-03-14T06:01:34.248Z,,36.07084600,136.59528000,1202.100,2,12,99.99
2026-03-14T06:01:34.452Z,,36.07084600,136.59528000,1202.100,2,12,99.99
2026-03-14T06:01:34.671Z,,36.07084600,136.59528000,1202.100,2,12,99.99
2026-03-14T06:01:34.853Z,,36.07084600,136.59528000,1202.100,2,12,99.99
2026-03-14T06:01:35.055Z,,36.07084600,136.59528000,1202.100,2,12,99.99
2026-03-14T06:01:35.253Z,,36.07084600,136.59528000,1202.100,2,12,99.99
2026-03-14T06:01:35.453Z,,36.07084600,136.59528000,1202.100,2,12,99.99
2026-03-14T06:01:35.652Z,,36.07084600,136.59528000,1202.100,2,12,99.99
2026-03-14T06:01:35.855Z,,36.07084600,136.59528000,1202.100,1,12,99.99
2026-03-14T06:01:36.060Z,,36.07084600,136.59528000,1202.100,1,12,99.99
2026-03-14T06:01:36.251Z,,36.07084600,136.59528000,1202.100,1,12,99.99
2026-03-14T06:01:36.452Z,,36.07084600,136.59528000,1202.100,1,12,99.99
2026-03-14T06:01:36.657Z,,36.07084600,136.59528000,1202.100,1,12,99.99
2026-03-14T06:01:36.845Z,,36.07084600,136.59528000,1202.100,1,12,99.99
2026-03-14T06:01:37.059Z,,36.07084600,136.59528000,1202.100,1,12,99.99
2026-03-14T06:01:37.255Z,,36.07084600,136.59528000,1202.100,1,12,99.99
2026-03-14T06:01:37.452Z,,36.07084600,136.59528000,1202.100,1,12,99.99
2026-03-14T06:01:37.653Z,,36.07084600,136.59528000,1202.100,1,12,99.99
2026-03-14T06:01:37.849Z,,36.07084600,136.59528000,1202.100,1,12,99.99
2026-03-14T06:01:38.055Z,,36.07084600,136.59528000,1202.100,1,12,99.99
2026-03-14T06:01:38.250Z,,36.07084600,136.59528000,1202.100,1,12,99.99
2026-03-14T06:01:38.465Z,,36.07084600,136.59528000,1202.100,1,12,99.99
2026-03-14T06:01:38.645Z,,36.07084600,136.59528000,1202.100,2,12,99.99
2026-03-14T06:01:38.854Z,,36.07084600,136.59528000,1202.100,2,12,99.99
2026-03-14T06:01:39.059Z,,36.07084600,136.59528000,1202.100,2,12,99.99
2026-03-14T06:01:39.252Z,,36.07084600,136.59528000,1202.100,2,12,99.99
2026-03-14T06:01:39.452Z,,36.07084600,136.59528000,1202.100,2,12,99.99
2026-03-14T06:01:39.652Z,,36.07084600,136.59528000,1202.100,2,12,99.99
2026-03-14T06:01:39.851Z,,36.07084600,136.59528000,1202.100,2,12,99.99
2026-03-14T06:01:40.063Z,,36.07084600,136.59528000,1202.100,2,12,99.99
2026-03-14T06:01:40.256Z,,36.07084600,136.59528000,1202.100,2,12,99.99
2026-03-14T06:01:40.452Z,,36.07084600,136.59528000,1202.100,2,12,99.99
2026-03-14T06:01:40.659Z,,36.07084600,136.59528000,1202.100,2,12,99.99
2026-03-14T06:01:40.857Z,,36.07084600,136.59528000,1202.100,2,12,99.99
2026-03-14T06:01:41.065Z,,36.07084600,136.59528000,1202.100,2,12,99.99
2026-03-14T06:01:41.255Z,,36.07084600,136.59528000,1202.100,2,11,99.99
2026-03-14T06:01:41.453Z,,36.07084600,136.59528000,1202.100,2,12,99.99
2026-03-14T06:01:41.652Z,,36.07084600,136.59528000,1202.100,2,11,99.99
2026-03-14T06:01:41.853Z,,36.07084600,136.59528000,1202.100,2,10,99.99
2026-03-14T06:01:42.063Z,,36.07084600,136.59528000,1202.100,2,11,99.99
2026-03-14T06:01:42.252Z,,36.07084600,136.59528000,1202.100,2,12,99.99
2026-03-14T06:01:42.455Z,,36.07084600,136.59528000,1202.100,2,12,99.99
2026-03-14T06:01:42.653Z,,36.07084600,136.59528000,1202.100,2,11,99.99
2026-03-14T06:01:42.852Z,,36.07084600,136.59528000,1202.100,2,10,99.99
2026-03-14T06:01:43.080Z,,36.07084600,136.59528000,1202.100,2,7,99.99
2026-03-14T06:01:43.252Z,,36.07084600,136.59528000,1202.100,2,8,99.99
2026-03-14T06:01:43.453Z,,36.07084600,136.59528000,1202.100,1,9,99.99
2026-03-14T06:01:43.656Z,,36.07084600,136.59528000,1202.100,1,9,99.99
2026-03-14T06:01:43.856Z,,36.07084600,136.59528000,1202.100,1,9,99.99
2026-03-14T06:01:44.062Z,,36.07084600,136.59528000,1202.100,1,9,99.99
2026-03-14T06:01:44.257Z,,36.07084600,136.59528000,1202.100,1,8,99.99
2026-03-14T06:01:44.455Z,,36.07084600,136.59528000,1202.100,2,8,99.99
2026-03-14T06:01:44.653Z,,36.07084600,136.59528000,1202.100,2,8,99.99
2026-03-14T06:01:44.848Z,,36.07084600,136.59528000,1202.100,2,8,99.99
2026-03-14T06:01:45.059Z,,36.07084600,136.59528000,1202.100,2,8,99.99
2026-03-14T06:01:45.254Z,,36.07084600,136.59528000,1202.100,2,8,99.99
2026-03-14T06:01:45.453Z,,36.07084600,136.59528000,1202.100,2,8,99.99
2026-03-14T06:01:45.655Z,,36.07084600,136.59528000,1202.100,2,8,99.99
2026-03-14T06:01:45.855Z,,36.07084600,136.59528000,1202.100,2,9,99.99
2026-03-14T06:01:46.071Z,,36.07084600,136.59528000,1202.100,1,11,99.99
2026-03-14T06:01:46.252Z,,36.07084600,136.59528000,1202.100,1,10,99.99
2026-03-14T06:01:46.453Z,,36.07084600,136.59528000,1202.100,1,12,99.99
2026-03-14T06:01:46.652Z,,36.07084600,136.59528000,1202.100,1,10,99.99
2026-03-14T06:01:46.858Z,,36.07084600,136.59528000,1202.100,1,10,99.99
2026-03-14T06:01:47.064Z,,36.07084600,136.59528000,1202.100,1,10,99.99
2026-03-14T06:01:47.256Z,,36.07084600,136.59528000,1202.100,1,9,99.99
2026-03-14T06:01:47.452Z,,36.07084600,136.59528000,1202.100,1,10,99.99
2026-03-14T06:01:47.653Z,,36.07084600,136.59528000,1202.100,1,8,99.99
2026-03-14T06:01:47.860Z,,36.07084600,136.59528000,1202.100,1,8,99.99
2026-03-14T06:01:48.060Z,,36.07084600,136.59528000,1202.100,1,9,99.99
2026-03-14T06:01:48.270Z,,36.07084600,136.59528000,1202.100,1,10,99.99
2026-03-14T06:01:48.449Z,,36.07084600,136.59528000,1202.100,1,10,99.99
2026-03-14T06:01:48.658Z,,36.07084600,136.59528000,1202.100,1,11,99.99
2026-03-14T06:01:48.875Z,,36.07084600,136.59528000,1202.100,1,12,99.99
2026-03-14T06:01:49.080Z,,36.07084600,136.59528000,1202.100,1,12,99.99
2026-03-14T06:01:49.267Z,,36.07084600,136.59528000,1202.100,1,7,99.99
2026-03-14T06:01:49.451Z,,36.07084600,136.59528000,1202.100,1,7,99.99
2026-03-14T06:01:49.655Z,,36.07084600,136.59528000,1202.100,1,7,99.99
2026-03-14T06:01:49.868Z,,36.07084600,136.59528000,1202.100,1,7,99.99
2026-03-14T06:01:50.059Z,,36.07084600,136.59528000,1202.100,1,7,99.99
2026-03-14T06:01:50.246Z,,36.07084600,136.59528000,1202.100,1,6,99.99
2026-03-14T06:01:50.450Z,,36.07084600,136.59528000,1202.100,1,5,99.99
2026-03-14T06:01:50.650Z,,36.07084600,136.59528000,1202.100,1,6,99.99
2026-03-14T06:01:50.850Z,,36.07084600,136.59528000,1202.100,2,7,99.99
2026-03-14T06:01:51.056Z,,36.07084600,136.59528000,1202.100,1,8,99.99
2026-03-14T06:01:51.251Z,,36.07084600,136.59528000,1202.100,1,6,99.99
2026-03-14T06:01:51.453Z,,36.07084600,136.59528000,1202.100,1,7,99.99
2026-03-14T06:01:51.662Z,,36.07084600,136.59528000,1202.100,1,9,99.99
2026-03-14T06:01:51.846Z,,36.07084600,136.59528000,1202.100,1,10,99.99
2026-03-14T06:01:52.052Z,,36.07084600,136.59528000,1202.100,1,10,99.99
2026-03-14T06:01:52.246Z,,36.07084600,136.59528000,1202.100,1,7,99.99
2026-03-14T06:01:52.447Z,,36.07084600,136.59528000,1202.100,1,10,99.99
2026-03-14T06:01:52.649Z,,36.07084600,136.59528000,1202.100,1,8,99.99
2026-03-14T06:01:52.843Z,,36.07084600,136.59528000,1202.100,1,8,99.99
2026-03-14T06:01:53.052Z,,36.07084600,136.59528000,1202.100,1,8,99.99
2026-03-14T06:01:53.262Z,,36.07084600,136.59528000,1202.100,1,7,99.99
2026-03-14T06:01:53.451Z,,36.07084600,136.59528000,1202.100,1,6,99.99
