recv_utc,pos_num_sv,lat_deg,lon_deg,hdop,fix_quality,raw_unique_sv_1s,nav_unique_sv_1s
2026-03-14 05:48:13+00:00,,,,,,11.0,
2026-03-14 05:48:13.049000+00:00,5.0,36.070846,136.59528,99.99,1.0,,
2026-03-14 05:48:13.242000+00:00,5.0,36.070846,136.59528,99.99,1.0,,
2026-03-14 05:48:13.442000+00:00,5.0,36.070846,136.59528,99.99,1.0,,
2026-03-14 05:48:13.643000+00:00,4.0,36.070846,136.59528,99.99,1.0,,
2026-03-14 05:48:13.844000+00:00,4.0,36.070846,136.59528,99.99,1.0,,
2026-03-14 05:48:14+00:00,,,,,,12.0,2.0
2026-03-14 05:48:14.048000+00:00,4.0,36.070846,136.59528,99.99,1.0,,
2026-03-14 05:48:14.243000+00:00,4.0,36.070846,136.59528,99.99,1.0,,
2026-03-14 05:48:14.443000+00:00,4.0,36.070846,136.59528,99.99,1.0,,
2026-03-14 05:48:14.645000+00:00,4.0,36.070846,136.59528,99.99,1.0,,
2026-03-14 05:48:14.844000+00:00,4.0,36.070846,136.59528,99.99,1.0,,
2026-03-14 05:48:15+00:00,,,,,,11.0,
2026-03-14 05:48:15.051000+00:00,4.0,36.070846,136.59528,99.99,1.0,,
2026-03-14 05:48:15.244000+00:00,4.0,36.070846,136.59528,99.99,1.0,,
2026-03-14 05:48:15.444000+00:00,4.0,36.070846,136.59528,99.99,1.0,,
2026-03-14 05:48:15.644000+00:00,4.0,36.070846,136.59528,99.99,1.0,,
2026-03-14 05:48:15.841000+00:00,4.0,36.070846,136.59528,99.99,1.0,,
2026-03-14 05:48:16+00:00,,,,,,9.0,2.0
2026-03-14 05:48:16.049000+00:00,4.0,36.070846,136.59528,99.99,1.0,,
2026-03-14 05:48:16.244000+00:00,4.0,36.070846,136.59528,99.99,1.0,,
2026-03-14 05:48:16.443000+00:00,4.0,36.070846,136.59528,99.99,1.0,,
2026-03-14 05:48:16.643000+00:00,4.0,36.070846,136.59528,99.99,1.0,,
2026-03-14 05:48:16.843000+00:00,4.0,36.070846,136.59528,99.99,1.0,,
2026-03-14 05:48:17+00:00,,,,,,8.0,1.0
2026-03-14 05:48:17.048000+00:00,4.0,36.070846,136.59528,99.99,1.0,,
2026-03-14 05:48:17.243000+00:00,4.0,36.070846,136.59528,99.99,1.0,,
2026-03-14 05:48:17.443000+00:00,4.0,36.070846,136.59528,99.99,1.0,,
2026-03-14 05:48:17.643000+00:00,4.0,36.070846,136.59528,99.99,1.0,,
2026-03-14 05:48:17.844000+00:00,4.0,36.070846,136.59528,99.99,1.0,,
2026-03-14 05:48:18+00:00,,,,,,9.0,2.0
2026-03-14 05:48:18.050000+00:00,4.0,36.070846,136.59528,99.99,1.0,,
2026-03-14 05:48:18.244000+00:00,4.0,36.070846,136.59528,99.99,1.0,,
2026-03-14 05:48:18.445000+00:00,4.0,36.070846,136.59528,99.99,1.0,,
2026-03-14 05:48:18.644000+00:00,4.0,36.070846,136.59528,99.99,1.0,,
2026-03-14 05:48:18.844000+00:00,4.0,36.070846,136.59528,99.99,1.0,,
2026-03-14 05:48:19+00:00,,,,,,8.0,
2026-03-14 05:48:19.050000+00:00,4.0,36.070846,136.59528,99.99,1.0,,
2026-03-14 05:48:19.245000+00:00,4.0,36.070846,136.59528,99.99,1.0,,
2026-03-14 05:48:19.442000+00:00,4.0,36.070846,136.59528,99.99,1.0,,
2026-03-14 05:48:19.645000+00:00,4.0,36.070846,136.59528,99.99,1.0,,
2026-03-14 05:48:19.844000+00:00,4.0,36.070846,136.59528,99.99,1.0,,
2026-03-14 05:48:20+00:00,,,,,,8.0,2.0
2026-03-14 05:48:20.050000+00:00,4.0,36.070846,136.59528,99.99,1.0,,
2026-03-14 05:48:20.245000+00:00,4.0,36.070846,136.59528,99.99,1.0,,
2026-03-14 05:48:20.444000+00:00,4.0,36.070846,136.59528,99.99,1.0,,
2026-03-14 05:48:20.644000+00:00,4.0,36.070846,136.59528,99.99,1.0,,
2026-03-14 05:48:20.843000+00:00,4.0,36.070846,136.59528,99.99,1.0,,
2026-03-14 05:48:21+00:00,,,,,,8.0,1.0
2026-03-14 05:48:21.049000+00:00,4.0,36.070846,136.59528,99.99,1.0,,
2026-03-14 05:48:21.242000+00:00,4.0,36.070846,136.59528,99.99,1.0,,
2026-03-14 05:48:21.444000+00:00,4.0,36.070846,136.59528,99.99,1.0,,
2026-03-14 05:48:21.644000+00:00,4.0,36.070846,136.59528,99.99,1.0,,
2026-03-14 05:48:21.843000+00:00,4.0,36.070846,136.59528,99.99,1.0,,
2026-03-14 05:48:22+00:00,,,,,,8.0,2.0
2026-03-14 05:48:22.048000+00:00,4.0,36.070846,136.59528,99.99,1.0,,
2026-03-14 05:48:22.244000+00:00,4.0,36.070846,136.59528,99.99,1.0,,
2026-03-14 05:48:22.443000+00:00,4.0,36.070846,136.59528,99.99,1.0,,
2026-03-14 05:48:22.644000+00:00,4.0,36.070846,136.59528,99.99,1.0,,
2026-03-14 05:48:22.843000+00:00,4.0,36.070846,136.59528,99.99,1.0,,
2026-03-14 05:48:23+00:00,,,,,,10.0,1.0
2026-03-14 05:48:23.049000+00:00,4.0,36.070846,136.59528,99.99,1.0,,
2026-03-14 05:48:23.244000+00:00,5.0,36.070846,136.59528,99.99,1.0,,
2026-03-14 05:48:23.446000+00:00,5.0,36.070846,136.59528,99.99,1.0,,
2026-03-14 05:48:23.646000+00:00,5.0,36.070846,136.59528,99.99,1.0,,
2026-03-14 05:48:23.844000+00:00,5.0,36.070846,136.59528,99.99,1.0,,
2026-03-14 05:48:24+00:00,,,,,,9.0,2.0
2026-03-14 05:48:24.051000+00:00,5.0,36.070846,136.59528,99.99,1.0,,
2026-03-14 05:48:24.244000+00:00,5.0,36.070846,136.59528,99.99,1.0,,
2026-03-14 05:48:24.444000+00:00,5.0,36.070846,136.59528,99.99,1.0,,
2026-03-14 05:48:24.646000+00:00,5.0,36.070846,136.59528,99.99,1.0,,
2026-03-14 05:48:24.844000+00:00,5.0,36.070846,136.59528,99.99,1.0,,
2026-03-14 05:48:25+00:00,,,,,,9.0,
2026-03-14 05:48:25.050000+00:00,5.0,36.070846,136.59528,99.99,1.0,,
2026-03-14 05:48:25.247000+00:00,5.0,36.070846,136.59528,99.99,1.0,,
2026-03-14 05:48:25.443000+00:00,5.0,36.070846,136.59528,99.99,1.0,,
2026-03-14 05:48:25.642000+00:00,5.0,36.070846,136.59528,99.99,1.0,,
2026-03-14 05:48:25.844000+00:00,5.0,36.070846,136.59528,99.99,1.0,,
2026-03-14 05:48:26+00:00,,,,,,11.0,2.0
2026-03-14 05:48:26.049000+00:00,5.0,36.070846,136.59528,99.99,1.0,,
2026-03-14 05:48:26.243000+00:00,5.0,36.070846,136.59528,99.99,1.0,,
2026-03-14 05:48:26.444000+00:00,5.0,36.070846,136.59528,99.99,1.0,,
2026-03-14 05:48:26.644000+00:00,5.0,36.070846,136.59528,99.99,1.0,,
2026-03-14 05:48:26.843000+00:00,5.0,36.070846,136.59528,99.99,1.0,,
2026-03-14 05:48:27+00:00,,,,,,9.0,1.0
2026-03-14 05:48:27.049000+00:00,5.0,36.070846,136.59528,99.99,1.0,,
2026-03-14 05:48:27.246000+00:00,5.0,36.070846,136.59528,99.99,1.0,,
2026-03-14 05:48:27.442000+00:00,5.0,36.070846,136.59528,99.99,1.0,,
2026-03-14 05:48:27.645000+00:00,5.0,36.070846,136.59528,99.99,1.0,,
2026-03-14 05:48:27.843000+00:00,5.0,36.070846,136.59528,99.99,1.0,,
2026-03-14 05:48:28+00:00,,,,,,9.0,2.0
2026-03-14 05:48:28.050000+00:00,5.0,36.070846,136.59528,99.99,1.0,,
2026-03-14 05:48:28.245000+00:00,5.0,36.070846,136.59528,99.99,1.0,,
2026-03-14 05:48:28.443000+00:00,5.0,36.070846,136.59528,99.99,1.0,,
2026-03-14 05:48:28.644000+00:00,5.0,36.070846,136.59528,99.99,1.0,,
2026-03-14 05:48:28.844000+00:00,5.0,36.070846,136.59528,99.99,1.0,,
2026-03-14 05:48:29+00:00,,,,,,11.0,1.0
2026-03-14 05:48:29.049000+00:00,5.0,36.070846,136.59528,99.99,1.0,,
2026-03-14 05:48:29.245000+00:00,5.0,36.070846,136.59528,99.99,1.0,,
2026-03-14 05:48:29.444000+00:00,5.0,36.070846,136.59528,99.99,1.0,,
2026-03-14 05:48:29.643000+00:00,5.0,36.070846,136.59528,99.99,1.0,,
2026-03-14 05:48:29.844000+00:00,5.0,36.070846,136.59528,99.99,1.0,,
2026-03-14 05:48:30+00:00,,,,,,10.0,2.0
2026-03-14 05:48:30.049000+00:00,5.0,36.070846,136.59528,99.99,1.0,,
2026-03-14 05:48:30.244000+00:00,5.0,36.070846,136.59528,99.99,1.0,,
2026-03-14 05:48:30.444000+00:00,5.0,36.070846,136.59528,99.99,1.0,,
2026-03-14 05:48:30.645000+00:00,5.0,36.070846,136.59528,99.99,1.0,,
2026-03-14 05:48:30.844000+00:00,5.0,36.070846,136.59528,99.99,1.0,,
2026-03-14 05:48:31+00:00,,,,,,11.0,
2026-03-14 05:48:31.050000+00:00,5.0,36.070846,136.59528,99.99,1.0,,
2026-03-14 05:48:31.246000+00:00,5.0,36.070846,136.59528,99.99,1.0,,
2026-03-14 05:48:31.445000+00:00,5.0,36.070846,136.59528,99.99,1.0,,
2026-03-14 05:48:31.646000+00:00,5.0,36.070846,136.59528,99.99,1.0,,
2026-03-14 05:48:31.845000+00:00,5.0,36.070846,136.59528,99.99,1.0,,
2026-03-14 05:48:32+00:00,,,,,,8.0,2.0
2026-03-14 05:48:32.051000+00:00,5.0,36.070846,136.59528,99.99,1.0,,
2026-03-14 05:48:32.246000+00:00,5.0,36.070846,136.59528,99.99,1.0,,
2026-03-14 05:48:32.446000+00:00,5.0,36.070846,136.59528,99.99,1.0,,
2026-03-14 05:48:32.645000+00:00,5.0,36.070846,136.59528,99.99,1.0,,
2026-03-14 05:48:32.845000+00:00,5.0,36.070846,136.59528,99.99,1.0,,
2026-03-14 05:48:33+00:00,,,,,,7.0,
2026-03-14 05:48:33.051000+00:00,5.0,36.070846,136.59528,99.99,1.0,,
2026-03-14 05:48:33.244000+00:00,5.0,36.070846,136.59528,99.99,1.0,,
2026-03-14 05:48:33.445000+00:00,5.0,36.070846,136.59528,99.99,1.0,,
2026-03-14 05:48:33.643000+00:00,5.0,36.070846,136.59528,99.99,1.0,,
2026-03-14 05:48:33.844000+00:00,5.0,36.070846,136.59528,99.99,1.0,,
2026-03-14 05:48:34+00:00,,,,,,7.0,1.0
2026-03-14 05:48:34.050000+00:00,5.0,36.070846,136.59528,99.99,1.0,,
2026-03-14 05:48:34.245000+00:00,5.0,36.070846,136.59528,99.99,1.0,,
2026-03-14 05:48:34.444000+00:00,5.0,36.070846,136.59528,99.99,1.0,,
2026-03-14 05:48:34.644000+00:00,5.0,36.070846,136.59528,99.99,1.0,,
2026-03-14 05:48:34.844000+00:00,5.0,36.070846,136.59528,99.99,1.0,,
2026-03-14 05:48:35+00:00,,,,,,9.0,
2026-03-14 05:48:35.049000+00:00,5.0,36.070846,136.59528,99.99,1.0,,
2026-03-14 05:48:35.244000+00:00,5.0,36.070846,136.59528,99.99,1.0,,
2026-03-14 05:48:35.442000+00:00,5.0,36.070846,136.59528,99.99,1.0,,
2026-03-14 05:48:35.644000+00:00,5.0,36.070846,136.59528,99.99,1.0,,
2026-03-14 05:48:35.843000+00:00,5.0,36.070846,136.59528,99.99,1.0,,
2026-03-14 05:48:36+00:00,,,,,,9.0,2.0
2026-03-14 05:48:36.049000+00:00,5.0,36.070846,136.59528,99.99,1.0,,
2026-03-14 05:48:36.244000+00:00,5.0,36.070846,136.59528,99.99,1.0,,
2026-03-14 05:48:36.444000+00:00,5.0,36.070846,136.59528,99.99,1.0,,
2026-03-14 05:48:36.644000+00:00,5.0,36.070846,136.59528,99.99,1.0,,
2026-03-14 05:48:36.843000+00:00,5.0,36.070846,136.59528,99.99,1.0,,
2026-03-14 05:48:37+00:00,,,,,,9.0,1.0
2026-03-14 05:48:37.052000+00:00,5.0,36.070846,136.59528,99.99,1.0,,
2026-03-14 05:48:37.244000+00:00,5.0,36.070846,136.59528,99.99,1.0,,
2026-03-14 05:48:37.446000+00:00,5.0,36.070846,136.59528,99.99,1.0,,
2026-03-14 05:48:37.645000+00:00,5.0,36.070846,136.59528,99.99,1.0,,
2026-03-14 05:48:37.844000+00:00,5.0,36.070846,136.59528,99.99,1.0,,
2026-03-14 05:48:38+00:00,,,,,,9.0,2.0
2026-03-14 05:48:38.050000+00:00,5.0,36.070846,136.59528,99.99,1.0,,
2026-03-14 05:48:38.245000+00:00,5.0,36.070846,136.59528,99.99,1.0,,
2026-03-14 05:48:38.444000+00:00,5.0,36.070846,136.59528,99.99,1.0,,
2026-03-14 05:48:38.644000+00:00,5.0,36.070846,136.59528,99.99,1.0,,
2026-03-14 05:48:38.844000+00:00,5.0,36.070846,136.59528,99.99,1.0,,
2026-03-14 05:48:39+00:00,,,,,,8.0,
2026-03-14 05:48:39.047000+00:00,5.0,36.070846,136.59528,99.99,1.0,,
2026-03-14 05:48:39.244000+00:00,5.0,36.070846,136.59528,99.99,1.0,,
2026-03-14 05:48:39.444000+00:00,5.0,36.070846,136.59528,99.99,1.0,,
2026-03-14 05:48:39.644000+00:00,5.0,36.070846,136.59528,99.99,1.0,,
2026-03-14 05:48:39.843000+00:00,4.0,36.070846,136.59528,99.99,1.0,,
2026-03-14 05:48:40+00:00,,,,,,7.0,2.0
2026-03-14 05:48:40.051000+00:00,4.0,36.070846,136.59528,99.99,1.0,,
2026-03-14 05:48:40.244000+00:00,4.0,36.070846,136.59528,99.99,1.0,,
2026-03-14 05:48:40.444000+00:00,4.0,36.070846,136.59528,99.99,1.0,,
2026-03-14 05:48:40.645000+00:00,4.0,36.070846,136.59528,99.99,1.0,,
2026-03-14 05:48:40.844000+00:00,4.0,36.070846,136.59528,99.99,1.0,,
2026-03-14 05:48:41+00:00,,,,,,8.0,
2026-03-14 05:48:41.050000+00:00,4.0,36.070846,136.59528,99.99,1.0,,
2026-03-14 05:48:41.245000+00:00,4.0,36.070846,136.59528,99.99,1.0,,
2026-03-14 05:48:41.445000+00:00,4.0,36.070846,136.59528,99.99,1.0,,
2026-03-14 05:48:41.643000+00:00,4.0,36.070846,136.59528,99.99,1.0,,
2026-03-14 05:48:41.844000+00:00,4.0,36.070846,136.59528,99.99,1.0,,
2026-03-14 05:48:42+00:00,,,,,,8.0,2.0
2026-03-14 05:48:42.050000+00:00,4.0,36.070846,136.59528,99.99,1.0,,
2026-03-14 05:48:42.245000+00:00,4.0,36.070846,136.59528,99.99,1.0,,
2026-03-14 05:48:42.444000+00:00,4.0,36.070846,136.59528,99.99,1.0,,
2026-03-14 05:48:42.645000+00:00,4.0,36.070846,136.59528,99.99,1.0,,
2026-03-14 05:48:42.844000+00:00,4.0,36.070846,136.59528,99.99,1.0,,
2026-03-14 05:48:43+00:00,,,,,,7.0,
2026-03-14 05:48:43.050000+00:00,4.0,36.070846,136.59528,99.99,1.0,,
2026-03-14 05:48:43.245000+00:00,4.0,36.070846,136.59528,99.99,1.0,,
2026-03-14 05:48:43.443000+00:00,4.0,36.070846,136.59528,99.99,1.0,,
2026-03-14 05:48:43.645000+00:00,4.0,36.070846,136.59528,99.99,1.0,,
2026-03-14 05:48:43.845000+00:00,4.0,36.070846,136.59528,99.99,1.0,,
2026-03-14 05:48:44+00:00,,,,,,7.0,2.0
2026-03-14 05:48:44.051000+00:00,4.0,36.070846,136.59528,99.99,1.0,,
2026-03-14 05:48:44.245000+00:00,4.0,36.070846,136.59528,99.99,1.0,,
2026-03-14 05:48:44.445000+00:00,4.0,36.070846,136.59528,99.99,1.0,,
2026-03-14 05:48:44.645000+00:00,4.0,36.070846,136.59528,99.99,1.0,,
2026-03-14 05:48:44.844000+00:00,5.0,36.070846,136.59528,99.99,1.0,,
2026-03-14 05:48:45+00:00,,,,,,7.0,
2026-03-14 05:48:45.050000+00:00,5.0,36.070846,136.59528,99.99,1.0,,
2026-03-14 05:48:45.243000+00:00,5.0,36.070846,136.59528,99.99,1.0,,
2026-03-14 05:48:45.445000+00:00,5.0,36.070846,136.59528,99.99,1.0,,
2026-03-14 05:48:45.648000+00:00,5.0,36.070846,136.59528,99.99,1.0,,
2026-03-14 05:48:45.845000+00:00,5.0,36.070846,136.59528,99.99,1.0,,
2026-03-14 05:48:46+00:00,,,,,,7.0,2.0
2026-03-14 05:48:46.053000+00:00,5.0,36.070846,136.59528,99.99,1.0,,
2026-03-14 05:48:46.247000+00:00,5.0,36.070846,136.59528,99.99,1.0,,
2026-03-14 05:48:46.446000+00:00,5.0,36.070846,136.59528,99.99,1.0,,
2026-03-14 05:48:46.646000+00:00,5.0,36.070846,136.59528,99.99,1.0,,
2026-03-14 05:48:46.846000+00:00,5.0,36.070846,136.59528,99.99,1.0,,
2026-03-14 05:48:47+00:00,,,,,,7.0,
2026-03-14 05:48:47.049000+00:00,5.0,36.070846,136.59528,99.99,1.0,,
2026-03-14 05:48:47.247000+00:00,5.0,36.070846,136.59528,99.99,1.0,,
2026-03-14 05:48:47.446000+00:00,5.0,36.070846,136.59528,99.99,1.0,,
2026-03-14 05:48:47.646000+00:00,5.0,36.070846,136.59528,99.99,1.0,,
2026-03-14 05:48:47.846000+00:00,5.0,36.070846,136.59528,99.99,1.0,,
2026-03-14 05:48:48+00:00,,,,,,7.0,2.0
2026-03-14 05:48:48.051000+00:00,5.0,36.070846,136.59528,99.99,1.0,,
2026-03-14 05:48:48.246000+00:00,5.0,36.070846,136.59528,99.99,1.0,,
2026-03-14 05:48:48.447000+00:00,5.0,36.070846,136.59528,99.99,1.0,,
2026-03-14 05:48:48.647000+00:00,5.0,36.070846,136.59528,99.99,1.0,,
2026-03-14 05:48:48.844000+00:00,5.0,36.070846,136.59528,99.99,1.0,,
2026-03-14 05:48:49+00:00,,,,,,7.0,
2026-03-14 05:48:49.053000+00:00,5.0,36.070846,136.59528,99.99,1.0,,
2026-03-14 05:48:49.247000+00:00,5.0,36.070846,136.59528,99.99,1.0,,
2026-03-14 05:48:49.446000+00:00,5.0,36.070846,136.59528,99.99,1.0,,
2026-03-14 05:48:49.646000+00:00,5.0,36.070846,136.59528,99.99,1.0,,
2026-03-14 05:48:49.846000+00:00,5.0,36.070846,136.59528,99.99,1.0,,
2026-03-14 05:48:50+00:00,,,,,,6.0,2.0
2026-03-14 05:48:50.051000+00:00,5.0,36.070846,136.59528,99.99,1.0,,
2026-03-14 05:48:50.246000+00:00,5.0,36.070846,136.59528,99.99,1.0,,
2026-03-14 05:48:50.447000+00:00,5.0,36.070846,136.59528,99.99,1.0,,
2026-03-14 05:48:50.647000+00:00,5.0,36.070846,136.59528,99.99,1.0,,
2026-03-14 05:48:50.846000+00:00,5.0,36.070846,136.59528,99.99,1.0,,
2026-03-14 05:48:51+00:00,,,,,,5.0,
2026-03-14 05:48:51.051000+00:00,5.0,36.070846,136.59528,99.99,1.0,,
2026-03-14 05:48:51.245000+00:00,5.0,36.070846,136.59528,99.99,1.0,,
2026-03-14 05:48:51.443000+00:00,5.0,36.070846,136.59528,99.99,1.0,,
2026-03-14 05:48:51.645000+00:00,5.0,36.070846,136.59528,99.99,1.0,,
2026-03-14 05:48:51.844000+00:00,5.0,36.070846,136.59528,99.99,1.0,,
2026-03-14 05:48:52+00:00,,,,,,6.0,2.0
2026-03-14 05:48:52.050000+00:00,5.0,36.070846,136.59528,99.99,1.0,,
2026-03-14 05:48:52.244000+00:00,5.0,36.070846,136.59528,99.99,1.0,,
2026-03-14 05:48:52.445000+00:00,5.0,36.070846,136.59528,99.99,1.0,,
2026-03-14 05:48:52.647000+00:00,5.0,36.070846,136.59528,99.99,1.0,,
2026-03-14 05:48:52.847000+00:00,5.0,36.070846,136.59528,99.99,1.0,,
2026-03-14 05:48:53+00:00,,,,,,6.0,
2026-03-14 05:48:53.050000+00:00,5.0,36.070846,136.59528,99.99,1.0,,
2026-03-14 05:48:53.243000+00:00,5.0,36.070846,136.59528,99.99,1.0,,
2026-03-14 05:48:53.445000+00:00,5.0,36.070846,136.59528,99.99,1.0,,
2026-03-14 05:48:53.645000+00:00,5.0,36.070846,136.59528,99.99,1.0,,
2026-03-14 05:48:53.844000+00:00,5.0,36.070846,136.59528,99.99,1.0,,
2026-03-14 05:48:54+00:00,,,,,,5.0,2.0
2026-03-14 05:48:54.050000+00:00,5.0,36.070846,136.59528,99.99,1.0,,
2026-03-14 05:48:54.245000+00:00,5.0,36.070846,136.59528,99.99,1.0,,
2026-03-14 05:48:54.445000+00:00,5.0,36.070846,136.59528,99.99,1.0,,
2026-03-14 05:48:54.645000+00:00,5.0,36.070846,136.59528,99.99,1.0,,
2026-03-14 05:48:54.845000+00:00,5.0,36.070846,136.59528,99.99,1.0,,
2026-03-14 05:48:55+00:00,,,,,,5.0,
2026-03-14 05:48:55.049000+00:00,5.0,36.070846,136.59528,99.99,1.0,,
2026-03-14 05:48:55.246000+00:00,5.0,36.070846,136.59528,99.99,1.0,,
2026-03-14 05:48:55.446000+00:00,5.0,36.070846,136.59528,99.99,1.0,,
2026-03-14 05:48:55.645000+00:00,5.0,36.070846,136.59528,99.99,1.0,,
2026-03-14 05:48:55.847000+00:00,5.0,36.070846,136.59528,99.99,1.0,,
2026-03-14 05:48:56+00:00,,,,,,6.0,2.0
2026-03-14 05:48:56.051000+00:00,5.0,36.070846,136.59528,99.99,1.0,,
2026-03-14 05:48:56.248000+00:00,5.0,36.070846,136.59528,99.99,1.0,,
2026-03-14 05:48:56.447000+00:00,5.0,36.070846,136.59528,99.99,1.0,,
2026-03-14 05:48:56.646000+00:00,5.0,36.070846,136.59528,99.99,1.0,,
2026-03-14 05:48:56.844000+00:00,5.0,36.070846,136.59528,99.99,1.0,,
2026-03-14 05:48:57+00:00,,,,,,6.0,
2026-03-14 05:48:57.054000+00:00,5.0,36.070846,136.59528,99.99,1.0,,
2026-03-14 05:48:57.246000+00:00,5.0,36.070846,136.59528,99.99,1.0,,
2026-03-14 05:48:57.446000+00:00,5.0,36.070846,136.59528,99.99,1.0,,
2026-03-14 05:48:57.647000+00:00,5.0,36.070846,136.59528,99.99,1.0,,
2026-03-14 05:48:57.846000+00:00,5.0,36.070846,136.59528,99.99,1.0,,
2026-03-14 05:48:58+00:00,,,,,,7.0,2.0
2026-03-14 05:48:58.053000+00:00,5.0,36.070846,136.59528,99.99,1.0,,
2026-03-14 05:48:58.249000+00:00,5.0,36.070846,136.59528,99.99,1.0,,
2026-03-14 05:48:58.446000+00:00,5.0,36.070846,136.59528,99.99,1.0,,
2026-03-14 05:48:58.646000+00:00,5.0,36.070846,136.59528,99.99,1.0,,
2026-03-14 05:48:58.846000+00:00,5.0,36.070846,136.59528,99.99,1.0,,
2026-03-14 05:48:59+00:00,,,,,,6.0,
2026-03-14 05:48:59.051000+00:00,5.0,36.070846,136.59528,99.99,1.0,,
2026-03-14 05:48:59.245000+00:00,4.0,36.070846,136.59528,99.99,1.0,,
2026-03-14 05:48:59.444000+00:00,5.0,36.070846,136.59528,99.99,1.0,,
2026-03-14 05:48:59.645000+00:00,5.0,36.070846,136.59528,99.99,1.0,,
2026-03-14 05:48:59.846000+00:00,5.0,36.070846,136.59528,99.99,1.0,,
2026-03-14 05:49:00+00:00,,,,,,5.0,2.0
2026-03-14 05:49:00.052000+00:00,5.0,36.070846,136.59528,99.99,1.0,,
2026-03-14 05:49:00.245000+00:00,5.0,36.070846,136.59528,99.99,1.0,,
2026-03-14 05:49:00.446000+00:00,5.0,36.070846,136.59528,99.99,1.0,,
2026-03-14 05:49:00.646000+00:00,5.0,36.070846,136.59528,99.99,1.0,,
2026-03-14 05:49:00.845000+00:00,5.0,36.070846,136.59528,99.99,1.0,,
2026-03-14 05:49:01+00:00,,,,,,5.0,
2026-03-14 05:49:01.052000+00:00,5.0,36.070846,136.59528,99.99,1.0,,
2026-03-14 05:49:01.244000+00:00,5.0,36.070846,136.59528,99.99,1.0,,
2026-03-14 05:49:01.445000+00:00,5.0,36.070846,136.59528,99.99,1.0,,
2026-03-14 05:49:01.646000+00:00,5.0,36.070846,136.59528,99.99,1.0,,
2026-03-14 05:49:01.845000+00:00,5.0,36.070846,136.59528,99.99,1.0,,
2026-03-14 05:49:02+00:00,,,,,,5.0,2.0
2026-03-14 05:49:02.053000+00:00,5.0,36.070846,136.59528,99.99,1.0,,
2026-03-14 05:49:02.246000+00:00,5.0,36.070846,136.59528,99.99,1.0,,
2026-03-14 05:49:02.446000+00:00,5.0,36.070846,136.59528,99.99,1.0,,
2026-03-14 05:49:02.645000+00:00,5.0,36.070846,136.59528,99.99,1.0,,
2026-03-14 05:49:02.846000+00:00,5.0,36.070846,136.59528,99.99,1.0,,
2026-03-14 05:49:03+00:00,,,,,,7.0,
2026-03-14 05:49:03.047000+00:00,5.0,36.070846,136.59528,99.99,1.0,,
2026-03-14 05:49:03.245000+00:00,5.0,36.070846,136.59528,99.99,1.0,,
2026-03-14 05:49:03.445000+00:00,5.0,36.070846,136.59528,99.99,1.0,,
2026-03-14 05:49:03.645000+00:00,5.0,36.070846,136.59528,99.99,1.0,,
2026-03-14 05:49:03.846000+00:00,5.0,36.070846,136.59528,99.99,1.0,,
2026-03-14 05:49:04+00:00,,,,,,8.0,2.0
2026-03-14 05:49:04.052000+00:00,5.0,36.070846,136.59528,99.99,1.0,,
2026-03-14 05:49:04.247000+00:00,5.0,36.070846,136.59528,99.99,1.0,,
2026-03-14 05:49:04.446000+00:00,5.0,36.070846,136.59528,99.99,1.0,,
2026-03-14 05:49:04.648000+00:00,5.0,36.070846,136.59528,99.99,1.0,,
2026-03-14 05:49:04.845000+00:00,5.0,36.070846,136.59528,99.99,1.0,,
2026-03-14 05:49:05+00:00,,,,,,7.0,
2026-03-14 05:49:05.052000+00:00,5.0,36.070846,136.59528,99.99,1.0,,
2026-03-14 05:49:05.247000+00:00,5.0,36.070846,136.59528,99.99,1.0,,
2026-03-14 05:49:05.447000+00:00,5.0,36.070846,136.59528,99.99,1.0,,
2026-03-14 05:49:05.647000+00:00,5.0,36.070846,136.59528,99.99,1.0,,
2026-03-14 05:49:05.846000+00:00,5.0,36.070846,136.59528,99.99,1.0,,
2026-03-14 05:49:06+00:00,,,,,,6.0,2.0
2026-03-14 05:49:06.053000+00:00,5.0,36.070846,136.59528,99.99,1.0,,
2026-03-14 05:49:06.246000+00:00,5.0,36.070846,136.59528,99.99,1.0,,
2026-03-14 05:49:06.446000+00:00,5.0,36.070846,136.59528,99.99,1.0,,
2026-03-14 05:49:06.645000+00:00,5.0,36.070846,136.59528,99.99,1.0,,
2026-03-14 05:49:06.844000+00:00,5.0,36.070846,136.59528,99.99,1.0,,
2026-03-14 05:49:07+00:00,,,,,,6.0,1.0
2026-03-14 05:49:07.050000+00:00,5.0,36.070846,136.59528,99.99,1.0,,
2026-03-14 05:49:07.247000+00:00,5.0,36.070846,136.59528,99.99,1.0,,
2026-03-14 05:49:07.445000+00:00,5.0,36.070846,136.59528,99.99,1.0,,
2026-03-14 05:49:07.646000+00:00,5.0,36.070846,136.59528,99.99,1.0,,
2026-03-14 05:49:07.846000+00:00,5.0,36.070846,136.59528,99.99,1.0,,
2026-03-14 05:49:08+00:00,,,,,,6.0,2.0
2026-03-14 05:49:08.051000+00:00,5.0,36.070846,136.59528,99.99,1.0,,
2026-03-14 05:49:08.245000+00:00,5.0,36.070846,136.59528,99.99,1.0,,
2026-03-14 05:49:08.445000+00:00,5.0,36.070846,136.59528,99.99,1.0,,
2026-03-14 05:49:08.646000+00:00,5.0,36.070846,136.59528,99.99,1.0,,
2026-03-14 05:49:08.845000+00:00,5.0,36.070846,136.59528,99.99,1.0,,
2026-03-14 05:49:09+00:00,,,,,,6.0,1.0
2026-03-14 05:49:09.050000+00:00,5.0,36.070846,136.59528,99.99,1.0,,
2026-03-14 05:49:09.243000+00:00,5.0,36.070846,136.59528,99.99,1.0,,
2026-03-14 05:49:09.445000+00:00,5.0,36.070846,136.59528,99.99,1.0,,
2026-03-14 05:49:09.645000+00:00,5.0,36.070846,136.59528,99.99,1.0,,
2026-03-14 05:49:09.844000+00:00,5.0,36.070846,136.59528,99.99,1.0,,
2026-03-14 05:49:10+00:00,,,,,,6.0,2.0
2026-03-14 05:49:10.051000+00:00,5.0,36.070846,136.59528,99.99,1.0,,
2026-03-14 05:49:10.245000+00:00,5.0,36.070846,136.59528,99.99,1.0,,
2026-03-14 05:49:10.444000+00:00,5.0,36.070846,136.59528,99.99,1.0,,
2026-03-14 05:49:10.645000+00:00,5.0,36.070846,136.59528,99.99,1.0,,
2026-03-14 05:49:10.845000+00:00,5.0,36.070846,136.59528,99.99,1.0,,
2026-03-14 05:49:11+00:00,,,,,,6.0,1.0
2026-03-14 05:49:11.048000+00:00,5.0,36.070846,136.59528,99.99,1.0,,
2026-03-14 05:49:11.245000+00:00,5.0,36.070846,136.59528,99.99,1.0,,
2026-03-14 05:49:11.446000+00:00,5.0,36.070846,136.59528,99.99,1.0,,
2026-03-14 05:49:11.647000+00:00,5.0,36.070846,136.59528,99.99,1.0,,
2026-03-14 05:49:11.845000+00:00,5.0,36.070846,136.59528,99.99,1.0,,
2026-03-14 05:49:12+00:00,,,,,,6.0,1.0
2026-03-14 05:49:12.051000+00:00,5.0,36.070846,136.59528,99.99,1.0,,
2026-03-14 05:49:12.245000+00:00,5.0,36.070846,136.59528,99.99,1.0,,
2026-03-14 05:49:12.445000+00:00,5.0,36.070846,136.59528,99.99,1.0,,
2026-03-14 05:49:12.648000+00:00,5.0,36.070846,136.59528,99.99,1.0,,
2026-03-14 05:49:12.842000+00:00,5.0,36.070846,136.59528,99.99,1.0,,
2026-03-14 05:49:13+00:00,,,,,,6.0,
2026-03-14 05:49:13.050000+00:00,5.0,36.070846,136.59528,99.99,1.0,,
2026-03-14 05:49:13.245000+00:00,5.0,36.070846,136.59528,99.99,1.0,,
2026-03-14 05:49:13.446000+00:00,5.0,36.070846,136.59528,99.99,1.0,,
2026-03-14 05:49:13.644000+00:00,5.0,36.070846,136.59528,99.99,1.0,,
2026-03-14 05:49:13.844000+00:00,5.0,36.070846,136.59528,99.99,1.0,,
2026-03-14 05:49:14+00:00,,,,,,6.0,1.0
2026-03-14 05:49:14.048000+00:00,5.0,36.070846,136.59528,99.99,1.0,,
2026-03-14 05:49:14.244000+00:00,5.0,36.070846,136.59528,99.99,1.0,,
2026-03-14 05:49:14.444000+00:00,5.0,36.070846,136.59528,99.99,1.0,,
2026-03-14 05:49:14.645000+00:00,5.0,36.070846,136.59528,99.99,1.0,,
2026-03-14 05:49:14.843000+00:00,5.0,36.070846,136.59528,99.99,1.0,,
2026-03-14 05:49:15+00:00,,,,,,7.0,1.0
2026-03-14 05:49:15.049000+00:00,5.0,36.070846,136.59528,99.99,1.0,,
2026-03-14 05:49:15.243000+00:00,5.0,36.070846,136.59528,99.99,1.0,,
2026-03-14 05:49:15.445000+00:00,5.0,36.070846,136.59528,99.99,1.0,,
2026-03-14 05:49:15.645000+00:00,5.0,36.070846,136.59528,99.99,1.0,,
2026-03-14 05:49:15.844000+00:00,5.0,36.070846,136.59528,99.99,1.0,,
2026-03-14 05:49:16+00:00,,,,,,8.0,1.0
2026-03-14 05:49:16.050000+00:00,5.0,36.070846,136.59528,99.99,1.0,,
2026-03-14 05:49:16.246000+00:00,5.0,36.070846,136.59528,99.99,1.0,,
2026-03-14 05:49:16.444000+00:00,5.0,36.070846,136.59528,99.99,1.0,,
2026-03-14 05:49:16.649000+00:00,5.0,36.070846,136.59528,99.99,1.0,,
2026-03-14 05:49:16.845000+00:00,5.0,36.070846,136.59528,99.99,1.0,,
2026-03-14 05:49:17+00:00,,,,,,8.0,1.0
2026-03-14 05:49:17.050000+00:00,5.0,36.070846,136.59528,99.99,1.0,,
2026-03-14 05:49:17.244000+00:00,5.0,36.070846,136.59528,99.99,1.0,,
2026-03-14 05:49:17.445000+00:00,5.0,36.070846,136.59528,99.99,1.0,,
2026-03-14 05:49:17.646000+00:00,5.0,36.070846,136.59528,99.99,1.0,,
2026-03-14 05:49:17.845000+00:00,5.0,36.070846,136.59528,99.99,1.0,,
2026-03-14 05:49:18+00:00,,,,,,7.0,2.0
2026-03-14 05:49:18.052000+00:00,5.0,36.070846,136.59528,99.99,1.0,,
2026-03-14 05:49:18.245000+00:00,5.0,36.070846,136.59528,99.99,1.0,,
2026-03-14 05:49:18.445000+00:00,5.0,36.070846,136.59528,99.99,1.0,,
2026-03-14 05:49:18.646000+00:00,5.0,36.070846,136.59528,99.99,1.0,,
2026-03-14 05:49:18.845000+00:00,5.0,36.070846,136.59528,99.99,1.0,,
2026-03-14 05:49:19+00:00,,,,,,8.0,
2026-03-14 05:49:19.048000+00:00,5.0,36.070846,136.59528,99.99,1.0,,
2026-03-14 05:49:19.246000+00:00,5.0,36.070846,136.59528,99.99,1.0,,
2026-03-14 05:49:19.446000+00:00,5.0,36.070846,136.59528,99.99,1.0,,
2026-03-14 05:49:19.645000+00:00,5.0,36.070846,136.59528,99.99,1.0,,
2026-03-14 05:49:19.845000+00:00,5.0,36.070846,136.59528,99.99,1.0,,
2026-03-14 05:49:20+00:00,,,,,,9.0,2.0
2026-03-14 05:49:20.051000+00:00,5.0,36.070846,136.59528,99.99,1.0,,
2026-03-14 05:49:20.245000+00:00,5.0,36.070846,136.59528,99.99,1.0,,
2026-03-14 05:49:20.445000+00:00,5.0,36.070846,136.59528,99.99,1.0,,
2026-03-14 05:49:20.645000+00:00,5.0,36.070846,136.59528,99.99,1.0,,
2026-03-14 05:49:20.843000+00:00,5.0,36.070846,136.59528,99.99,1.0,,
2026-03-14 05:49:21+00:00,,,,,,9.0,1.0
2026-03-14 05:49:21.052000+00:00,5.0,36.070846,136.59528,99.99,1.0,,
2026-03-14 05:49:21.245000+00:00,5.0,36.070846,136.59528,99.99,1.0,,
2026-03-14 05:49:21.445000+00:00,5.0,36.070846,136.59528,99.99,1.0,,
2026-03-14 05:49:21.646000+00:00,5.0,36.070846,136.59528,99.99,1.0,,
2026-03-14 05:49:21.844000+00:00,5.0,36.070846,136.59528,99.99,1.0,,
2026-03-14 05:49:22+00:00,,,,,,7.0,2.0
2026-03-14 05:49:22.051000+00:00,5.0,36.070846,136.59528,99.99,1.0,,
2026-03-14 05:49:22.247000+00:00,5.0,36.070846,136.59528,99.99,1.0,,
2026-03-14 05:49:22.446000+00:00,5.0,36.070846,136.59528,99.99,1.0,,
2026-03-14 05:49:22.644000+00:00,5.0,36.070846,136.59528,99.99,1.0,,
2026-03-14 05:49:22.846000+00:00,5.0,36.070846,136.59528,99.99,1.0,,
2026-03-14 05:49:23+00:00,,,,,,7.0,
2026-03-14 05:49:23.051000+00:00,5.0,36.070846,136.59528,99.99,1.0,,
2026-03-14 05:49:23.247000+00:00,5.0,36.070846,136.59528,99.99,1.0,,
2026-03-14 05:49:23.446000+00:00,5.0,36.070846,136.59528,99.99,1.0,,
2026-03-14 05:49:23.645000+00:00,5.0,36.070846,136.59528,99.99,1.0,,
2026-03-14 05:49:23.845000+00:00,5.0,36.070846,136.59528,99.99,1.0,,
2026-03-14 05:49:24+00:00,,,,,,8.0,2.0
2026-03-14 05:49:24.052000+00:00,5.0,36.070846,136.59528,99.99,1.0,,
2026-03-14 05:49:24.245000+00:00,5.0,36.070846,136.59528,99.99,1.0,,
2026-03-14 05:49:24.445000+00:00,5.0,36.070846,136.59528,99.99,1.0,,
2026-03-14 05:49:24.646000+00:00,5.0,36.070846,136.59528,99.99,1.0,,
2026-03-14 05:49:24.847000+00:00,5.0,36.070846,136.59528,99.99,1.0,,
2026-03-14 05:49:25+00:00,,,,,,10.0,
2026-03-14 05:49:25.050000+00:00,5.0,36.070846,136.59528,99.99,1.0,,
2026-03-14 05:49:25.247000+00:00,5.0,36.070846,136.59528,99.99,1.0,,
2026-03-14 05:49:25.443000+00:00,5.0,36.070846,136.59528,99.99,1.0,,
2026-03-14 05:49:25.644000+00:00,5.0,36.070846,136.59528,99.99,1.0,,
2026-03-14 05:49:25.844000+00:00,5.0,36.070846,136.59528,99.99,1.0,,
2026-03-14 05:49:26+00:00,,,,,,9.0,2.0
2026-03-14 05:49:26.050000+00:00,5.0,36.070846,136.59528,99.99,1.0,,
2026-03-14 05:49:26.245000+00:00,5.0,36.070846,136.59528,99.99,1.0,,
2026-03-14 05:49:26.445000+00:00,5.0,36.070846,136.59528,99.99,1.0,,
2026-03-14 05:49:26.645000+00:00,5.0,36.070846,136.59528,99.99,1.0,,
2026-03-14 05:49:26.847000+00:00,5.0,36.070846,136.59528,99.99,1.0,,
2026-03-14 05:49:27+00:00,,,,,,9.0,
2026-03-14 05:49:27.048000+00:00,5.0,36.070846,136.59528,99.99,1.0,,
2026-03-14 05:49:27.244000+00:00,5.0,36.070846,136.59528,99.99,1.0,,
2026-03-14 05:49:27.445000+00:00,5.0,36.070846,136.59528,99.99,1.0,,
2026-03-14 05:49:27.645000+00:00,5.0,36.070846,136.59528,99.99,1.0,,
2026-03-14 05:49:27.844000+00:00,5.0,36.070846,136.59528,99.99,1.0,,
2026-03-14 05:49:28+00:00,,,,,,10.0,2.0
2026-03-14 05:49:28.051000+00:00,5.0,36.070846,136.59528,99.99,1.0,,
2026-03-14 05:49:28.246000+00:00,5.0,36.070846,136.59528,99.99,1.0,,
2026-03-14 05:49:28.445000+00:00,5.0,36.070846,136.59528,99.99,1.0,,
2026-03-14 05:49:28.646000+00:00,5.0,36.070846,136.59528,99.99,1.0,,
2026-03-14 05:49:28.845000+00:00,5.0,36.070846,136.59528,99.99,1.0,,
2026-03-14 05:49:29+00:00,,,,,,10.0,
2026-03-14 05:49:29.050000+00:00,5.0,36.070846,136.59528,99.99,1.0,,
2026-03-14 05:49:29.245000+00:00,5.0,36.070846,136.59528,99.99,1.0,,
2026-03-14 05:49:29.445000+00:00,5.0,36.070846,136.59528,99.99,1.0,,
2026-03-14 05:49:29.646000+00:00,5.0,36.070846,136.59528,99.99,1.0,,
2026-03-14 05:49:29.847000+00:00,5.0,36.070846,136.59528,99.99,1.0,,
2026-03-14 05:49:30+00:00,,,,,,8.0,1.0
2026-03-14 05:49:30.052000+00:00,5.0,36.070846,136.59528,99.99,1.0,,
2026-03-14 05:49:30.246000+00:00,5.0,36.070846,136.59528,99.99,1.0,,
2026-03-14 05:49:30.446000+00:00,5.0,36.070846,136.59528,99.99,1.0,,
2026-03-14 05:49:30.644000+00:00,5.0,36.070846,136.59528,99.99,1.0,,
2026-03-14 05:49:30.848000+00:00,5.0,36.070846,136.59528,99.99,1.0,,
2026-03-14 05:49:31+00:00,,,,,,8.0,
2026-03-14 05:49:31.052000+00:00,5.0,36.070846,136.59528,99.99,1.0,,
2026-03-14 05:49:31.247000+00:00,5.0,36.070846,136.59528,99.99,1.0,,
2026-03-14 05:49:31.446000+00:00,5.0,36.070846,136.59528,99.99,1.0,,
2026-03-14 05:49:31.646000+00:00,5.0,36.070846,136.59528,99.99,1.0,,
2026-03-14 05:49:31.846000+00:00,5.0,36.070846,136.59528,99.99,1.0,,
2026-03-14 05:49:32+00:00,,,,,,9.0,2.0
2026-03-14 05:49:32.051000+00:00,5.0,36.070846,136.59528,99.99,1.0,,
2026-03-14 05:49:32.246000+00:00,5.0,36.070846,136.59528,99.99,1.0,,
2026-03-14 05:49:32.443000+00:00,5.0,36.070846,136.59528,99.99,1.0,,
2026-03-14 05:49:32.644000+00:00,5.0,36.070846,136.59528,99.99,1.0,,
2026-03-14 05:49:32.847000+00:00,5.0,36.070846,136.59528,99.99,1.0,,
2026-03-14 05:49:33+00:00,,,,,,9.0,
2026-03-14 05:49:33.049000+00:00,5.0,36.070846,136.59528,99.99,1.0,,
2026-03-14 05:49:33.245000+00:00,5.0,36.070846,136.59528,99.99,1.0,,
2026-03-14 05:49:33.445000+00:00,5.0,36.070846,136.59528,99.99,1.0,,
2026-03-14 05:49:33.644000+00:00,5.0,36.070846,136.59528,99.99,1.0,,
2026-03-14 05:49:33.845000+00:00,5.0,36.070846,136.59528,99.99,1.0,,
2026-03-14 05:49:34+00:00,,,,,,8.0,2.0
2026-03-14 05:49:34.050000+00:00,5.0,36.070846,136.59528,99.99,1.0,,
2026-03-14 05:49:34.245000+00:00,5.0,36.070846,136.59528,99.99,1.0,,
2026-03-14 05:49:34.444000+00:00,5.0,36.070846,136.59528,99.99,1.0,,
2026-03-14 05:49:34.645000+00:00,5.0,36.070846,136.59528,99.99,1.0,,
2026-03-14 05:49:34.847000+00:00,5.0,36.070846,136.59528,99.99,1.0,,
2026-03-14 05:49:35+00:00,,,,,,8.0,1.0
2026-03-14 05:49:35.047000+00:00,5.0,36.070846,136.59528,99.99,1.0,,
2026-03-14 05:49:35.245000+00:00,5.0,36.070846,136.59528,99.99,1.0,,
2026-03-14 05:49:35.444000+00:00,5.0,36.070846,136.59528,99.99,1.0,,
2026-03-14 05:49:35.645000+00:00,5.0,36.070846,136.59528,99.99,1.0,,
2026-03-14 05:49:35.845000+00:00,5.0,36.070846,136.59528,99.99,1.0,,
2026-03-14 05:49:36+00:00,,,,,,8.0,2.0
2026-03-14 05:49:36.051000+00:00,5.0,36.070846,136.59528,99.99,1.0,,
2026-03-14 05:49:36.245000+00:00,5.0,36.070846,136.59528,99.99,1.0,,
2026-03-14 05:49:36.444000+00:00,5.0,36.070846,136.59528,99.99,1.0,,
2026-03-14 05:49:36.644000+00:00,5.0,36.070846,136.59528,99.99,1.0,,
2026-03-14 05:49:36.844000+00:00,5.0,36.070846,136.59528,99.99,1.0,,
2026-03-14 05:49:37+00:00,,,,,,9.0,
2026-03-14 05:49:37.050000+00:00,5.0,36.070846,136.59528,99.99,1.0,,
2026-03-14 05:49:37.244000+00:00,5.0,36.070846,136.59528,99.99,1.0,,
2026-03-14 05:49:37.445000+00:00,5.0,36.070846,136.59528,99.99,1.0,,
2026-03-14 05:49:37.646000+00:00,5.0,36.070846,136.59528,99.99,1.0,,
2026-03-14 05:49:37.845000+00:00,5.0,36.070846,136.59528,99.99,1.0,,
2026-03-14 05:49:38+00:00,,,,,,9.0,2.0
2026-03-14 05:49:38.050000+00:00,5.0,36.070846,136.59528,99.99,1.0,,
2026-03-14 05:49:38.244000+00:00,5.0,36.070846,136.59528,99.99,1.0,,
2026-03-14 05:49:38.444000+00:00,5.0,36.070846,136.59528,99.99,1.0,,
2026-03-14 05:49:38.642000+00:00,5.0,36.070846,136.59528,99.99,1.0,,
2026-03-14 05:49:38.842000+00:00,5.0,36.070846,136.59528,99.99,1.0,,
2026-03-14 05:49:39+00:00,,,,,,9.0,
2026-03-14 05:49:39.048000+00:00,5.0,36.070846,136.59528,99.99,1.0,,
2026-03-14 05:49:39.243000+00:00,5.0,36.070846,136.59528,99.99,1.0,,
2026-03-14 05:49:39.446000+00:00,5.0,36.070846,136.59528,99.99,1.0,,
2026-03-14 05:49:39.643000+00:00,5.0,36.070846,136.59528,99.99,1.0,,
2026-03-14 05:49:39.843000+00:00,5.0,36.070846,136.59528,99.99,1.0,,
2026-03-14 05:49:40+00:00,,,,,,10.0,2.0
2026-03-14 05:49:40.051000+00:00,5.0,36.070846,136.59528,99.99,1.0,,
2026-03-14 05:49:40.245000+00:00,5.0,36.070846,136.59528,99.99,1.0,,
2026-03-14 05:49:40.441000+00:00,5.0,36.070846,136.59528,99.99,1.0,,
2026-03-14 05:49:40.645000+00:00,5.0,36.070846,136.59528,99.99,1.0,,
2026-03-14 05:49:40.844000+00:00,5.0,36.070846,136.59528,99.99,1.0,,
2026-03-14 05:49:41+00:00,,,,,,9.0,
2026-03-14 05:49:41.049000+00:00,5.0,36.070846,136.59528,99.99,1.0,,
2026-03-14 05:49:41.244000+00:00,5.0,36.070846,136.59528,99.99,1.0,,
2026-03-14 05:49:41.447000+00:00,5.0,36.070846,136.59528,99.99,1.0,,
2026-03-14 05:49:41.644000+00:00,5.0,36.070846,136.59528,99.99,1.0,,
2026-03-14 05:49:41.844000+00:00,5.0,36.070846,136.59528,99.99,1.0,,
2026-03-14 05:49:42+00:00,,,,,,8.0,2.0
2026-03-14 05:49:42.051000+00:00,5.0,36.070846,136.59528,99.99,1.0,,
2026-03-14 05:49:42.243000+00:00,5.0,36.070846,136.59528,99.99,1.0,,
2026-03-14 05:49:42.444000+00:00,5.0,36.070846,136.59528,99.99,1.0,,
2026-03-14 05:49:42.644000+00:00,5.0,36.070846,136.59528,99.99,1.0,,
2026-03-14 05:49:42.844000+00:00,5.0,36.070846,136.59528,99.99,1.0,,
2026-03-14 05:49:43+00:00,,,,,,8.0,
2026-03-14 05:49:43.050000+00:00,5.0,36.070846,136.59528,99.99,1.0,,
2026-03-14 05:49:43.243000+00:00,5.0,36.070846,136.59528,99.99,1.0,,
2026-03-14 05:49:43.444000+00:00,5.0,36.070846,136.59528,99.99,1.0,,
2026-03-14 05:49:43.644000+00:00,5.0,36.070846,136.59528,99.99,1.0,,
2026-03-14 05:49:43.843000+00:00,5.0,36.070846,136.59528,99.99,1.0,,
2026-03-14 05:49:44+00:00,,,,,,9.0,2.0
2026-03-14 05:49:44.049000+00:00,5.0,36.070846,136.59528,99.99,1.0,,
2026-03-14 05:49:44.245000+00:00,5.0,36.070846,136.59528,99.99,1.0,,
2026-03-14 05:49:44.445000+00:00,5.0,36.070846,136.59528,99.99,1.0,,
2026-03-14 05:49:44.647000+00:00,5.0,36.070846,136.59528,99.99,1.0,,
2026-03-14 05:49:44.842000+00:00,5.0,36.070846,136.59528,99.99,1.0,,
2026-03-14 05:49:45+00:00,,,,,,9.0,
2026-03-14 05:49:45.051000+00:00,5.0,36.070846,136.59528,99.99,1.0,,
2026-03-14 05:49:45.243000+00:00,5.0,36.070846,136.59528,99.99,1.0,,
2026-03-14 05:49:45.443000+00:00,5.0,36.070846,136.59528,99.99,1.0,,
2026-03-14 05:49:45.644000+00:00,5.0,36.070846,136.59528,99.99,1.0,,
2026-03-14 05:49:45.843000+00:00,5.0,36.070846,136.59528,99.99,1.0,,
2026-03-14 05:49:46+00:00,,,,,,10.0,2.0
2026-03-14 05:49:46.049000+00:00,5.0,36.070846,136.59528,99.99,1.0,,
2026-03-14 05:49:46.244000+00:00,5.0,36.070846,136.59528,99.99,1.0,,
2026-03-14 05:49:46.442000+00:00,5.0,36.070846,136.59528,99.99,1.0,,
2026-03-14 05:49:46.644000+00:00,5.0,36.070846,136.59528,99.99,1.0,,
2026-03-14 05:49:46.843000+00:00,5.0,36.070846,136.59528,99.99,1.0,,
2026-03-14 05:49:47+00:00,,,,,,10.0,
2026-03-14 05:49:47.048000+00:00,5.0,36.070846,136.59528,99.99,1.0,,
2026-03-14 05:49:47.244000+00:00,5.0,36.070846,136.59528,99.99,1.0,,
2026-03-14 05:49:47.443000+00:00,5.0,36.070846,136.59528,99.99,1.0,,
2026-03-14 05:49:47.643000+00:00,5.0,36.070846,136.59528,99.99,1.0,,
2026-03-14 05:49:47.844000+00:00,5.0,36.070846,136.59528,99.99,1.0,,
2026-03-14 05:49:48+00:00,,,,,,9.0,2.0
2026-03-14 05:49:48.049000+00:00,5.0,36.070846,136.59528,99.99,1.0,,
2026-03-14 05:49:48.244000+00:00,5.0,36.070846,136.59528,99.99,1.0,,
2026-03-14 05:49:48.442000+00:00,5.0,36.070846,136.59528,99.99,1.0,,
2026-03-14 05:49:48.644000+00:00,5.0,36.070846,136.59528,99.99,1.0,,
2026-03-14 05:49:48.843000+00:00,5.0,36.070846,136.59528,99.99,1.0,,
2026-03-14 05:49:49+00:00,,,,,,8.0,
2026-03-14 05:49:49.047000+00:00,5.0,36.070846,136.59528,99.99,1.0,,
2026-03-14 05:49:49.244000+00:00,5.0,36.070846,136.59528,99.99,1.0,,
2026-03-14 05:49:49.443000+00:00,5.0,36.070846,136.59528,99.99,1.0,,
2026-03-14 05:49:49.644000+00:00,5.0,36.070846,136.59528,99.99,1.0,,
2026-03-14 05:49:49.844000+00:00,5.0,36.070846,136.59528,99.99,1.0,,
2026-03-14 05:49:50+00:00,,,,,,7.0,2.0
2026-03-14 05:49:50.051000+00:00,5.0,36.070846,136.59528,99.99,1.0,,
2026-03-14 05:49:50.241000+00:00,5.0,36.070846,136.59528,99.99,1.0,,
2026-03-14 05:49:50.444000+00:00,5.0,36.070846,136.59528,99.99,1.0,,
2026-03-14 05:49:50.645000+00:00,5.0,36.070846,136.59528,99.99,1.0,,
2026-03-14 05:49:50.842000+00:00,5.0,36.070846,136.59528,99.99,1.0,,
2026-03-14 05:49:51+00:00,,,,,,8.0,
2026-03-14 05:49:51.050000+00:00,5.0,36.070846,136.59528,99.99,1.0,,
2026-03-14 05:49:51.244000+00:00,5.0,36.070846,136.59528,99.99,1.0,,
2026-03-14 05:49:51.443000+00:00,5.0,36.070846,136.59528,99.99,1.0,,
2026-03-14 05:49:51.644000+00:00,5.0,36.070846,136.59528,99.99,1.0,,
2026-03-14 05:49:51.845000+00:00,5.0,36.070846,136.59528,99.99,1.0,,
2026-03-14 05:49:52+00:00,,,,,,8.0,2.0
2026-03-14 05:49:52.049000+00:00,5.0,36.070846,136.59528,99.99,1.0,,
2026-03-14 05:49:52.245000+00:00,5.0,36.070846,136.59528,99.99,1.0,,
2026-03-14 05:49:52.444000+00:00,5.0,36.070846,136.59528,99.99,1.0,,
2026-03-14 05:49:52.648000+00:00,5.0,36.070846,136.59528,99.99,1.0,,
2026-03-14 05:49:52.841000+00:00,5.0,36.070846,136.59528,99.99,1.0,,
2026-03-14 05:49:53+00:00,,,,,,8.0,
2026-03-14 05:49:53.048000+00:00,5.0,36.070846,136.59528,99.99,1.0,,
2026-03-14 05:49:53.242000+00:00,5.0,36.070846,136.59528,99.99,1.0,,
2026-03-14 05:49:53.442000+00:00,5.0,36.070846,136.59528,99.99,1.0,,
2026-03-14 05:49:53.643000+00:00,5.0,36.070846,136.59528,99.99,1.0,,
2026-03-14 05:49:53.844000+00:00,5.0,36.070846,136.59528,99.99,1.0,,
2026-03-14 05:49:54+00:00,,,,,,7.0,2.0
2026-03-14 05:49:54.049000+00:00,5.0,36.070846,136.59528,99.99,1.0,,
2026-03-14 05:49:54.243000+00:00,5.0,36.070846,136.59528,99.99,1.0,,
2026-03-14 05:49:54.443000+00:00,5.0,36.070846,136.59528,99.99,1.0,,
2026-03-14 05:49:54.641000+00:00,5.0,36.070846,136.59528,99.99,1.0,,
2026-03-14 05:49:54.843000+00:00,5.0,36.070846,136.59528,99.99,1.0,,
2026-03-14 05:49:55+00:00,,,,,,8.0,
2026-03-14 05:49:55.049000+00:00,5.0,36.070846,136.59528,99.99,1.0,,
2026-03-14 05:49:55.243000+00:00,5.0,36.070846,136.59528,99.99,1.0,,
2026-03-14 05:49:55.442000+00:00,5.0,36.070846,136.59528,99.99,1.0,,
2026-03-14 05:49:55.643000+00:00,5.0,36.070846,136.59528,99.99,1.0,,
2026-03-14 05:49:55.842000+00:00,5.0,36.070846,136.59528,99.99,1.0,,
2026-03-14 05:49:56+00:00,,,,,,6.0,3.0
2026-03-14 05:49:56.048000+00:00,5.0,36.070846,136.59528,99.99,1.0,,
2026-03-14 05:49:56.243000+00:00,5.0,36.070846,136.59528,99.99,1.0,,
2026-03-14 05:49:56.441000+00:00,5.0,36.070846,136.59528,99.99,1.0,,
2026-03-14 05:49:56.643000+00:00,5.0,36.070846,136.59528,99.99,1.0,,
2026-03-14 05:49:56.843000+00:00,5.0,36.070846,136.59528,99.99,1.0,,
2026-03-14 05:49:57+00:00,,,,,,6.0,
2026-03-14 05:49:57.048000+00:00,5.0,36.070846,136.59528,99.99,1.0,,
2026-03-14 05:49:57.243000+00:00,5.0,36.070846,136.59528,99.99,1.0,,
2026-03-14 05:49:57.443000+00:00,5.0,36.070846,136.59528,99.99,1.0,,
2026-03-14 05:49:57.644000+00:00,5.0,36.070846,136.59528,99.99,1.0,,
2026-03-14 05:49:57.843000+00:00,5.0,36.070846,136.59528,99.99,1.0,,
2026-03-14 05:49:58+00:00,,,,,,5.0,2.0
2026-03-14 05:49:58.049000+00:00,5.0,36.070846,136.59528,99.99,1.0,,
2026-03-14 05:49:58.241000+00:00,5.0,36.070846,136.59528,99.99,1.0,,
2026-03-14 05:49:58.442000+00:00,5.0,36.070846,136.59528,99.99,1.0,,
2026-03-14 05:49:58.643000+00:00,5.0,36.070846,136.59528,99.99,1.0,,
2026-03-14 05:49:58.842000+00:00,5.0,36.070846,136.59528,99.99,1.0,,
2026-03-14 05:49:59+00:00,,,,,,5.0,
2026-03-14 05:49:59.047000+00:00,5.0,36.070846,136.59528,99.99,1.0,,
2026-03-14 05:49:59.242000+00:00,5.0,36.070846,136.59528,99.99,1.0,,
2026-03-14 05:49:59.441000+00:00,5.0,36.070846,136.59528,99.99,1.0,,
2026-03-14 05:49:59.642000+00:00,5.0,36.070846,136.59528,99.99,1.0,,
2026-03-14 05:49:59.841000+00:00,5.0,36.070846,136.59528,99.99,1.0,,
2026-03-14 05:50:00+00:00,,,,,,4.0,2.0
2026-03-14 05:50:00.046000+00:00,5.0,36.070846,136.59528,99.99,1.0,,
2026-03-14 05:50:00.241000+00:00,5.0,36.070846,136.59528,99.99,1.0,,
2026-03-14 05:50:00.443000+00:00,5.0,36.070846,136.59528,99.99,1.0,,
2026-03-14 05:50:00.642000+00:00,5.0,36.070846,136.59528,99.99,1.0,,
2026-03-14 05:50:00.841000+00:00,5.0,36.070846,136.59528,99.99,1.0,,
2026-03-14 05:50:01+00:00,,,,,,4.0,
2026-03-14 05:50:01.048000+00:00,5.0,36.070846,136.59528,99.99,1.0,,
2026-03-14 05:50:01.243000+00:00,5.0,36.070846,136.59528,99.99,1.0,,
2026-03-14 05:50:01.441000+00:00,5.0,36.070846,136.59528,99.99,1.0,,
2026-03-14 05:50:01.642000+00:00,5.0,36.070846,136.59528,99.99,1.0,,
2026-03-14 05:50:01.841000+00:00,5.0,36.070846,136.59528,99.99,1.0,,
2026-03-14 05:50:02+00:00,,,,,,7.0,1.0
2026-03-14 05:50:02.048000+00:00,4.0,36.070846,136.59528,99.99,1.0,,
2026-03-14 05:50:02.242000+00:00,4.0,36.070846,136.59528,99.99,1.0,,
2026-03-14 05:50:02.442000+00:00,4.0,36.070846,136.59528,99.99,1.0,,
2026-03-14 05:50:02.640000+00:00,4.0,36.070846,136.59528,99.99,1.0,,
2026-03-14 05:50:02.843000+00:00,5.0,36.070846,136.59528,99.99,1.0,,
2026-03-14 05:50:03+00:00,,,,,,6.0,
2026-03-14 05:50:03.048000+00:00,4.0,36.070846,136.59528,99.99,1.0,,
2026-03-14 05:50:03.243000+00:00,4.0,36.070846,136.59528,99.99,1.0,,
2026-03-14 05:50:03.443000+00:00,4.0,36.070846,136.59528,99.99,1.0,,
2026-03-14 05:50:03.644000+00:00,4.0,36.070846,136.59528,99.99,1.0,,
2026-03-14 05:50:03.842000+00:00,4.0,36.070846,136.59528,99.99,1.0,,
2026-03-14 05:50:04+00:00,,,,,,7.0,1.0
2026-03-14 05:50:04.049000+00:00,4.0,36.070846,136.59528,99.99,1.0,,
2026-03-14 05:50:04.244000+00:00,4.0,36.070846,136.59528,99.99,1.0,,
2026-03-14 05:50:04.440000+00:00,4.0,36.070846,136.59528,99.99,1.0,,
2026-03-14 05:50:04.645000+00:00,5.0,36.070846,136.59528,99.99,1.0,,
2026-03-14 05:50:04.843000+00:00,5.0,36.070846,136.59528,99.99,1.0,,
2026-03-14 05:50:05+00:00,,,,,,7.0,
2026-03-14 05:50:05.048000+00:00,5.0,36.070846,136.59528,99.99,1.0,,
2026-03-14 05:50:05.244000+00:00,5.0,36.070846,136.59528,99.99,1.0,,
2026-03-14 05:50:05.443000+00:00,5.0,36.070846,136.59528,99.99,1.0,,
2026-03-14 05:50:05.644000+00:00,5.0,36.070846,136.59528,99.99,1.0,,
2026-03-14 05:50:05.843000+00:00,5.0,36.070846,136.59528,99.99,1.0,,
2026-03-14 05:50:06+00:00,,,,,,5.0,2.0
2026-03-14 05:50:06.049000+00:00,5.0,36.070846,136.59528,99.99,1.0,,
2026-03-14 05:50:06.240000+00:00,4.0,36.070846,136.59528,99.99,1.0,,
2026-03-14 05:50:06.443000+00:00,4.0,36.070846,136.59528,99.99,1.0,,
2026-03-14 05:50:06.642000+00:00,5.0,36.070846,136.59528,99.99,1.0,,
2026-03-14 05:50:06.842000+00:00,5.0,36.070846,136.59528,99.99,1.0,,
2026-03-14 05:50:07+00:00,,,,,,5.0,
2026-03-14 05:50:07.049000+00:00,4.0,36.070846,136.59528,99.99,1.0,,
2026-03-14 05:50:07.242000+00:00,4.0,36.070846,136.59528,99.99,1.0,,
2026-03-14 05:50:07.442000+00:00,4.0,36.070846,136.59528,99.99,1.0,,
2026-03-14 05:50:07.644000+00:00,4.0,36.070846,136.59528,99.99,1.0,,
2026-03-14 05:50:07.842000+00:00,4.0,36.070846,136.59528,99.99,1.0,,
2026-03-14 05:50:08+00:00,,,,,,7.0,2.0
2026-03-14 05:50:08.045000+00:00,4.0,36.070846,136.59528,99.99,1.0,,
2026-03-14 05:50:08.243000+00:00,4.0,36.070846,136.59528,99.99,1.0,,
2026-03-14 05:50:08.442000+00:00,4.0,36.070846,136.59528,99.99,1.0,,
2026-03-14 05:50:08.642000+00:00,4.0,36.070846,136.59528,99.99,1.0,,
2026-03-14 05:50:08.842000+00:00,4.0,36.070846,136.59528,99.99,1.0,,
2026-03-14 05:50:09+00:00,,,,,,10.0,
2026-03-14 05:50:09.048000+00:00,4.0,36.070846,136.59528,99.99,1.0,,
2026-03-14 05:50:09.240000+00:00,4.0,36.070846,136.59528,99.99,1.0,,
2026-03-14 05:50:09.442000+00:00,4.0,36.070846,136.59528,99.99,1.0,,
2026-03-14 05:50:09.643000+00:00,4.0,36.070846,136.59528,99.99,1.0,,
2026-03-14 05:50:09.841000+00:00,4.0,36.070846,136.59528,99.99,1.0,,
2026-03-14 05:50:10+00:00,,,,,,8.0,2.0
2026-03-14 05:50:10.047000+00:00,4.0,36.070846,136.59528,99.99,1.0,,
2026-03-14 05:50:10.242000+00:00,4.0,36.070846,136.59528,99.99,1.0,,
2026-03-14 05:50:10.441000+00:00,4.0,36.070846,136.59528,99.99,1.0,,
2026-03-14 05:50:10.641000+00:00,4.0,36.070846,136.59528,99.99,1.0,,
2026-03-14 05:50:10.842000+00:00,4.0,36.070846,136.59528,99.99,1.0,,
2026-03-14 05:50:11+00:00,,,,,,8.0,
2026-03-14 05:50:11.047000+00:00,4.0,36.070846,136.59528,99.99,1.0,,
2026-03-14 05:50:11.242000+00:00,4.0,36.070846,136.59528,99.99,1.0,,
2026-03-14 05:50:11.442000+00:00,4.0,36.070846,136.59528,99.99,1.0,,
2026-03-14 05:50:11.642000+00:00,4.0,36.070846,136.59528,99.99,1.0,,
2026-03-14 05:50:11.841000+00:00,4.0,36.070846,136.59528,99.99,1.0,,
2026-03-14 05:50:12+00:00,,,,,,7.0,2.0
2026-03-14 05:50:12.047000+00:00,5.0,36.070846,136.59528,99.99,1.0,,
2026-03-14 05:50:12.242000+00:00,5.0,36.070846,136.59528,99.99,1.0,,
2026-03-14 05:50:12.438000+00:00,5.0,36.070846,136.59528,99.99,1.0,,
2026-03-14 05:50:12.643000+00:00,5.0,36.070846,136.59528,99.99,1.0,,
2026-03-14 05:50:12.840000+00:00,5.0,36.070846,136.59528,99.99,1.0,,
2026-03-14 05:50:13+00:00,,,,,,6.0,
2026-03-14 05:50:13.047000+00:00,5.0,36.070846,136.59528,99.99,1.0,,
2026-03-14 05:50:13.241000+00:00,5.0,36.070846,136.59528,99.99,1.0,,
2026-03-14 05:50:13.441000+00:00,5.0,36.070846,136.59528,99.99,1.0,,
2026-03-14 05:50:13.641000+00:00,4.0,36.070846,136.59528,99.99,1.0,,
2026-03-14 05:50:13.841000+00:00,4.0,36.070846,136.59528,99.99,1.0,,
2026-03-14 05:50:14+00:00,,,,,,6.0,
2026-03-14 05:50:14.047000+00:00,4.0,36.070846,136.59528,99.99,1.0,,
2026-03-14 05:50:14.643000+00:00,4.0,36.070846,136.59528,99.99,1.0,,
2026-03-14 05:50:14.841000+00:00,4.0,36.070846,136.59528,99.99,1.0,,
2026-03-14 05:50:15+00:00,,,,,,5.0,
2026-03-14 05:50:15.047000+00:00,4.0,36.070846,136.59528,99.99,1.0,,
2026-03-14 05:50:15.240000+00:00,4.0,36.070846,136.59528,99.99,1.0,,
2026-03-14 05:50:15.441000+00:00,4.0,36.070846,136.59528,99.99,1.0,,
2026-03-14 05:50:15.640000+00:00,4.0,36.070846,136.59528,99.99,1.0,,
2026-03-14 05:50:15.839000+00:00,4.0,36.070846,136.59528,99.99,1.0,,
2026-03-14 05:50:16+00:00,,,,,,4.0,
2026-03-14 05:50:16.043000+00:00,4.0,36.070846,136.59528,99.99,1.0,,
2026-03-14 05:50:16.239000+00:00,4.0,36.070846,136.59528,99.99,1.0,,
2026-03-14 05:50:16.439000+00:00,4.0,36.070846,136.59528,99.99,1.0,,
2026-03-14 05:50:16.642000+00:00,4.0,36.070846,136.59528,99.99,1.0,,
2026-03-14 05:50:16.840000+00:00,4.0,36.070846,136.59528,99.99,1.0,,
2026-03-14 05:50:17+00:00,,,,,,5.0,
2026-03-14 05:50:17.045000+00:00,4.0,36.070846,136.59528,99.99,1.0,,
2026-03-14 05:50:17.241000+00:00,4.0,36.070846,136.59528,99.99,1.0,,
2026-03-14 05:50:17.440000+00:00,4.0,36.070846,136.59528,99.99,1.0,,
2026-03-14 05:50:17.639000+00:00,4.0,36.070846,136.59528,99.99,1.0,,
2026-03-14 05:50:17.838000+00:00,4.0,36.070846,136.59528,99.99,1.0,,
2026-03-14 05:50:18+00:00,,,,,,6.0,
2026-03-14 05:50:18.045000+00:00,4.0,36.070846,136.59528,99.99,1.0,,
2026-03-14 05:50:18.239000+00:00,4.0,36.070846,136.59528,99.99,1.0,,
2026-03-14 05:50:18.440000+00:00,4.0,36.070846,136.59528,99.99,1.0,,
2026-03-14 05:50:18.640000+00:00,4.0,36.070846,136.59528,99.99,1.0,,
2026-03-14 05:50:18.839000+00:00,4.0,36.070846,136.59528,99.99,1.0,,
2026-03-14 05:50:19+00:00,,,,,,6.0,
2026-03-14 05:50:19.046000+00:00,4.0,36.070846,136.59528,99.99,1.0,,
2026-03-14 05:50:19.240000+00:00,4.0,36.070846,136.59528,99.99,1.0,,
2026-03-14 05:50:19.440000+00:00,4.0,36.070846,136.59528,99.99,1.0,,
2026-03-14 05:50:19.642000+00:00,4.0,36.070846,136.59528,99.99,1.0,,
2026-03-14 05:50:19.840000+00:00,4.0,36.070846,136.59528,99.99,1.0,,
2026-03-14 05:50:20+00:00,,,,,,7.0,
2026-03-14 05:50:20.046000+00:00,4.0,36.070846,136.59528,99.99,1.0,,
2026-03-14 05:50:20.248000+00:00,4.0,36.070846,136.59528,99.99,1.0,,
2026-03-14 05:50:20.439000+00:00,4.0,36.070846,136.59528,99.99,1.0,,
2026-03-14 05:50:20.641000+00:00,4.0,36.070846,136.59528,99.99,1.0,,
2026-03-14 05:50:20.840000+00:00,4.0,36.070846,136.59528,99.99,1.0,,
2026-03-14 05:50:21+00:00,,,,,,7.0,
2026-03-14 05:50:21.053000+00:00,4.0,36.070846,136.59528,99.99,1.0,,
2026-03-14 05:50:21.240000+00:00,4.0,36.070846,136.59528,99.99,1.0,,
2026-03-14 05:50:21.441000+00:00,4.0,36.070846,136.59528,99.99,1.0,,
2026-03-14 05:50:21.642000+00:00,4.0,36.070846,136.59528,99.99,1.0,,
2026-03-14 05:50:22+00:00,,,,,,7.0,
2026-03-14 05:50:23+00:00,,,,,,8.0,
2026-03-14 05:50:24+00:00,,,,,,8.0,
2026-03-14 05:50:24.048000+00:00,3.0,36.070846,136.59528,99.99,1.0,,
2026-03-14 05:50:24.240000+00:00,3.0,36.070846,136.59528,99.99,1.0,,
2026-03-14 05:50:25+00:00,,,,,,8.0,
2026-03-14 05:50:25.839000+00:00,4.0,36.070846,136.59528,99.99,1.0,,
2026-03-14 05:50:26+00:00,,,,,,8.0,
2026-03-14 05:50:26.045000+00:00,4.0,36.070846,136.59528,99.99,1.0,,
2026-03-14 05:50:26.243000+00:00,4.0,36.070846,136.59528,99.99,1.0,,
2026-03-14 05:50:26.440000+00:00,4.0,36.070846,136.59528,99.99,1.0,,
2026-03-14 05:50:26.641000+00:00,4.0,36.070846,136.59528,99.99,1.0,,
2026-03-14 05:50:26.841000+00:00,4.0,36.070846,136.59528,99.99,1.0,,
2026-03-14 05:50:27+00:00,,,,,,8.0,
2026-03-14 05:50:27.046000+00:00,4.0,36.070846,136.59528,99.99,1.0,,
2026-03-14 05:50:27.241000+00:00,4.0,36.070846,136.59528,99.99,1.0,,
2026-03-14 05:50:27.443000+00:00,4.0,36.070846,136.59528,99.99,1.0,,
2026-03-14 05:50:27.641000+00:00,4.0,36.070846,136.59528,99.99,1.0,,
2026-03-14 05:50:28+00:00,,,,,,8.0,
2026-03-14 05:50:29+00:00,,,,,,5.0,
2026-03-14 05:50:29.641000+00:00,3.0,36.070846,136.59528,99.99,1.0,,
2026-03-14 05:50:29.841000+00:00,3.0,36.070846,136.59528,99.99,1.0,,
2026-03-14 05:50:30+00:00,,,,,,6.0,1.0
2026-03-14 05:50:30.045000+00:00,3.0,36.070846,136.59528,99.99,1.0,,
2026-03-14 05:50:30.237000+00:00,3.0,36.070846,136.59528,99.99,1.0,,
2026-03-14 05:50:30.440000+00:00,3.0,36.070846,136.59528,99.99,1.0,,
2026-03-14 05:50:30.640000+00:00,3.0,36.070846,136.59528,99.99,1.0,,
2026-03-14 05:50:30.841000+00:00,3.0,36.070846,136.59528,99.99,1.0,,
2026-03-14 05:50:31+00:00,,,,,,8.0,
2026-03-14 05:50:31.045000+00:00,3.0,36.070846,136.59528,99.99,1.0,,
2026-03-14 05:50:31.239000+00:00,3.0,36.070846,136.59528,99.99,1.0,,
2026-03-14 05:50:31.445000+00:00,3.0,36.070846,136.59528,99.99,1.0,,
2026-03-14 05:50:31.640000+00:00,3.0,36.070846,136.59528,99.99,1.0,,
2026-03-14 05:50:31.838000+00:00,3.0,36.070846,136.59528,99.99,1.0,,
2026-03-14 05:50:32+00:00,,,,,,8.0,1.0
2026-03-14 05:50:32.043000+00:00,3.0,36.070846,136.59528,99.99,1.0,,
2026-03-14 05:50:32.240000+00:00,3.0,36.070846,136.59528,99.99,1.0,,
2026-03-14 05:50:32.440000+00:00,3.0,36.070846,136.59528,99.99,1.0,,
2026-03-14 05:50:32.642000+00:00,3.0,36.070846,136.59528,99.99,1.0,,
2026-03-14 05:50:32.840000+00:00,3.0,36.070846,136.59528,99.99,1.0,,
2026-03-14 05:50:33+00:00,,,,,,5.0,
2026-03-14 05:50:33.046000+00:00,3.0,36.070846,136.59528,99.99,1.0,,
2026-03-14 05:50:33.240000+00:00,3.0,36.070846,136.59528,99.99,1.0,,
2026-03-14 05:50:33.440000+00:00,3.0,36.070846,136.59528,99.99,1.0,,
2026-03-14 05:50:34+00:00,,,,,,2.0,
2026-03-14 05:50:35+00:00,,,,,,4.0,
2026-03-14 05:50:35.644000+00:00,3.0,36.070846,136.59528,99.99,1.0,,
2026-03-14 05:50:35.839000+00:00,3.0,36.070846,136.59528,99.99,1.0,,
2026-03-14 05:50:36+00:00,,,,,,4.0,
2026-03-14 05:50:36.045000+00:00,3.0,36.070846,136.59528,99.99,1.0,,
2026-03-14 05:50:36.237000+00:00,3.0,36.070846,136.59528,99.99,1.0,,
2026-03-14 05:50:37+00:00,,,,,,5.0,
2026-03-14 05:50:38+00:00,,,,,,5.0,
2026-03-14 05:50:39+00:00,,,,,,6.0,
2026-03-14 05:50:40+00:00,,,,,,5.0,
2026-03-14 05:50:41+00:00,,,,,,7.0,
2026-03-14 05:50:42+00:00,,,,,,8.0,
2026-03-14 05:50:43+00:00,,,,,,7.0,
2026-03-14 05:50:44+00:00,,,,,,7.0,
2026-03-14 05:50:45+00:00,,,,,,9.0,
2026-03-14 05:50:45.249000+00:00,4.0,36.070846,136.59528,99.99,1.0,,
2026-03-14 05:50:45.441000+00:00,4.0,36.070846,136.59528,99.99,1.0,,
2026-03-14 05:50:45.644000+00:00,4.0,36.070846,136.59528,99.99,1.0,,
2026-03-14 05:50:45.841000+00:00,4.0,36.070846,136.59528,99.99,1.0,,
2026-03-14 05:50:46+00:00,,,,,,10.0,
2026-03-14 05:50:46.051000+00:00,4.0,36.070846,136.59528,99.99,1.0,,
2026-03-14 05:50:46.241000+00:00,4.0,36.070846,136.59528,99.99,1.0,,
2026-03-14 05:50:46.441000+00:00,4.0,36.070846,136.59528,99.99,1.0,,
2026-03-14 05:50:47+00:00,,,,,,9.0,
2026-03-14 05:50:48+00:00,,,,,,9.0,
2026-03-14 05:50:49+00:00,,,,,,7.0,
2026-03-14 05:50:49.449000+00:00,4.0,36.070846,136.59528,99.99,1.0,,
2026-03-14 05:50:49.645000+00:00,4.0,36.070846,136.59528,99.99,1.0,,
2026-03-14 05:50:49.841000+00:00,4.0,36.070846,136.59528,99.99,1.0,,
2026-03-14 05:50:50+00:00,,,,,,9.0,
2026-03-14 05:50:50.052000+00:00,4.0,36.070846,136.59528,99.99,1.0,,
2026-03-14 05:50:50.244000+00:00,4.0,36.070846,136.59528,99.99,1.0,,
2026-03-14 05:50:50.441000+00:00,4.0,36.070846,136.59528,99.99,1.0,,
2026-03-14 05:50:50.643000+00:00,4.0,36.070846,136.59528,99.99,1.0,,
2026-03-14 05:50:51+00:00,,,,,,9.0,
2026-03-14 05:50:52+00:00,,,,,,9.0,1.0
2026-03-14 05:50:53+00:00,,,,,,10.0,
2026-03-14 05:50:54+00:00,,,,,,10.0,1.0
2026-03-14 05:50:54.846000+00:00,5.0,36.070846,136.59528,99.99,1.0,,
2026-03-14 05:50:55+00:00,,,,,,11.0,
2026-03-14 05:50:55.054000+00:00,5.0,36.070846,136.59528,99.99,1.0,,
2026-03-14 05:50:55.247000+00:00,5.0,36.070846,136.59528,99.99,1.0,,
2026-03-14 05:50:55.447000+00:00,5.0,36.070846,136.59528,99.99,1.0,,
2026-03-14 05:50:55.649000+00:00,5.0,36.070846,136.59528,99.99,1.0,,
2026-03-14 05:50:55.852000+00:00,5.0,36.070846,136.59528,99.99,1.0,,
2026-03-14 05:50:56+00:00,,,,,,11.0,1.0
2026-03-14 05:50:56.051000+00:00,5.0,36.070846,136.59528,99.99,1.0,,
2026-03-14 05:50:56.250000+00:00,5.0,36.070846,136.59528,99.99,1.0,,
2026-03-14 05:50:56.449000+00:00,5.0,36.070846,136.59528,99.99,1.0,,
2026-03-14 05:50:56.648000+00:00,4.0,36.070846,136.59528,99.99,1.0,,
2026-03-14 05:50:56.849000+00:00,4.0,36.070846,136.59528,99.99,1.0,,
2026-03-14 05:50:57+00:00,,,,,,12.0,
2026-03-14 05:50:57.056000+00:00,4.0,36.070846,136.59528,99.99,1.0,,
2026-03-14 05:50:57.249000+00:00,4.0,36.070846,136.59528,99.99,1.0,,
2026-03-14 05:50:57.451000+00:00,4.0,36.070846,136.59528,99.99,1.0,,
2026-03-14 05:50:57.656000+00:00,4.0,36.070846,136.59528,99.99,1.0,,
2026-03-14 05:50:57.846000+00:00,4.0,36.070846,136.59528,99.99,1.0,,
2026-03-14 05:50:58+00:00,,,,,,13.0,2.0
2026-03-14 05:50:58.057000+00:00,4.0,36.070846,136.59528,99.99,1.0,,
2026-03-14 05:50:58.250000+00:00,4.0,36.070846,136.59528,99.99,1.0,,
2026-03-14 05:50:58.449000+00:00,4.0,36.070846,136.59528,99.99,1.0,,
2026-03-14 05:50:58.649000+00:00,4.0,36.070846,136.59528,99.99,1.0,,
2026-03-14 05:50:58.849000+00:00,4.0,36.070846,136.59528,99.99,1.0,,
2026-03-14 05:50:59+00:00,,,,,,15.0,1.0
2026-03-14 05:50:59.054000+00:00,4.0,36.070846,136.59528,99.99,1.0,,
2026-03-14 05:50:59.250000+00:00,5.0,36.070846,136.59528,99.99,1.0,,
2026-03-14 05:50:59.452000+00:00,5.0,36.070846,136.59528,99.99,1.0,,
2026-03-14 05:50:59.645000+00:00,5.0,36.070846,136.59528,99.99,1.0,,
2026-03-14 05:50:59.850000+00:00,5.0,36.070846,136.59528,99.99,1.0,,
2026-03-14 05:51:00+00:00,,,,,,16.0,1.0
2026-03-14 05:51:00.054000+00:00,5.0,36.070846,136.59528,99.99,1.0,,
2026-03-14 05:51:00.248000+00:00,5.0,36.070846,136.59528,99.99,1.0,,
2026-03-14 05:51:00.449000+00:00,5.0,36.070846,136.59528,99.99,1.0,,
2026-03-14 05:51:00.648000+00:00,5.0,36.070846,136.59528,99.99,1.0,,
2026-03-14 05:51:00.851000+00:00,5.0,36.070846,136.59528,99.99,1.0,,
2026-03-14 05:51:01+00:00,,,,,,16.0,1.0
2026-03-14 05:51:01.056000+00:00,5.0,36.070846,136.59528,99.99,1.0,,
2026-03-14 05:51:01.251000+00:00,5.0,36.070846,136.59528,99.99,1.0,,
2026-03-14 05:51:01.450000+00:00,5.0,36.070846,136.59528,99.99,1.0,,
2026-03-14 05:51:01.650000+00:00,5.0,36.070846,136.59528,99.99,1.0,,
2026-03-14 05:51:01.851000+00:00,5.0,36.070846,136.59528,99.99,1.0,,
2026-03-14 05:51:02+00:00,,,,,,16.0,2.0
2026-03-14 05:51:02.055000+00:00,5.0,36.070846,136.59528,99.99,1.0,,
2026-03-14 05:51:02.249000+00:00,5.0,36.070846,136.59528,99.99,1.0,,
2026-03-14 05:51:02.450000+00:00,5.0,36.070846,136.59528,99.99,1.0,,
2026-03-14 05:51:02.651000+00:00,5.0,36.070846,136.59528,99.99,1.0,,
2026-03-14 05:51:02.853000+00:00,5.0,36.070846,136.59528,99.99,1.0,,
2026-03-14 05:51:03+00:00,,,,,,19.0,1.0
2026-03-14 05:51:03.062000+00:00,5.0,36.070846,136.59528,99.99,1.0,,
2026-03-14 05:51:03.254000+00:00,5.0,36.070846,136.59528,99.99,1.0,,
2026-03-14 05:51:03.461000+00:00,5.0,36.070846,136.59528,99.99,1.0,,
2026-03-14 05:51:03.657000+00:00,5.0,36.070846,136.59528,99.99,1.0,,
2026-03-14 05:51:03.855000+00:00,5.0,36.070846,136.59528,99.99,1.0,,
2026-03-14 05:51:04+00:00,,,,,,19.0,2.0
2026-03-14 05:51:04.058000+00:00,5.0,36.070846,136.59528,99.99,1.0,,
2026-03-14 05:51:04.254000+00:00,5.0,36.070846,136.59528,99.99,1.0,,
2026-03-14 05:51:04.453000+00:00,5.0,36.070846,136.59528,99.99,1.0,,
2026-03-14 05:51:04.656000+00:00,5.0,36.070846,136.59528,99.99,1.0,,
2026-03-14 05:51:04.854000+00:00,5.0,36.070846,136.59528,99.99,1.0,,
2026-03-14 05:51:05+00:00,,,,,,19.0,1.0
2026-03-14 05:51:05.061000+00:00,5.0,36.070846,136.59528,99.99,1.0,,
2026-03-14 05:51:05.255000+00:00,5.0,36.070846,136.59528,99.99,1.0,,
2026-03-14 05:51:05.458000+00:00,5.0,36.070846,136.59528,99.99,1.0,,
2026-03-14 05:51:05.655000+00:00,5.0,36.070846,136.59528,99.99,1.0,,
2026-03-14 05:51:05.851000+00:00,5.0,36.070846,136.59528,99.99,1.0,,
2026-03-14 05:51:06+00:00,,,,,,20.0,2.0
2026-03-14 05:51:06.061000+00:00,5.0,36.070846,136.59528,99.99,1.0,,
2026-03-14 05:51:06.255000+00:00,5.0,36.070846,136.59528,99.99,1.0,,
2026-03-14 05:51:06.456000+00:00,5.0,36.070846,136.59528,99.99,1.0,,
2026-03-14 05:51:06.656000+00:00,5.0,36.070846,136.59528,99.99,1.0,,
2026-03-14 05:51:06.855000+00:00,5.0,36.070846,136.59528,99.99,1.0,,
2026-03-14 05:51:07+00:00,,,,,,20.0,1.0
2026-03-14 05:51:07.062000+00:00,5.0,36.070846,136.59528,99.99,1.0,,
2026-03-14 05:51:07.255000+00:00,5.0,36.070846,136.59528,99.99,1.0,,
2026-03-14 05:51:07.458000+00:00,5.0,36.070846,136.59528,99.99,1.0,,
2026-03-14 05:51:07.651000+00:00,5.0,36.070846,136.59528,99.99,1.0,,
2026-03-14 05:51:07.856000+00:00,5.0,36.070846,136.59528,99.99,1.0,,
2026-03-14 05:51:08+00:00,,,,,,19.0,2.0
2026-03-14 05:51:08.058000+00:00,5.0,36.070846,136.59528,99.99,1.0,,
2026-03-14 05:51:08.452000+00:00,6.0,36.070846,136.59528,99.99,1.0,,
2026-03-14 05:51:09+00:00,,,,,,22.0,1.0
2026-03-14 05:51:10+00:00,,,,,,21.0,2.0
2026-03-14 05:51:11+00:00,,,,,,21.0,1.0
2026-03-14 05:51:12+00:00,,,,,,22.0,2.0
2026-03-14 05:51:13+00:00,,,,,,22.0,2.0
2026-03-14 05:51:14+00:00,,,,,,22.0,4.0
2026-03-14 05:51:15+00:00,,,,,,24.0,1.0
2026-03-14 05:51:16+00:00,,,,,,25.0,3.0
2026-03-14 05:51:17+00:00,,,,,,25.0,1.0
2026-03-14 05:51:18+00:00,,,,,,25.0,3.0
2026-03-14 05:51:19+00:00,,,,,,25.0,1.0
2026-03-14 05:51:20+00:00,,,,,,25.0,3.0
2026-03-14 05:51:21+00:00,,,,,,27.0,2.0
2026-03-14 05:51:22+00:00,,,,,,27.0,4.0
2026-03-14 05:51:23+00:00,,,,,,27.0,1.0
2026-03-14 05:51:24+00:00,,,,,,27.0,4.0
2026-03-14 05:51:25+00:00,,,,,,27.0,1.0
2026-03-14 05:51:26+00:00,,,,,,28.0,3.0
2026-03-14 05:51:27+00:00,,,,,,33.0,3.0
2026-03-14 05:51:28+00:00,,,,,,33.0,3.0
2026-03-14 05:51:29+00:00,,,,,,33.0,1.0
2026-03-14 05:51:30+00:00,,,,,,34.0,3.0
2026-03-14 05:51:31+00:00,,,,,,34.0,1.0
2026-03-14 05:51:32+00:00,,,,,,33.0,3.0
2026-03-14 05:51:33+00:00,,,,,,33.0,1.0
2026-03-14 05:51:34+00:00,,,,,,34.0,3.0
2026-03-14 05:51:35+00:00,,,,,,34.0,1.0
2026-03-14 05:51:36+00:00,,,,,,34.0,3.0
2026-03-14 05:51:37+00:00,,,,,,33.0,1.0
2026-03-14 05:51:38+00:00,,,,,,33.0,3.0
2026-03-14 05:51:39+00:00,,,,,,33.0,1.0
2026-03-14 05:51:40+00:00,,,,,,34.0,3.0
2026-03-14 05:51:41+00:00,,,,,,34.0,1.0
2026-03-14 05:51:42+00:00,,,,,,34.0,2.0
2026-03-14 05:51:43+00:00,,,,,,34.0,1.0
2026-03-14 05:51:44+00:00,,,,,,34.0,4.0
2026-03-14 05:51:45+00:00,,,,,,33.0,1.0
2026-03-14 05:51:46+00:00,,,,,,34.0,4.0
2026-03-14 05:51:47+00:00,,,,,,35.0,1.0
2026-03-14 05:51:48+00:00,,,,,,35.0,4.0
2026-03-14 05:51:49+00:00,,,,,,34.0,1.0
2026-03-14 05:51:50+00:00,,,,,,35.0,4.0
2026-03-14 05:51:51+00:00,,,,,,35.0,1.0
2026-03-14 05:51:52+00:00,,,,,,36.0,4.0
2026-03-14 05:51:53+00:00,,,,,,35.0,1.0
2026-03-14 05:51:54+00:00,,,,,,35.0,3.0
2026-03-14 05:51:55+00:00,,,,,,35.0,1.0
2026-03-14 05:51:56+00:00,,,,,,36.0,4.0
2026-03-14 05:51:57+00:00,,,,,,36.0,1.0
2026-03-14 05:51:58+00:00,,,,,,37.0,4.0
2026-03-14 05:51:59+00:00,,,,,,37.0,1.0
2026-03-14 05:52:00+00:00,,,,,,38.0,4.0
2026-03-14 05:52:01+00:00,,,,,,38.0,1.0
2026-03-14 05:52:02+00:00,,,,,,38.0,5.0
2026-03-14 05:52:03+00:00,,,,,,38.0,1.0
2026-03-14 05:52:04+00:00,,,,,,38.0,4.0
2026-03-14 05:52:05+00:00,,,,,,38.0,1.0
2026-03-14 05:52:06+00:00,,,,,,38.0,5.0
2026-03-14 05:52:07+00:00,,,,,,38.0,1.0
2026-03-14 05:52:08+00:00,,,,,,37.0,6.0
2026-03-14 05:52:09+00:00,,,,,,37.0,1.0
2026-03-14 05:52:10+00:00,,,,,,37.0,4.0
2026-03-14 05:52:11+00:00,,,,,,38.0,1.0
2026-03-14 05:52:12+00:00,,,,,,38.0,6.0
2026-03-14 05:52:13+00:00,,,,,,37.0,1.0
2026-03-14 05:52:14+00:00,,,,,,37.0,4.0
2026-03-14 05:52:15+00:00,,,,,,38.0,1.0
2026-03-14 05:52:16+00:00,,,,,,37.0,4.0
2026-03-14 05:52:17+00:00,,,,,,37.0,1.0
2026-03-14 05:52:18+00:00,,,,,,37.0,5.0
2026-03-14 05:52:19+00:00,,,,,,37.0,1.0
2026-03-14 05:52:20+00:00,,,,,,37.0,5.0
2026-03-14 05:52:21+00:00,,,,,,37.0,1.0
2026-03-14 05:52:22+00:00,,,,,,36.0,5.0
2026-03-14 05:52:23+00:00,,,,,,36.0,1.0
2026-03-14 05:52:24+00:00,,,,,,36.0,4.0
2026-03-14 05:52:25+00:00,,,,,,37.0,1.0
2026-03-14 05:52:26+00:00,,,,,,37.0,6.0
2026-03-14 05:52:27+00:00,,,,,,37.0,1.0
2026-03-14 05:52:28+00:00,,,,,,37.0,6.0
2026-03-14 05:52:29+00:00,,,,,,37.0,1.0
2026-03-14 05:52:30+00:00,,,,,,37.0,3.0
2026-03-14 05:52:31+00:00,,,,,,36.0,1.0
2026-03-14 05:52:32+00:00,,,,,,36.0,5.0
2026-03-14 05:52:33+00:00,,,,,,36.0,1.0
2026-03-14 05:52:34+00:00,,,,,,36.0,5.0
2026-03-14 05:52:35+00:00,,,,,,36.0,1.0
2026-03-14 05:52:36+00:00,,,,,,36.0,3.0
2026-03-14 05:52:37+00:00,,,,,,36.0,1.0
2026-03-14 05:52:38+00:00,,,,,,36.0,5.0
2026-03-14 05:52:39+00:00,,,,,,36.0,1.0
2026-03-14 05:52:40+00:00,,,,,,36.0,4.0
2026-03-14 05:52:41+00:00,,,,,,36.0,1.0
2026-03-14 05:52:42+00:00,,,,,,36.0,3.0
2026-03-14 05:52:43+00:00,,,,,,36.0,1.0
2026-03-14 05:52:44+00:00,,,,,,36.0,5.0
2026-03-14 05:52:45+00:00,,,,,,36.0,1.0
2026-03-14 05:52:46+00:00,,,,,,36.0,5.0
2026-03-14 05:52:47+00:00,,,,,,36.0,1.0
2026-03-14 05:52:48+00:00,,,,,,36.0,5.0
2026-03-14 05:52:49+00:00,,,,,,36.0,1.0
2026-03-14 05:52:50+00:00,,,,,,36.0,5.0
2026-03-14 05:52:51+00:00,,,,,,36.0,1.0
2026-03-14 05:52:52+00:00,,,,,,36.0,4.0
2026-03-14 05:52:53+00:00,,,,,,36.0,1.0
2026-03-14 05:52:54+00:00,,,,,,36.0,4.0
2026-03-14 05:52:55+00:00,,,,,,36.0,1.0
2026-03-14 05:52:56+00:00,,,,,,36.0,4.0
2026-03-14 05:52:57+00:00,,,,,,36.0,1.0
2026-03-14 05:52:58+00:00,,,,,,36.0,3.0
2026-03-14 05:52:59+00:00,,,,,,36.0,1.0
2026-03-14 05:53:00+00:00,,,,,,36.0,5.0
2026-03-14 05:53:01+00:00,,,,,,36.0,1.0
2026-03-14 05:53:02+00:00,,,,,,36.0,6.0
2026-03-14 05:53:03+00:00,,,,,,36.0,1.0
2026-03-14 05:53:04+00:00,,,,,,36.0,3.0
2026-03-14 05:53:05+00:00,,,,,,36.0,1.0
2026-03-14 05:53:06+00:00,,,,,,36.0,4.0
2026-03-14 05:53:07+00:00,,,,,,36.0,1.0
2026-03-14 05:53:08+00:00,,,,,,36.0,5.0
2026-03-14 05:53:09+00:00,,,,,,36.0,1.0
2026-03-14 05:53:10+00:00,,,,,,36.0,5.0
2026-03-14 05:53:11+00:00,,,,,,36.0,1.0
2026-03-14 05:53:12+00:00,,,,,,36.0,4.0
2026-03-14 05:53:13+00:00,,,,,,36.0,1.0
2026-03-14 05:53:14+00:00,,,,,,36.0,5.0
2026-03-14 05:53:15+00:00,,,,,,36.0,1.0
2026-03-14 05:53:16+00:00,,,,,,36.0,5.0
2026-03-14 05:53:17+00:00,,,,,,36.0,1.0
2026-03-14 05:53:18+00:00,,,,,,36.0,5.0
2026-03-14 05:53:19+00:00,,,,,,36.0,1.0
2026-03-14 05:53:20+00:00,,,,,,36.0,4.0
2026-03-14 05:53:21+00:00,,,,,,36.0,1.0
2026-03-14 05:53:22+00:00,,,,,,35.0,4.0
2026-03-14 05:53:23+00:00,,,,,,35.0,1.0
2026-03-14 05:53:24+00:00,,,,,,36.0,4.0
2026-03-14 05:53:25+00:00,,,,,,36.0,1.0
2026-03-14 05:53:26+00:00,,,,,,36.0,5.0
2026-03-14 05:53:27+00:00,,,,,,36.0,1.0
2026-03-14 05:53:28+00:00,,,,,,36.0,4.0
2026-03-14 05:53:29+00:00,,,,,,36.0,1.0
2026-03-14 05:53:30+00:00,,,,,,36.0,4.0
2026-03-14 05:53:31+00:00,,,,,,36.0,1.0
2026-03-14 05:53:32+00:00,,,,,,36.0,6.0
2026-03-14 05:53:33+00:00,,,,,,36.0,1.0
2026-03-14 05:53:34+00:00,,,,,,36.0,3.0
2026-03-14 05:53:35+00:00,,,,,,36.0,1.0
2026-03-14 05:53:36+00:00,,,,,,36.0,3.0
2026-03-14 05:53:37+00:00,,,,,,36.0,1.0
2026-03-14 05:53:38+00:00,,,,,,36.0,6.0
2026-03-14 05:53:39+00:00,,,,,,36.0,1.0
2026-03-14 05:53:40+00:00,,,,,,36.0,5.0
2026-03-14 05:53:41+00:00,,,,,,36.0,1.0
2026-03-14 05:53:42+00:00,,,,,,36.0,4.0
2026-03-14 05:53:43+00:00,,,,,,36.0,1.0
2026-03-14 05:53:44+00:00,,,,,,36.0,6.0
2026-03-14 05:53:45+00:00,,,,,,36.0,1.0
2026-03-14 05:53:46+00:00,,,,,,36.0,4.0
2026-03-14 05:53:47+00:00,,,,,,36.0,1.0
2026-03-14 05:53:48+00:00,,,,,,35.0,4.0
2026-03-14 05:53:49+00:00,,,,,,35.0,1.0
2026-03-14 05:53:50+00:00,,,,,,35.0,6.0
2026-03-14 05:53:51+00:00,,,,,,35.0,1.0
2026-03-14 05:53:52+00:00,,,,,,35.0,5.0
2026-03-14 05:53:53+00:00,,,,,,35.0,1.0
2026-03-14 05:53:54+00:00,,,,,,35.0,4.0
2026-03-14 05:53:55+00:00,,,,,,35.0,1.0
2026-03-14 05:53:56+00:00,,,,,,35.0,5.0
2026-03-14 05:53:57+00:00,,,,,,36.0,1.0
2026-03-14 05:53:58+00:00,,,,,,36.0,4.0
2026-03-14 05:53:59+00:00,,,,,,36.0,1.0
2026-03-14 05:54:00+00:00,,,,,,36.0,4.0
2026-03-14 05:54:01+00:00,,,,,,36.0,1.0
2026-03-14 05:54:02+00:00,,,,,,36.0,4.0
2026-03-14 05:54:03+00:00,,,,,,36.0,1.0
2026-03-14 05:54:04+00:00,,,,,,36.0,5.0
2026-03-14 05:54:05+00:00,,,,,,36.0,1.0
2026-03-14 05:54:06+00:00,,,,,,36.0,4.0
2026-03-14 05:54:07+00:00,,,,,,36.0,1.0
2026-03-14 05:54:08+00:00,,,,,,36.0,5.0
2026-03-14 05:54:09+00:00,,,,,,36.0,1.0
2026-03-14 05:54:10+00:00,,,,,,36.0,4.0
2026-03-14 05:54:11+00:00,,,,,,36.0,1.0
2026-03-14 05:54:12+00:00,,,,,,36.0,4.0
2026-03-14 05:54:13+00:00,,,,,,36.0,1.0
2026-03-14 05:54:14+00:00,,,,,,36.0,4.0
2026-03-14 05:54:15+00:00,,,,,,36.0,1.0
2026-03-14 05:54:16+00:00,,,,,,36.0,5.0
2026-03-14 05:54:17+00:00,,,,,,36.0,1.0
2026-03-14 05:54:18+00:00,,,,,,36.0,5.0
2026-03-14 05:54:19+00:00,,,,,,35.0,1.0
2026-03-14 05:54:20+00:00,,,,,,35.0,6.0
2026-03-14 05:54:21+00:00,,,,,,35.0,1.0
2026-03-14 05:54:22+00:00,,,,,,35.0,5.0
2026-03-14 05:54:23+00:00,,,,,,35.0,1.0
2026-03-14 05:54:24+00:00,,,,,,35.0,4.0
2026-03-14 05:54:25+00:00,,,,,,35.0,1.0
2026-03-14 05:54:26+00:00,,,,,,35.0,3.0
2026-03-14 05:54:27+00:00,,,,,,35.0,1.0
2026-03-14 05:54:28+00:00,,,,,,35.0,4.0
2026-03-14 05:54:29+00:00,,,,,,35.0,1.0
2026-03-14 05:54:30+00:00,,,,,,35.0,5.0
2026-03-14 05:54:31+00:00,,,,,,35.0,1.0
2026-03-14 05:54:32+00:00,,,,,,35.0,5.0
2026-03-14 05:54:33+00:00,,,,,,36.0,1.0
2026-03-14 05:54:34+00:00,,,,,,36.0,5.0
2026-03-14 05:54:35+00:00,,,,,,36.0,1.0
2026-03-14 05:54:36+00:00,,,,,,36.0,4.0
2026-03-14 05:54:37+00:00,,,,,,36.0,1.0
2026-03-14 05:54:38+00:00,,,,,,36.0,4.0
2026-03-14 05:54:39+00:00,,,,,,36.0,1.0
2026-03-14 05:54:40+00:00,,,,,,36.0,5.0
2026-03-14 05:54:41+00:00,,,,,,36.0,1.0
2026-03-14 05:54:42+00:00,,,,,,36.0,4.0
2026-03-14 05:54:43+00:00,,,,,,36.0,1.0
2026-03-14 05:54:44+00:00,,,,,,36.0,5.0
2026-03-14 05:54:45+00:00,,,,,,35.0,1.0
2026-03-14 05:54:46+00:00,,,,,,36.0,5.0
2026-03-14 05:54:47+00:00,,,,,,36.0,1.0
2026-03-14 05:54:48+00:00,,,,,,36.0,5.0
2026-03-14 05:54:49+00:00,,,,,,36.0,1.0
2026-03-14 05:54:50+00:00,,,,,,35.0,3.0
2026-03-14 05:54:51+00:00,,,,,,34.0,1.0
2026-03-14 05:54:52+00:00,,,,,,35.0,5.0
2026-03-14 05:54:53+00:00,,,,,,35.0,1.0
2026-03-14 05:54:54+00:00,,,,,,35.0,4.0
2026-03-14 05:54:55+00:00,,,,,,35.0,1.0
2026-03-14 05:54:56+00:00,,,,,,35.0,5.0
2026-03-14 05:54:57+00:00,,,,,,35.0,1.0
2026-03-14 05:54:58+00:00,,,,,,34.0,5.0
2026-03-14 05:54:59+00:00,,,,,,34.0,1.0
2026-03-14 05:55:00+00:00,,,,,,34.0,4.0
2026-03-14 05:55:01+00:00,,,,,,34.0,1.0
2026-03-14 05:55:02+00:00,,,,,,34.0,3.0
2026-03-14 05:55:03+00:00,,,,,,34.0,1.0
2026-03-14 05:55:04+00:00,,,,,,34.0,3.0
2026-03-14 05:55:05+00:00,,,,,,34.0,1.0
2026-03-14 05:55:06+00:00,,,,,,34.0,5.0
2026-03-14 05:55:07+00:00,,,,,,34.0,1.0
2026-03-14 05:55:08+00:00,,,,,,34.0,5.0
2026-03-14 05:55:09+00:00,,,,,,34.0,1.0
2026-03-14 05:55:10+00:00,,,,,,34.0,4.0
2026-03-14 05:55:11+00:00,,,,,,34.0,1.0
2026-03-14 05:55:12+00:00,,,,,,34.0,4.0
2026-03-14 05:55:13+00:00,,,,,,32.0,1.0
2026-03-14 05:55:14+00:00,,,,,,33.0,4.0
2026-03-14 05:55:15+00:00,,,,,,33.0,2.0
2026-03-14 05:55:16+00:00,,,,,,33.0,4.0
2026-03-14 05:55:17+00:00,,,,,,33.0,2.0
2026-03-14 05:55:18+00:00,,,,,,33.0,5.0
2026-03-14 05:55:19+00:00,,,,,,33.0,1.0
2026-03-14 05:55:20+00:00,,,,,,33.0,4.0
2026-03-14 05:55:21+00:00,,,,,,33.0,2.0
2026-03-14 05:55:22+00:00,,,,,,33.0,4.0
2026-03-14 05:55:23+00:00,,,,,,34.0,1.0
2026-03-14 05:55:24+00:00,,,,,,34.0,4.0
2026-03-14 05:55:25+00:00,,,,,,34.0,1.0
2026-03-14 05:55:26+00:00,,,,,,34.0,5.0
2026-03-14 05:55:27+00:00,,,,,,34.0,1.0
2026-03-14 05:55:28+00:00,,,,,,34.0,5.0
2026-03-14 05:55:29+00:00,,,,,,34.0,1.0
2026-03-14 05:55:30+00:00,,,,,,34.0,5.0
2026-03-14 05:55:31+00:00,,,,,,34.0,1.0
2026-03-14 05:55:32+00:00,,,,,,34.0,5.0
2026-03-14 05:55:33+00:00,,,,,,34.0,1.0
2026-03-14 05:55:34+00:00,,,,,,34.0,4.0
2026-03-14 05:55:35+00:00,,,,,,35.0,1.0
2026-03-14 05:55:36+00:00,,,,,,35.0,4.0
2026-03-14 05:55:37+00:00,,,,,,35.0,1.0
2026-03-14 05:55:38+00:00,,,,,,35.0,4.0
2026-03-14 05:55:39+00:00,,,,,,35.0,1.0
2026-03-14 05:55:40+00:00,,,,,,35.0,6.0
2026-03-14 05:55:41+00:00,,,,,,34.0,1.0
2026-03-14 05:55:42+00:00,,,,,,34.0,3.0
2026-03-14 05:55:43+00:00,,,,,,34.0,1.0
2026-03-14 05:55:44+00:00,,,,,,34.0,5.0
2026-03-14 05:55:45+00:00,,,,,,34.0,2.0
2026-03-14 05:55:46+00:00,,,,,,34.0,4.0
2026-03-14 05:55:47+00:00,,,,,,34.0,1.0
2026-03-14 05:55:48+00:00,,,,,,34.0,4.0
2026-03-14 05:55:49+00:00,,,,,,34.0,1.0
2026-03-14 05:55:50+00:00,,,,,,34.0,3.0
2026-03-14 05:55:51+00:00,,,,,,34.0,3.0
2026-03-14 05:55:52+00:00,,,,,,34.0,5.0
2026-03-14 05:55:53+00:00,,,,,,34.0,1.0
2026-03-14 05:55:54+00:00,,,,,,33.0,5.0
2026-03-14 05:55:55+00:00,,,,,,33.0,1.0
2026-03-14 05:55:56+00:00,,,,,,33.0,6.0
2026-03-14 05:55:57+00:00,,,,,,33.0,1.0
2026-03-14 05:55:58+00:00,,,,,,33.0,4.0
2026-03-14 05:55:59+00:00,,,,,,33.0,1.0
2026-03-14 05:56:00+00:00,,,,,,33.0,4.0
2026-03-14 05:56:01+00:00,,,,,,32.0,1.0
2026-03-14 05:56:02+00:00,,,,,,33.0,4.0
2026-03-14 05:56:03+00:00,,,,,,33.0,1.0
2026-03-14 05:56:04+00:00,,,,,,33.0,6.0
2026-03-14 05:56:05+00:00,,,,,,33.0,1.0
2026-03-14 05:56:06+00:00,,,,,,33.0,5.0
2026-03-14 05:56:07+00:00,,,,,,33.0,1.0
2026-03-14 05:56:08+00:00,,,,,,33.0,5.0
2026-03-14 05:56:09+00:00,,,,,,33.0,1.0
2026-03-14 05:56:10+00:00,,,,,,33.0,5.0
2026-03-14 05:56:11+00:00,,,,,,33.0,1.0
2026-03-14 05:56:12+00:00,,,,,,33.0,4.0
2026-03-14 05:56:13+00:00,,,,,,33.0,1.0
2026-03-14 05:56:14+00:00,,,,,,33.0,4.0
2026-03-14 05:56:15+00:00,,,,,,33.0,2.0
2026-03-14 05:56:16+00:00,,,,,,33.0,6.0
2026-03-14 05:56:17+00:00,,,,,,33.0,1.0
2026-03-14 05:56:18+00:00,,,,,,33.0,4.0
2026-03-14 05:56:19+00:00,,,,,,33.0,1.0
2026-03-14 05:56:20+00:00,,,,,,33.0,5.0
2026-03-14 05:56:21+00:00,,,,,,33.0,1.0
2026-03-14 05:56:22+00:00,,,,,,33.0,3.0
2026-03-14 05:56:23+00:00,,,,,,33.0,1.0
2026-03-14 05:56:24+00:00,,,,,,32.0,3.0
2026-03-14 05:56:25+00:00,,,,,,33.0,1.0
2026-03-14 05:56:26+00:00,,,,,,33.0,4.0
2026-03-14 05:56:27+00:00,,,,,,33.0,1.0
2026-03-14 05:56:28+00:00,,,,,,33.0,4.0
2026-03-14 05:56:29+00:00,,,,,,33.0,1.0
2026-03-14 05:56:30+00:00,,,,,,33.0,3.0
2026-03-14 05:56:31+00:00,,,,,,33.0,1.0
2026-03-14 05:56:32+00:00,,,,,,33.0,4.0
2026-03-14 05:56:33+00:00,,,,,,33.0,1.0
2026-03-14 05:56:34+00:00,,,,,,33.0,4.0
2026-03-14 05:56:35+00:00,,,,,,34.0,2.0
2026-03-14 05:56:36+00:00,,,,,,34.0,4.0
2026-03-14 05:56:37+00:00,,,,,,34.0,1.0
2026-03-14 05:56:38+00:00,,,,,,34.0,7.0
2026-03-14 05:56:39+00:00,,,,,,35.0,1.0
2026-03-14 05:56:40+00:00,,,,,,35.0,6.0
2026-03-14 05:56:41+00:00,,,,,,35.0,1.0
2026-03-14 05:56:42+00:00,,,,,,35.0,5.0
2026-03-14 05:56:43+00:00,,,,,,35.0,1.0
2026-03-14 05:56:44+00:00,,,,,,35.0,4.0
2026-03-14 05:56:45+00:00,,,,,,35.0,1.0
2026-03-14 05:56:46+00:00,,,,,,35.0,5.0
2026-03-14 05:56:47+00:00,,,,,,35.0,1.0
2026-03-14 05:56:48+00:00,,,,,,35.0,4.0
2026-03-14 05:56:49+00:00,,,,,,36.0,1.0
2026-03-14 05:56:50+00:00,,,,,,36.0,6.0
2026-03-14 05:56:51+00:00,,,,,,36.0,1.0
2026-03-14 05:56:52+00:00,,,,,,36.0,4.0
2026-03-14 05:56:53+00:00,,,,,,36.0,1.0
2026-03-14 05:56:54+00:00,,,,,,36.0,5.0
2026-03-14 05:56:55+00:00,,,,,,36.0,1.0
2026-03-14 05:56:56+00:00,,,,,,36.0,4.0
2026-03-14 05:56:57+00:00,,,,,,36.0,1.0
2026-03-14 05:56:58+00:00,,,,,,35.0,4.0
2026-03-14 05:56:59+00:00,,,,,,35.0,1.0
2026-03-14 05:57:00+00:00,,,,,,35.0,4.0
2026-03-14 05:57:01+00:00,,,,,,35.0,1.0
2026-03-14 05:57:02+00:00,,,,,,35.0,4.0
2026-03-14 05:57:03+00:00,,,,,,35.0,1.0
2026-03-14 05:57:04+00:00,,,,,,35.0,6.0
2026-03-14 05:57:05+00:00,,,,,,35.0,1.0
2026-03-14 05:57:06+00:00,,,,,,34.0,4.0
2026-03-14 05:57:07+00:00,,,,,,35.0,1.0
2026-03-14 05:57:08+00:00,,,,,,35.0,6.0
2026-03-14 05:57:09+00:00,,,,,,34.0,1.0
2026-03-14 05:57:10+00:00,,,,,,34.0,4.0
2026-03-14 05:57:11+00:00,,,,,,34.0,1.0
2026-03-14 05:57:12+00:00,,,,,,34.0,4.0
2026-03-14 05:57:13+00:00,,,,,,34.0,1.0
2026-03-14 05:57:14+00:00,,,,,,34.0,4.0
2026-03-14 05:57:15+00:00,,,,,,35.0,1.0
2026-03-14 05:57:16+00:00,,,,,,35.0,4.0
2026-03-14 05:57:17+00:00,,,,,,35.0,1.0
2026-03-14 05:57:18+00:00,,,,,,35.0,4.0
2026-03-14 05:57:19+00:00,,,,,,34.0,1.0
2026-03-14 05:57:20+00:00,,,,,,34.0,5.0
2026-03-14 05:57:21+00:00,,,,,,34.0,1.0
2026-03-14 05:57:22+00:00,,,,,,34.0,4.0
2026-03-14 05:57:23+00:00,,,,,,34.0,1.0
2026-03-14 05:57:24+00:00,,,,,,34.0,6.0
2026-03-14 05:57:25+00:00,,,,,,34.0,1.0
2026-03-14 05:57:26+00:00,,,,,,34.0,4.0
2026-03-14 05:57:27+00:00,,,,,,34.0,1.0
2026-03-14 05:57:28+00:00,,,,,,33.0,5.0
2026-03-14 05:57:29+00:00,,,,,,33.0,1.0
2026-03-14 05:57:30+00:00,,,,,,33.0,6.0
2026-03-14 05:57:31+00:00,,,,,,33.0,1.0
2026-03-14 05:57:32+00:00,,,,,,33.0,6.0
2026-03-14 05:57:33+00:00,,,,,,33.0,1.0
2026-03-14 05:57:34+00:00,,,,,,34.0,4.0
2026-03-14 05:57:35+00:00,,,,,,34.0,1.0
2026-03-14 05:57:36+00:00,,,,,,34.0,6.0
2026-03-14 05:57:37+00:00,,,,,,34.0,1.0
2026-03-14 05:57:38+00:00,,,,,,34.0,4.0
2026-03-14 05:57:39+00:00,,,,,,34.0,1.0
2026-03-14 05:57:40+00:00,,,,,,34.0,5.0
2026-03-14 05:57:41+00:00,,,,,,34.0,1.0
2026-03-14 05:57:42+00:00,,,,,,34.0,5.0
2026-03-14 05:57:43+00:00,,,,,,34.0,1.0
2026-03-14 05:57:44+00:00,,,,,,35.0,6.0
2026-03-14 05:57:45+00:00,,,,,,35.0,2.0
2026-03-14 05:57:46+00:00,,,,,,35.0,5.0
2026-03-14 05:57:47+00:00,,,,,,35.0,1.0
2026-03-14 05:57:48+00:00,,,,,,35.0,4.0
2026-03-14 05:57:49+00:00,,,,,,35.0,1.0
2026-03-14 05:57:50+00:00,,,,,,35.0,5.0
2026-03-14 05:57:51+00:00,,,,,,35.0,2.0
2026-03-14 05:57:52+00:00,,,,,,35.0,4.0
2026-03-14 05:57:53+00:00,,,,,,35.0,1.0
2026-03-14 05:57:54+00:00,,,,,,35.0,4.0
2026-03-14 05:57:55+00:00,,,,,,34.0,1.0
2026-03-14 05:57:56+00:00,,,,,,34.0,6.0
2026-03-14 05:57:57+00:00,,,,,,34.0,1.0
2026-03-14 05:57:58+00:00,,,,,,33.0,4.0
2026-03-14 05:57:59+00:00,,,,,,33.0,1.0
2026-03-14 05:58:00+00:00,,,,,,33.0,4.0
2026-03-14 05:58:01+00:00,,,,,,33.0,1.0
2026-03-14 05:58:02+00:00,,,,,,33.0,5.0
2026-03-14 05:58:03+00:00,,,,,,33.0,1.0
2026-03-14 05:58:04+00:00,,,,,,33.0,4.0
2026-03-14 05:58:05+00:00,,,,,,32.0,1.0
2026-03-14 05:58:06+00:00,,,,,,33.0,5.0
2026-03-14 05:58:07+00:00,,,,,,33.0,1.0
2026-03-14 05:58:08+00:00,,,,,,33.0,5.0
2026-03-14 05:58:09+00:00,,,,,,33.0,1.0
2026-03-14 05:58:10+00:00,,,,,,33.0,5.0
2026-03-14 05:58:11+00:00,,,,,,32.0,1.0
2026-03-14 05:58:12+00:00,,,,,,31.0,5.0
2026-03-14 05:58:13+00:00,,,,,,31.0,1.0
2026-03-14 05:58:14+00:00,,,,,,31.0,4.0
2026-03-14 05:58:15+00:00,,,,,,30.0,1.0
2026-03-14 05:58:16+00:00,,,,,,30.0,3.0
2026-03-14 05:58:17+00:00,,,,,,30.0,1.0
2026-03-14 05:58:18+00:00,,,,,,30.0,3.0
2026-03-14 05:58:19+00:00,,,,,,30.0,1.0
2026-03-14 05:58:20+00:00,,,,,,30.0,4.0
2026-03-14 05:58:21+00:00,,,,,,30.0,1.0
2026-03-14 05:58:22+00:00,,,,,,29.0,3.0
2026-03-14 05:58:23+00:00,,,,,,30.0,1.0
2026-03-14 05:58:24+00:00,,,,,,29.0,4.0
2026-03-14 05:58:25+00:00,,,,,,29.0,1.0
2026-03-14 05:58:26+00:00,,,,,,27.0,4.0
2026-03-14 05:58:27+00:00,,,,,,28.0,1.0
2026-03-14 05:58:28+00:00,,,,,,28.0,3.0
2026-03-14 05:58:29+00:00,,,,,,28.0,1.0
2026-03-14 05:58:30+00:00,,,,,,28.0,3.0
2026-03-14 05:58:31+00:00,,,,,,28.0,1.0
2026-03-14 05:58:32+00:00,,,,,,29.0,3.0
2026-03-14 05:58:33+00:00,,,,,,29.0,1.0
2026-03-14 05:58:34+00:00,,,,,,29.0,3.0
2026-03-14 05:58:35+00:00,,,,,,30.0,1.0
2026-03-14 05:58:36+00:00,,,,,,30.0,3.0
2026-03-14 05:58:37+00:00,,,,,,30.0,1.0
2026-03-14 05:58:38+00:00,,,,,,30.0,4.0
2026-03-14 05:58:39+00:00,,,,,,30.0,1.0
2026-03-14 05:58:40+00:00,,,,,,30.0,4.0
2026-03-14 05:58:41+00:00,,,,,,30.0,1.0
2026-03-14 05:58:42+00:00,,,,,,30.0,4.0
2026-03-14 05:58:43+00:00,,,,,,30.0,1.0
2026-03-14 05:58:44+00:00,,,,,,30.0,4.0
2026-03-14 05:58:45+00:00,,,,,,30.0,1.0
2026-03-14 05:58:46+00:00,,,,,,30.0,5.0
2026-03-14 05:58:47+00:00,,,,,,30.0,1.0
2026-03-14 05:58:48+00:00,,,,,,29.0,3.0
2026-03-14 05:58:49+00:00,,,,,,29.0,1.0
2026-03-14 05:58:50+00:00,,,,,,29.0,5.0
2026-03-14 05:58:51+00:00,,,,,,29.0,1.0
2026-03-14 05:58:52+00:00,,,,,,30.0,3.0
2026-03-14 05:58:53+00:00,,,,,,30.0,1.0
2026-03-14 05:58:54+00:00,,,,,,30.0,3.0
2026-03-14 05:58:55+00:00,,,,,,30.0,1.0
2026-03-14 05:58:56+00:00,,,,,,30.0,5.0
2026-03-14 05:58:57+00:00,,,,,,31.0,1.0
2026-03-14 05:58:58+00:00,,,,,,31.0,4.0
2026-03-14 05:58:59+00:00,,,,,,31.0,1.0
2026-03-14 05:59:00+00:00,,,,,,31.0,3.0
2026-03-14 05:59:01+00:00,,,,,,31.0,1.0
2026-03-14 05:59:02+00:00,,,,,,32.0,3.0
2026-03-14 05:59:03+00:00,,,,,,31.0,1.0
2026-03-14 05:59:04+00:00,,,,,,32.0,4.0
2026-03-14 05:59:05+00:00,,,,,,32.0,1.0
2026-03-14 05:59:06+00:00,,,,,,32.0,3.0
2026-03-14 05:59:07+00:00,,,,,,32.0,1.0
2026-03-14 05:59:08+00:00,,,,,,32.0,4.0
2026-03-14 05:59:09+00:00,,,,,,33.0,1.0
2026-03-14 05:59:10+00:00,,,,,,33.0,5.0
2026-03-14 05:59:11+00:00,,,,,,34.0,1.0
2026-03-14 05:59:12+00:00,,,,,,34.0,4.0
2026-03-14 05:59:13+00:00,,,,,,34.0,1.0
2026-03-14 05:59:14+00:00,,,,,,34.0,3.0
2026-03-14 05:59:15+00:00,,,,,,34.0,1.0
2026-03-14 05:59:16+00:00,,,,,,34.0,4.0
2026-03-14 05:59:17+00:00,,,,,,34.0,1.0
2026-03-14 05:59:18+00:00,,,,,,34.0,4.0
2026-03-14 05:59:19+00:00,,,,,,34.0,1.0
2026-03-14 05:59:20+00:00,,,,,,34.0,5.0
2026-03-14 05:59:21+00:00,,,,,,34.0,1.0
2026-03-14 05:59:22+00:00,,,,,,34.0,6.0
2026-03-14 05:59:23+00:00,,,,,,33.0,1.0
2026-03-14 05:59:24+00:00,,,,,,33.0,3.0
2026-03-14 05:59:25+00:00,,,,,,33.0,1.0
2026-03-14 05:59:26+00:00,,,,,,29.0,2.0
2026-03-14 05:59:27+00:00,,,,,,29.0,1.0
2026-03-14 05:59:28+00:00,,,,,,29.0,2.0
2026-03-14 05:59:29+00:00,,,,,,28.0,1.0
2026-03-14 05:59:30+00:00,,,,,,28.0,3.0
2026-03-14 05:59:31+00:00,,,,,,28.0,1.0
2026-03-14 05:59:31.876000+00:00,12.0,36.070846,136.59528,99.99,2.0,,
2026-03-14 05:59:32+00:00,,,,,,26.0,
2026-03-14 05:59:32.079000+00:00,12.0,36.070846,136.59528,99.99,2.0,,
2026-03-14 05:59:32.263000+00:00,12.0,36.070846,136.59528,99.99,2.0,,
2026-03-14 05:59:32.474000+00:00,12.0,36.070846,136.59528,99.99,2.0,,
2026-03-14 05:59:32.671000+00:00,12.0,36.070846,136.59528,99.99,2.0,,
2026-03-14 05:59:32.917000+00:00,12.0,36.070846,136.59528,99.99,2.0,,
2026-03-14 05:59:33+00:00,,,,,,25.0,
2026-03-14 05:59:33.079000+00:00,12.0,36.070846,136.59528,99.99,2.0,,
2026-03-14 05:59:33.267000+00:00,12.0,36.070846,136.59528,99.99,2.0,,
2026-03-14 05:59:33.460000+00:00,12.0,36.070846,136.59528,99.99,2.0,,
2026-03-14 05:59:33.658000+00:00,12.0,36.070846,136.59528,99.99,2.0,,
2026-03-14 05:59:33.858000+00:00,12.0,36.070846,136.59528,99.99,2.0,,
2026-03-14 05:59:34+00:00,,,,,,23.0,
2026-03-14 05:59:34.062000+00:00,12.0,36.070846,136.59528,99.99,2.0,,
2026-03-14 05:59:34.262000+00:00,12.0,36.070846,136.59528,99.99,1.0,,
2026-03-14 05:59:34.460000+00:00,12.0,36.070846,136.59528,99.99,1.0,,
2026-03-14 05:59:34.661000+00:00,12.0,36.070846,136.59528,99.99,1.0,,
2026-03-14 05:59:34.873000+00:00,12.0,36.070846,136.59528,99.99,1.0,,
2026-03-14 05:59:35+00:00,,,,,,20.0,
2026-03-14 05:59:35.065000+00:00,12.0,36.070846,136.59528,99.99,1.0,,
2026-03-14 05:59:35.260000+00:00,12.0,36.070846,136.59528,99.99,1.0,,
2026-03-14 05:59:35.458000+00:00,12.0,36.070846,136.59528,99.99,1.0,,
2026-03-14 05:59:35.656000+00:00,12.0,36.070846,136.59528,99.99,1.0,,
2026-03-14 05:59:35.855000+00:00,12.0,36.070846,136.59528,99.99,1.0,,
2026-03-14 05:59:36+00:00,,,,,,19.0,
2026-03-14 05:59:36.069000+00:00,12.0,36.070846,136.59528,99.99,1.0,,
2026-03-14 05:59:36.268000+00:00,12.0,36.070846,136.59528,99.99,2.0,,
2026-03-14 05:59:36.463000+00:00,12.0,36.070846,136.59528,99.99,2.0,,
2026-03-14 05:59:36.661000+00:00,12.0,36.070846,136.59528,99.99,2.0,,
2026-03-14 05:59:36.875000+00:00,12.0,36.070846,136.59528,99.99,2.0,,
2026-03-14 05:59:37+00:00,,,,,,19.0,
2026-03-14 05:59:37.074000+00:00,12.0,36.070846,136.59528,99.99,2.0,,
2026-03-14 05:59:37.662000+00:00,12.0,36.070846,136.59528,99.99,1.0,,
2026-03-14 05:59:37.862000+00:00,12.0,36.070846,136.59528,99.99,1.0,,
2026-03-14 05:59:38+00:00,,,,,,18.0,
2026-03-14 05:59:38.070000+00:00,12.0,36.070846,136.59528,99.99,1.0,,
2026-03-14 05:59:38.264000+00:00,12.0,36.070846,136.59528,99.99,1.0,,
2026-03-14 05:59:38.458000+00:00,12.0,36.070846,136.59528,99.99,1.0,,
2026-03-14 05:59:38.662000+00:00,12.0,36.070846,136.59528,99.99,1.0,,
2026-03-14 05:59:38.870000+00:00,12.0,36.070846,136.59528,99.99,1.0,,
2026-03-14 05:59:39+00:00,,,,,,19.0,
2026-03-14 05:59:39.070000+00:00,12.0,36.070846,136.59528,99.99,1.0,,
2026-03-14 05:59:39.266000+00:00,12.0,36.070846,136.59528,99.99,1.0,,
2026-03-14 05:59:39.464000+00:00,12.0,36.070846,136.59528,99.99,1.0,,
2026-03-14 05:59:39.664000+00:00,12.0,36.070846,136.59528,99.99,1.0,,
2026-03-14 05:59:39.866000+00:00,12.0,36.070846,136.59528,99.99,1.0,,
2026-03-14 05:59:40+00:00,,,,,,21.0,
2026-03-14 05:59:40.071000+00:00,12.0,36.070846,136.59528,99.99,1.0,,
2026-03-14 05:59:40.258000+00:00,12.0,36.070846,136.59528,99.99,1.0,,
2026-03-14 05:59:40.464000+00:00,12.0,36.070846,136.59528,99.99,2.0,,
2026-03-14 05:59:40.666000+00:00,12.0,36.070846,136.59528,99.99,1.0,,
2026-03-14 05:59:40.886000+00:00,12.0,36.070846,136.59528,99.99,2.0,,
2026-03-14 05:59:41+00:00,,,,,,21.0,1.0
2026-03-14 05:59:41.071000+00:00,12.0,36.070846,136.59528,99.99,2.0,,
2026-03-14 05:59:41.270000+00:00,12.0,36.070846,136.59528,99.99,2.0,,
2026-03-14 05:59:41.471000+00:00,12.0,36.070846,136.59528,99.99,2.0,,
2026-03-14 05:59:41.690000+00:00,12.0,36.070846,136.59528,99.99,2.0,,
2026-03-14 05:59:41.869000+00:00,12.0,36.070846,136.59528,99.99,2.0,,
2026-03-14 05:59:42+00:00,,,,,,21.0,
2026-03-14 05:59:42.066000+00:00,12.0,36.070846,136.59528,99.99,2.0,,
2026-03-14 05:59:42.266000+00:00,12.0,36.070846,136.59528,99.99,2.0,,
2026-03-14 05:59:42.468000+00:00,12.0,36.070846,136.59528,99.99,2.0,,
2026-03-14 05:59:42.666000+00:00,12.0,36.070846,136.59528,99.99,1.0,,
2026-03-14 05:59:42.883000+00:00,12.0,36.070846,136.59528,99.99,1.0,,
2026-03-14 05:59:43+00:00,,,,,,23.0,
2026-03-14 05:59:43.078000+00:00,12.0,36.070846,136.59528,99.99,1.0,,
2026-03-14 05:59:43.295000+00:00,12.0,36.070846,136.59528,99.99,1.0,,
2026-03-14 05:59:43.474000+00:00,12.0,36.070846,136.59528,99.99,1.0,,
2026-03-14 05:59:43.669000+00:00,12.0,36.070846,136.59528,99.99,1.0,,
2026-03-14 05:59:43.859000+00:00,12.0,36.070846,136.59528,99.99,1.0,,
2026-03-14 05:59:44+00:00,,,,,,23.0,
2026-03-14 05:59:44.078000+00:00,12.0,36.070846,136.59528,99.99,1.0,,
2026-03-14 05:59:44.270000+00:00,12.0,36.070846,136.59528,99.99,1.0,,
2026-03-14 05:59:45+00:00,,,,,,23.0,1.0
2026-03-14 05:59:46+00:00,,,,,,23.0,
2026-03-14 05:59:46.264000+00:00,12.0,36.070846,136.59528,99.99,2.0,,
2026-03-14 05:59:46.461000+00:00,12.0,36.070846,136.59528,99.99,1.0,,
2026-03-14 05:59:46.663000+00:00,12.0,36.070846,136.59528,99.99,2.0,,
2026-03-14 05:59:46.895000+00:00,12.0,36.070846,136.59528,99.99,2.0,,
2026-03-14 05:59:47+00:00,,,,,,23.0,1.0
2026-03-14 05:59:47.069000+00:00,12.0,36.070846,136.59528,99.99,2.0,,
2026-03-14 05:59:47.259000+00:00,12.0,36.070846,136.59528,99.99,2.0,,
2026-03-14 05:59:47.470000+00:00,12.0,36.070846,136.59528,99.99,2.0,,
2026-03-14 05:59:47.677000+00:00,12.0,36.070846,136.59528,99.99,2.0,,
2026-03-14 05:59:47.877000+00:00,12.0,36.070846,136.59528,99.99,2.0,,
2026-03-14 05:59:48+00:00,,,,,,22.0,1.0
2026-03-14 05:59:48.066000+00:00,12.0,36.070846,136.59528,99.99,2.0,,
2026-03-14 05:59:48.254000+00:00,12.0,36.070846,136.59528,99.99,2.0,,
2026-03-14 05:59:48.459000+00:00,12.0,36.070846,136.59528,99.99,2.0,,
2026-03-14 05:59:48.656000+00:00,12.0,36.070846,136.59528,99.99,2.0,,
2026-03-14 05:59:48.872000+00:00,12.0,36.070846,136.59528,99.99,1.0,,
2026-03-14 05:59:49+00:00,,,,,,22.0,
2026-03-14 05:59:49.067000+00:00,12.0,36.070846,136.59528,99.99,2.0,,
2026-03-14 05:59:49.263000+00:00,12.0,36.070846,136.59528,99.99,2.0,,
2026-03-14 05:59:49.457000+00:00,12.0,36.070846,136.59528,99.99,2.0,,
2026-03-14 05:59:49.662000+00:00,12.0,36.070846,136.59528,99.99,1.0,,
2026-03-14 05:59:49.862000+00:00,12.0,36.070846,136.59528,99.99,1.0,,
2026-03-14 05:59:50+00:00,,,,,,22.0,
2026-03-14 05:59:50.061000+00:00,12.0,36.070846,136.59528,99.99,2.0,,
2026-03-14 05:59:50.263000+00:00,12.0,36.070846,136.59528,99.99,2.0,,
2026-03-14 05:59:50.461000+00:00,12.0,36.070846,136.59528,99.99,1.0,,
2026-03-14 05:59:50.662000+00:00,12.0,36.070846,136.59528,99.99,1.0,,
2026-03-14 05:59:50.879000+00:00,12.0,36.070846,136.59528,99.99,2.0,,
2026-03-14 05:59:51+00:00,,,,,,19.0,1.0
2026-03-14 05:59:51.067000+00:00,12.0,36.070846,136.59528,99.99,2.0,,
2026-03-14 05:59:51.281000+00:00,12.0,36.070846,136.59528,99.99,2.0,,
2026-03-14 05:59:51.461000+00:00,12.0,36.070846,136.59528,99.99,1.0,,
2026-03-14 05:59:51.659000+00:00,12.0,36.070846,136.59528,99.99,1.0,,
2026-03-14 05:59:51.854000+00:00,12.0,36.070846,136.59528,99.99,1.0,,
2026-03-14 05:59:52+00:00,,,,,,22.0,1.0
2026-03-14 05:59:52.069000+00:00,12.0,36.070846,136.59528,99.99,1.0,,
2026-03-14 05:59:52.262000+00:00,12.0,36.070846,136.59528,99.99,1.0,,
2026-03-14 05:59:52.488000+00:00,12.0,36.070846,136.59528,99.99,2.0,,
2026-03-14 05:59:52.681000+00:00,12.0,36.070846,136.59528,99.99,1.0,,
2026-03-14 05:59:52.873000+00:00,12.0,36.070846,136.59528,99.99,1.0,,
2026-03-14 05:59:53+00:00,,,,,,23.0,1.0
2026-03-14 05:59:53.069000+00:00,12.0,36.070846,136.59528,99.99,1.0,,
2026-03-14 05:59:53.269000+00:00,12.0,36.070846,136.59528,99.99,1.0,,
2026-03-14 05:59:53.465000+00:00,12.0,36.070846,136.59528,99.99,1.0,,
2026-03-14 05:59:53.655000+00:00,12.0,36.070846,136.59528,99.99,1.0,,
2026-03-14 05:59:53.861000+00:00,12.0,36.070846,136.59528,99.99,1.0,,
2026-03-14 05:59:54+00:00,,,,,,23.0,2.0
2026-03-14 05:59:54.070000+00:00,12.0,36.070846,136.59528,99.99,1.0,,
2026-03-14 05:59:54.259000+00:00,12.0,36.070846,136.59528,99.99,1.0,,
2026-03-14 05:59:54.467000+00:00,12.0,36.070846,136.59528,99.99,1.0,,
2026-03-14 05:59:54.660000+00:00,12.0,36.070846,136.59528,99.99,1.0,,
2026-03-14 05:59:54.897000+00:00,12.0,36.070846,136.59528,99.99,2.0,,
2026-03-14 05:59:55+00:00,,,,,,24.0,1.0
2026-03-14 05:59:55.096000+00:00,12.0,36.070846,136.59528,99.99,2.0,,
2026-03-14 05:59:55.262000+00:00,12.0,36.070846,136.59528,99.99,1.0,,
2026-03-14 05:59:55.459000+00:00,12.0,36.070846,136.59528,99.99,1.0,,
2026-03-14 05:59:55.663000+00:00,12.0,36.070846,136.59528,99.99,1.0,,
2026-03-14 05:59:55.861000+00:00,12.0,36.070846,136.59528,99.99,1.0,,
2026-03-14 05:59:56+00:00,,,,,,23.0,2.0
2026-03-14 05:59:56.068000+00:00,12.0,36.070846,136.59528,99.99,1.0,,
2026-03-14 05:59:56.278000+00:00,12.0,36.070846,136.59528,99.99,2.0,,
2026-03-14 05:59:56.461000+00:00,12.0,36.070846,136.59528,99.99,2.0,,
2026-03-14 05:59:56.683000+00:00,12.0,36.070846,136.59528,99.99,2.0,,
2026-03-14 05:59:56.875000+00:00,12.0,36.070846,136.59528,99.99,2.0,,
2026-03-14 05:59:57+00:00,,,,,,23.0,1.0
2026-03-14 05:59:57.069000+00:00,12.0,36.070846,136.59528,99.99,2.0,,
2026-03-14 05:59:57.260000+00:00,12.0,36.070846,136.59528,99.99,2.0,,
2026-03-14 05:59:57.463000+00:00,12.0,36.070846,136.59528,99.99,2.0,,
2026-03-14 05:59:57.663000+00:00,12.0,36.070846,136.59528,99.99,2.0,,
2026-03-14 05:59:57.875000+00:00,12.0,36.070846,136.59528,99.99,2.0,,
2026-03-14 05:59:58+00:00,,,,,,23.0,1.0
2026-03-14 05:59:58.062000+00:00,12.0,36.070846,136.59528,99.99,2.0,,
2026-03-14 05:59:58.261000+00:00,12.0,36.070846,136.59528,99.99,2.0,,
2026-03-14 05:59:58.461000+00:00,12.0,36.070846,136.59528,99.99,1.0,,
2026-03-14 05:59:58.661000+00:00,12.0,36.070846,136.59528,99.99,1.0,,
2026-03-14 05:59:58.873000+00:00,12.0,36.070846,136.59528,99.99,1.0,,
2026-03-14 05:59:59+00:00,,,,,,24.0,1.0
2026-03-14 05:59:59.069000+00:00,12.0,36.070846,136.59528,99.99,1.0,,
2026-03-14 05:59:59.266000+00:00,12.0,36.070846,136.59528,99.99,1.0,,
2026-03-14 05:59:59.462000+00:00,12.0,36.070846,136.59528,99.99,1.0,,
2026-03-14 05:59:59.665000+00:00,12.0,36.070846,136.59528,99.99,1.0,,
2026-03-14 05:59:59.857000+00:00,12.0,36.070846,136.59528,99.99,1.0,,
2026-03-14 06:00:00+00:00,,,,,,22.0,1.0
2026-03-14 06:00:00.069000+00:00,12.0,36.070846,136.59528,99.99,1.0,,
2026-03-14 06:00:00.264000+00:00,12.0,36.070846,136.59528,99.99,1.0,,
2026-03-14 06:00:00.461000+00:00,12.0,36.070846,136.59528,99.99,1.0,,
2026-03-14 06:00:00.659000+00:00,12.0,36.070846,136.59528,99.99,1.0,,
2026-03-14 06:00:00.874000+00:00,12.0,36.070846,136.59528,99.99,1.0,,
2026-03-14 06:00:01+00:00,,,,,,22.0,1.0
2026-03-14 06:00:01.090000+00:00,12.0,36.070846,136.59528,99.99,2.0,,
2026-03-14 06:00:01.264000+00:00,12.0,36.070846,136.59528,99.99,2.0,,
2026-03-14 06:00:01.462000+00:00,12.0,36.070846,136.59528,99.99,1.0,,
2026-03-14 06:00:01.674000+00:00,12.0,36.070846,136.59528,99.99,1.0,,
2026-03-14 06:00:01.864000+00:00,12.0,36.070846,136.59528,99.99,1.0,,
2026-03-14 06:00:02+00:00,,,,,,22.0,1.0
2026-03-14 06:00:02.067000+00:00,12.0,36.070846,136.59528,99.99,1.0,,
2026-03-14 06:00:02.263000+00:00,12.0,36.070846,136.59528,99.99,1.0,,
2026-03-14 06:00:02.461000+00:00,12.0,36.070846,136.59528,99.99,1.0,,
2026-03-14 06:00:02.659000+00:00,12.0,36.070846,136.59528,99.99,1.0,,
2026-03-14 06:00:02.869000+00:00,12.0,36.070846,136.59528,99.99,1.0,,
2026-03-14 06:00:03+00:00,,,,,,22.0,1.0
2026-03-14 06:00:03.064000+00:00,12.0,36.070846,136.59528,99.99,1.0,,
2026-03-14 06:00:03.256000+00:00,12.0,36.070846,136.59528,99.99,1.0,,
2026-03-14 06:00:03.470000+00:00,12.0,36.070846,136.59528,99.99,2.0,,
2026-03-14 06:00:03.678000+00:00,12.0,36.070846,136.59528,99.99,1.0,,
2026-03-14 06:00:03.855000+00:00,12.0,36.070846,136.59528,99.99,2.0,,
2026-03-14 06:00:04+00:00,,,,,,23.0,1.0
2026-03-14 06:00:04.089000+00:00,12.0,36.070846,136.59528,99.99,1.0,,
2026-03-14 06:00:04.258000+00:00,12.0,36.070846,136.59528,99.99,1.0,,
2026-03-14 06:00:04.457000+00:00,12.0,36.070846,136.59528,99.99,1.0,,
2026-03-14 06:00:04.657000+00:00,12.0,36.070846,136.59528,99.99,1.0,,
2026-03-14 06:00:04.878000+00:00,12.0,36.070846,136.59528,99.99,1.0,,
2026-03-14 06:00:05+00:00,,,,,,23.0,1.0
2026-03-14 06:00:05.071000+00:00,12.0,36.070846,136.59528,99.99,1.0,,
2026-03-14 06:00:05.262000+00:00,12.0,36.070846,136.59528,99.99,1.0,,
2026-03-14 06:00:05.462000+00:00,12.0,36.070846,136.59528,99.99,1.0,,
2026-03-14 06:00:05.663000+00:00,12.0,36.070846,136.59528,99.99,1.0,,
2026-03-14 06:00:05.866000+00:00,12.0,36.070846,136.59528,99.99,1.0,,
2026-03-14 06:00:06+00:00,,,,,,20.0,1.0
2026-03-14 06:00:06.062000+00:00,12.0,36.070846,136.59528,99.99,1.0,,
2026-03-14 06:00:06.261000+00:00,12.0,36.070846,136.59528,99.99,1.0,,
2026-03-14 06:00:06.459000+00:00,12.0,36.070846,136.59528,99.99,1.0,,
2026-03-14 06:00:06.661000+00:00,12.0,36.070846,136.59528,99.99,1.0,,
2026-03-14 06:00:06.868000+00:00,12.0,36.070846,136.59528,99.99,1.0,,
2026-03-14 06:00:07+00:00,,,,,,18.0,1.0
2026-03-14 06:00:07.066000+00:00,12.0,36.070846,136.59528,99.99,1.0,,
2026-03-14 06:00:07.262000+00:00,12.0,36.070846,136.59528,99.99,1.0,,
2026-03-14 06:00:07.456000+00:00,12.0,36.070846,136.59528,99.99,1.0,,
2026-03-14 06:00:07.661000+00:00,12.0,36.070846,136.59528,99.99,1.0,,
2026-03-14 06:00:07.852000+00:00,12.0,36.070846,136.59528,99.99,1.0,,
2026-03-14 06:00:08+00:00,,,,,,19.0,2.0
2026-03-14 06:00:08.065000+00:00,12.0,36.070846,136.59528,99.99,1.0,,
2026-03-14 06:00:08.262000+00:00,12.0,36.070846,136.59528,99.99,1.0,,
2026-03-14 06:00:08.457000+00:00,12.0,36.070846,136.59528,99.99,1.0,,
2026-03-14 06:00:08.659000+00:00,12.0,36.070846,136.59528,99.99,1.0,,
2026-03-14 06:00:08.870000+00:00,12.0,36.070846,136.59528,99.99,1.0,,
2026-03-14 06:00:09+00:00,,,,,,19.0,1.0
2026-03-14 06:00:09.069000+00:00,12.0,36.070846,136.59528,99.99,1.0,,
2026-03-14 06:00:09.261000+00:00,12.0,36.070846,136.59528,99.99,1.0,,
2026-03-14 06:00:09.460000+00:00,12.0,36.070846,136.59528,99.99,1.0,,
2026-03-14 06:00:09.653000+00:00,12.0,36.070846,136.59528,99.99,1.0,,
2026-03-14 06:00:09.858000+00:00,12.0,36.070846,136.59528,99.99,1.0,,
2026-03-14 06:00:10+00:00,,,,,,19.0,2.0
2026-03-14 06:00:10.069000+00:00,12.0,36.070846,136.59528,99.99,1.0,,
2026-03-14 06:00:10.261000+00:00,12.0,36.070846,136.59528,99.99,1.0,,
2026-03-14 06:00:10.458000+00:00,12.0,36.070846,136.59528,99.99,1.0,,
2026-03-14 06:00:10.663000+00:00,12.0,36.070846,136.59528,99.99,1.0,,
2026-03-14 06:00:10.878000+00:00,12.0,36.070846,136.59528,99.99,1.0,,
2026-03-14 06:00:11+00:00,,,,,,19.0,1.0
2026-03-14 06:00:11.069000+00:00,12.0,36.070846,136.59528,99.99,1.0,,
2026-03-14 06:00:11.262000+00:00,12.0,36.070846,136.59528,99.99,1.0,,
2026-03-14 06:00:11.455000+00:00,12.0,36.070846,136.59528,99.99,1.0,,
2026-03-14 06:00:11.661000+00:00,12.0,36.070846,136.59528,99.99,1.0,,
2026-03-14 06:00:11.858000+00:00,12.0,36.070846,136.59528,99.99,1.0,,
2026-03-14 06:00:12+00:00,,,,,,18.0,1.0
2026-03-14 06:00:12.066000+00:00,12.0,36.070846,136.59528,99.99,1.0,,
2026-03-14 06:00:12.258000+00:00,12.0,36.070846,136.59528,99.99,1.0,,
2026-03-14 06:00:12.459000+00:00,12.0,36.070846,136.59528,99.99,1.0,,
2026-03-14 06:00:12.658000+00:00,12.0,36.070846,136.59528,99.99,1.0,,
2026-03-14 06:00:12.875000+00:00,12.0,36.070846,136.59528,99.99,1.0,,
2026-03-14 06:00:13+00:00,,,,,,17.0,2.0
2026-03-14 06:00:13.064000+00:00,12.0,36.070846,136.59528,99.99,1.0,,
2026-03-14 06:00:13.254000+00:00,12.0,36.070846,136.59528,99.99,1.0,,
2026-03-14 06:00:13.462000+00:00,12.0,36.070846,136.59528,99.99,1.0,,
2026-03-14 06:00:13.658000+00:00,12.0,36.070846,136.59528,99.99,1.0,,
2026-03-14 06:00:13.856000+00:00,12.0,36.070846,136.59528,99.99,1.0,,
2026-03-14 06:00:14+00:00,,,,,,18.0,2.0
2026-03-14 06:00:14.062000+00:00,12.0,36.070846,136.59528,99.99,1.0,,
2026-03-14 06:00:14.259000+00:00,12.0,36.070846,136.59528,99.99,1.0,,
2026-03-14 06:00:14.459000+00:00,12.0,36.070846,136.59528,99.99,1.0,,
2026-03-14 06:00:14.659000+00:00,12.0,36.070846,136.59528,99.99,2.0,,
2026-03-14 06:00:14.873000+00:00,12.0,36.070846,136.59528,99.99,2.0,,
2026-03-14 06:00:15+00:00,,,,,,17.0,1.0
2026-03-14 06:00:15.063000+00:00,12.0,36.070846,136.59528,99.99,2.0,,
2026-03-14 06:00:15.256000+00:00,12.0,36.070846,136.59528,99.99,1.0,,
2026-03-14 06:00:15.458000+00:00,12.0,36.070846,136.59528,99.99,1.0,,
2026-03-14 06:00:15.656000+00:00,12.0,36.070846,136.59528,99.99,1.0,,
2026-03-14 06:00:15.850000+00:00,12.0,36.070846,136.59528,99.99,1.0,,
2026-03-14 06:00:16+00:00,,,,,,17.0,2.0
2026-03-14 06:00:16.067000+00:00,12.0,36.070846,136.59528,99.99,1.0,,
2026-03-14 06:00:16.257000+00:00,12.0,36.070846,136.59528,99.99,1.0,,
2026-03-14 06:00:16.454000+00:00,12.0,36.070846,136.59528,99.99,1.0,,
2026-03-14 06:00:16.657000+00:00,12.0,36.070846,136.59528,99.99,1.0,,
2026-03-14 06:00:16.867000+00:00,12.0,36.070846,136.59528,99.99,1.0,,
2026-03-14 06:00:17+00:00,,,,,,16.0,1.0
2026-03-14 06:00:17.062000+00:00,12.0,36.070846,136.59528,99.99,1.0,,
2026-03-14 06:00:17.256000+00:00,12.0,36.070846,136.59528,99.99,1.0,,
2026-03-14 06:00:17.455000+00:00,12.0,36.070846,136.59528,99.99,1.0,,
2026-03-14 06:00:17.654000+00:00,12.0,36.070846,136.59528,99.99,1.0,,
2026-03-14 06:00:17.859000+00:00,12.0,36.070846,136.59528,99.99,1.0,,
2026-03-14 06:00:18+00:00,,,,,,16.0,2.0
2026-03-14 06:00:18.079000+00:00,12.0,36.070846,136.59528,99.99,1.0,,
2026-03-14 06:00:18.273000+00:00,12.0,36.070846,136.59528,99.99,1.0,,
2026-03-14 06:00:18.456000+00:00,12.0,36.070846,136.59528,99.99,1.0,,
2026-03-14 06:00:18.658000+00:00,12.0,36.070846,136.59528,99.99,1.0,,
2026-03-14 06:00:18.867000+00:00,12.0,36.070846,136.59528,99.99,1.0,,
2026-03-14 06:00:19+00:00,,,,,,17.0,2.0
2026-03-14 06:00:19.065000+00:00,12.0,36.070846,136.59528,99.99,1.0,,
2026-03-14 06:00:19.255000+00:00,12.0,36.070846,136.59528,99.99,1.0,,
2026-03-14 06:00:19.467000+00:00,12.0,36.070846,136.59528,99.99,1.0,,
2026-03-14 06:00:19.655000+00:00,12.0,36.070846,136.59528,99.99,1.0,,
2026-03-14 06:00:19.854000+00:00,12.0,36.070846,136.59528,99.99,1.0,,
2026-03-14 06:00:20+00:00,,,,,,16.0,2.0
2026-03-14 06:00:20.060000+00:00,12.0,36.070846,136.59528,99.99,1.0,,
2026-03-14 06:00:20.257000+00:00,12.0,36.070846,136.59528,99.99,1.0,,
2026-03-14 06:00:20.456000+00:00,12.0,36.070846,136.59528,99.99,1.0,,
2026-03-14 06:00:20.653000+00:00,12.0,36.070846,136.59528,99.99,1.0,,
2026-03-14 06:00:20.868000+00:00,12.0,36.070846,136.59528,99.99,1.0,,
2026-03-14 06:00:21+00:00,,,,,,17.0,1.0
2026-03-14 06:00:21.063000+00:00,12.0,36.070846,136.59528,99.99,1.0,,
2026-03-14 06:00:21.247000+00:00,12.0,36.070846,136.59528,99.99,1.0,,
2026-03-14 06:00:21.454000+00:00,12.0,36.070846,136.59528,99.99,1.0,,
2026-03-14 06:00:21.653000+00:00,12.0,36.070846,136.59528,99.99,1.0,,
2026-03-14 06:00:21.853000+00:00,12.0,36.070846,136.59528,99.99,1.0,,
2026-03-14 06:00:22+00:00,,,,,,15.0,1.0
2026-03-14 06:00:22.061000+00:00,12.0,36.070846,136.59528,99.99,1.0,,
2026-03-14 06:00:22.251000+00:00,11.0,36.070846,136.59528,99.99,1.0,,
2026-03-14 06:00:22.451000+00:00,12.0,36.070846,136.59528,99.99,1.0,,
2026-03-14 06:00:22.654000+00:00,12.0,36.070846,136.59528,99.99,1.0,,
2026-03-14 06:00:22.864000+00:00,12.0,36.070846,136.59528,99.99,1.0,,
2026-03-14 06:00:23+00:00,,,,,,15.0,2.0
2026-03-14 06:00:23.061000+00:00,12.0,36.070846,136.59528,99.99,1.0,,
2026-03-14 06:00:23.254000+00:00,12.0,36.070846,136.59528,99.99,1.0,,
2026-03-14 06:00:23.455000+00:00,12.0,36.070846,136.59528,99.99,1.0,,
2026-03-14 06:00:23.654000+00:00,12.0,36.070846,136.59528,99.99,2.0,,
2026-03-14 06:00:23.851000+00:00,12.0,36.070846,136.59528,99.99,2.0,,
2026-03-14 06:00:24+00:00,,,,,,14.0,1.0
2026-03-14 06:00:24.063000+00:00,12.0,36.070846,136.59528,99.99,2.0,,
2026-03-14 06:00:24.254000+00:00,12.0,36.070846,136.59528,99.99,2.0,,
2026-03-14 06:00:24.454000+00:00,12.0,36.070846,136.59528,99.99,2.0,,
2026-03-14 06:00:24.654000+00:00,12.0,36.070846,136.59528,99.99,2.0,,
2026-03-14 06:00:24.864000+00:00,12.0,36.070846,136.59528,99.99,2.0,,
2026-03-14 06:00:25+00:00,,,,,,13.0,2.0
2026-03-14 06:00:25.065000+00:00,12.0,36.070846,136.59528,99.99,2.0,,
2026-03-14 06:00:25.255000+00:00,12.0,36.070846,136.59528,99.99,2.0,,
2026-03-14 06:00:25.454000+00:00,12.0,36.070846,136.59528,99.99,2.0,,
2026-03-14 06:00:25.651000+00:00,12.0,36.070846,136.59528,99.99,2.0,,
2026-03-14 06:00:25.855000+00:00,12.0,36.070846,136.59528,99.99,2.0,,
2026-03-14 06:00:26+00:00,,,,,,14.0,2.0
2026-03-14 06:00:26.082000+00:00,12.0,36.070846,136.59528,99.99,2.0,,
2026-03-14 06:00:26.256000+00:00,12.0,36.070846,136.59528,99.99,2.0,,
2026-03-14 06:00:26.454000+00:00,12.0,36.070846,136.59528,99.99,2.0,,
2026-03-14 06:00:26.656000+00:00,12.0,36.070846,136.59528,99.99,2.0,,
2026-03-14 06:00:26.868000+00:00,12.0,36.070846,136.59528,99.99,2.0,,
2026-03-14 06:00:27+00:00,,,,,,18.0,1.0
2026-03-14 06:00:27.077000+00:00,12.0,36.070846,136.59528,99.99,2.0,,
2026-03-14 06:00:27.252000+00:00,12.0,36.070846,136.59528,99.99,2.0,,
2026-03-14 06:00:27.448000+00:00,12.0,36.070846,136.59528,99.99,2.0,,
2026-03-14 06:00:27.653000+00:00,12.0,36.070846,136.59528,99.99,2.0,,
2026-03-14 06:00:27.850000+00:00,12.0,36.070846,136.59528,99.99,2.0,,
2026-03-14 06:00:28+00:00,,,,,,16.0,1.0
2026-03-14 06:00:28.061000+00:00,12.0,36.070846,136.59528,99.99,2.0,,
2026-03-14 06:00:28.254000+00:00,12.0,36.070846,136.59528,99.99,2.0,,
2026-03-14 06:00:28.453000+00:00,12.0,36.070846,136.59528,99.99,2.0,,
2026-03-14 06:00:28.658000+00:00,12.0,36.070846,136.59528,99.99,2.0,,
2026-03-14 06:00:28.864000+00:00,12.0,36.070846,136.59528,99.99,2.0,,
2026-03-14 06:00:29+00:00,,,,,,17.0,1.0
2026-03-14 06:00:29.064000+00:00,12.0,36.070846,136.59528,99.99,2.0,,
2026-03-14 06:00:29.248000+00:00,12.0,36.070846,136.59528,99.99,2.0,,
2026-03-14 06:00:29.452000+00:00,12.0,36.070846,136.59528,99.99,2.0,,
2026-03-14 06:00:29.656000+00:00,12.0,36.070846,136.59528,99.99,2.0,,
2026-03-14 06:00:29.857000+00:00,12.0,36.070846,136.59528,99.99,2.0,,
2026-03-14 06:00:30+00:00,,,,,,17.0,1.0
2026-03-14 06:00:30.062000+00:00,12.0,36.070846,136.59528,99.99,1.0,,
2026-03-14 06:00:30.257000+00:00,12.0,36.070846,136.59528,99.99,1.0,,
2026-03-14 06:00:30.458000+00:00,12.0,36.070846,136.59528,99.99,1.0,,
2026-03-14 06:00:30.656000+00:00,12.0,36.070846,136.59528,99.99,1.0,,
2026-03-14 06:00:30.862000+00:00,12.0,36.070846,136.59528,99.99,1.0,,
2026-03-14 06:00:31+00:00,,,,,,15.0,2.0
2026-03-14 06:00:31.059000+00:00,12.0,36.070846,136.59528,99.99,1.0,,
2026-03-14 06:00:31.257000+00:00,12.0,36.070846,136.59528,99.99,1.0,,
2026-03-14 06:00:31.454000+00:00,12.0,36.070846,136.59528,99.99,1.0,,
2026-03-14 06:00:31.655000+00:00,12.0,36.070846,136.59528,99.99,1.0,,
2026-03-14 06:00:31.852000+00:00,12.0,36.070846,136.59528,99.99,1.0,,
2026-03-14 06:00:32+00:00,,,,,,14.0,2.0
2026-03-14 06:00:32.063000+00:00,12.0,36.070846,136.59528,99.99,1.0,,
2026-03-14 06:00:32.255000+00:00,11.0,36.070846,136.59528,99.99,1.0,,
2026-03-14 06:00:32.454000+00:00,12.0,36.070846,136.59528,99.99,1.0,,
2026-03-14 06:00:32.654000+00:00,12.0,36.070846,136.59528,99.99,1.0,,
2026-03-14 06:00:32.866000+00:00,12.0,36.070846,136.59528,99.99,2.0,,
2026-03-14 06:00:33+00:00,,,,,,15.0,1.0
2026-03-14 06:00:33.062000+00:00,12.0,36.070846,136.59528,99.99,1.0,,
2026-03-14 06:00:33.251000+00:00,12.0,36.070846,136.59528,99.99,1.0,,
2026-03-14 06:00:33.453000+00:00,12.0,36.070846,136.59528,99.99,1.0,,
2026-03-14 06:00:33.665000+00:00,12.0,36.070846,136.59528,99.99,1.0,,
2026-03-14 06:00:33.874000+00:00,12.0,36.070846,136.59528,99.99,1.0,,
2026-03-14 06:00:34+00:00,,,,,,12.0,1.0
2026-03-14 06:00:34.062000+00:00,12.0,36.070846,136.59528,99.99,1.0,,
2026-03-14 06:00:34.253000+00:00,11.0,36.070846,136.59528,99.99,1.0,,
2026-03-14 06:00:34.451000+00:00,11.0,36.070846,136.59528,99.99,1.0,,
2026-03-14 06:00:34.652000+00:00,11.0,36.070846,136.59528,99.99,1.0,,
2026-03-14 06:00:34.864000+00:00,12.0,36.070846,136.59528,99.99,1.0,,
2026-03-14 06:00:35+00:00,,,,,,13.0,1.0
2026-03-14 06:00:35.059000+00:00,10.0,36.070846,136.59528,99.99,1.0,,
2026-03-14 06:00:35.253000+00:00,10.0,36.070846,136.59528,99.99,1.0,,
2026-03-14 06:00:35.448000+00:00,10.0,36.070846,136.59528,99.99,1.0,,
2026-03-14 06:00:35.654000+00:00,10.0,36.070846,136.59528,99.99,1.0,,
2026-03-14 06:00:35.855000+00:00,9.0,36.070846,136.59528,99.99,1.0,,
2026-03-14 06:00:36+00:00,,,,,,14.0,1.0
2026-03-14 06:00:36.062000+00:00,10.0,36.070846,136.59528,99.99,1.0,,
2026-03-14 06:00:36.257000+00:00,11.0,36.070846,136.59528,99.99,1.0,,
2026-03-14 06:00:36.461000+00:00,12.0,36.070846,136.59528,99.99,1.0,,
2026-03-14 06:00:36.660000+00:00,12.0,36.070846,136.59528,99.99,1.0,,
2026-03-14 06:00:36.865000+00:00,12.0,36.070846,136.59528,99.99,1.0,,
2026-03-14 06:00:37+00:00,,,,,,15.0,1.0
2026-03-14 06:00:37.065000+00:00,12.0,36.070846,136.59528,99.99,1.0,,
2026-03-14 06:00:37.249000+00:00,11.0,36.070846,136.59528,99.99,2.0,,
2026-03-14 06:00:37.455000+00:00,11.0,36.070846,136.59528,99.99,2.0,,
2026-03-14 06:00:37.658000+00:00,11.0,36.070846,136.59528,99.99,2.0,,
2026-03-14 06:00:37.854000+00:00,12.0,36.070846,136.59528,99.99,1.0,,
2026-03-14 06:00:38+00:00,,,,,,15.0,1.0
2026-03-14 06:00:38.064000+00:00,12.0,36.070846,136.59528,99.99,1.0,,
2026-03-14 06:00:38.273000+00:00,12.0,36.070846,136.59528,99.99,1.0,,
2026-03-14 06:00:38.455000+00:00,12.0,36.070846,136.59528,99.99,1.0,,
2026-03-14 06:00:38.666000+00:00,12.0,36.070846,136.59528,99.99,1.0,,
2026-03-14 06:00:38.866000+00:00,12.0,36.070846,136.59528,99.99,1.0,,
2026-03-14 06:00:39+00:00,,,,,,13.0,1.0
2026-03-14 06:00:39.056000+00:00,12.0,36.070846,136.59528,99.99,1.0,,
2026-03-14 06:00:39.254000+00:00,10.0,36.070846,136.59528,99.99,1.0,,
2026-03-14 06:00:39.469000+00:00,11.0,36.070846,136.59528,99.99,1.0,,
2026-03-14 06:00:39.654000+00:00,12.0,36.070846,136.59528,99.99,1.0,,
2026-03-14 06:00:39.864000+00:00,11.0,36.070846,136.59528,99.99,1.0,,
2026-03-14 06:00:40+00:00,,,,,,14.0,1.0
2026-03-14 06:00:40.062000+00:00,10.0,36.070846,136.59528,99.99,1.0,,
2026-03-14 06:00:40.252000+00:00,9.0,36.070846,136.59528,99.99,1.0,,
2026-03-14 06:00:40.455000+00:00,10.0,36.070846,136.59528,99.99,1.0,,
2026-03-14 06:00:40.675000+00:00,12.0,36.070846,136.59528,99.99,2.0,,
2026-03-14 06:00:40.866000+00:00,10.0,36.070846,136.59528,99.99,2.0,,
2026-03-14 06:00:41+00:00,,,,,,14.0,1.0
2026-03-14 06:00:41.063000+00:00,10.0,36.070846,136.59528,99.99,2.0,,
2026-03-14 06:00:41.256000+00:00,9.0,36.070846,136.59528,99.99,2.0,,
2026-03-14 06:00:41.455000+00:00,10.0,36.070846,136.59528,99.99,2.0,,
2026-03-14 06:00:41.651000+00:00,12.0,36.070846,136.59528,99.99,2.0,,
2026-03-14 06:00:41.859000+00:00,12.0,36.070846,136.59528,99.99,2.0,,
2026-03-14 06:00:42+00:00,,,,,,13.0,1.0
2026-03-14 06:00:42.065000+00:00,12.0,36.070846,136.59528,99.99,2.0,,
2026-03-14 06:00:42.256000+00:00,12.0,36.070846,136.59528,99.99,2.0,,
2026-03-14 06:00:42.458000+00:00,12.0,36.070846,136.59528,99.99,2.0,,
2026-03-14 06:00:42.657000+00:00,12.0,36.070846,136.59528,99.99,2.0,,
2026-03-14 06:00:42.869000+00:00,12.0,36.070846,136.59528,99.99,2.0,,
2026-03-14 06:00:43+00:00,,,,,,13.0,1.0
2026-03-14 06:00:43.064000+00:00,12.0,36.070846,136.59528,99.99,2.0,,
2026-03-14 06:00:43.254000+00:00,12.0,36.070846,136.59528,99.99,2.0,,
2026-03-14 06:00:43.448000+00:00,12.0,36.070846,136.59528,99.99,2.0,,
2026-03-14 06:00:43.656000+00:00,12.0,36.070846,136.59528,99.99,2.0,,
2026-03-14 06:00:43.855000+00:00,12.0,36.070846,136.59528,99.99,2.0,,
2026-03-14 06:00:44+00:00,,,,,,14.0,1.0
2026-03-14 06:00:44.062000+00:00,12.0,36.070846,136.59528,99.99,2.0,,
2026-03-14 06:00:44.257000+00:00,11.0,36.070846,136.59528,99.99,2.0,,
2026-03-14 06:00:44.456000+00:00,11.0,36.070846,136.59528,99.99,2.0,,
2026-03-14 06:00:44.656000+00:00,11.0,36.070846,136.59528,99.99,2.0,,
2026-03-14 06:00:44.873000+00:00,12.0,36.070846,136.59528,99.99,2.0,,
2026-03-14 06:00:45+00:00,,,,,,17.0,1.0
2026-03-14 06:00:45.070000+00:00,12.0,36.070846,136.59528,99.99,2.0,,
2026-03-14 06:00:45.254000+00:00,11.0,36.070846,136.59528,99.99,2.0,,
2026-03-14 06:00:45.460000+00:00,10.0,36.070846,136.59528,99.99,2.0,,
2026-03-14 06:00:45.663000+00:00,12.0,36.070846,136.59528,99.99,2.0,,
2026-03-14 06:00:45.864000+00:00,12.0,36.070846,136.59528,99.99,2.0,,
2026-03-14 06:00:46+00:00,,,,,,16.0,1.0
2026-03-14 06:00:46.069000+00:00,12.0,36.070846,136.59528,99.99,2.0,,
2026-03-14 06:00:46.262000+00:00,12.0,36.070846,136.59528,99.99,2.0,,
2026-03-14 06:00:46.458000+00:00,12.0,36.070846,136.59528,99.99,2.0,,
2026-03-14 06:00:46.662000+00:00,12.0,36.070846,136.59528,99.99,2.0,,
2026-03-14 06:00:46.869000+00:00,12.0,36.070846,136.59528,99.99,2.0,,
2026-03-14 06:00:47+00:00,,,,,,16.0,1.0
2026-03-14 06:00:47.060000+00:00,12.0,36.070846,136.59528,99.99,2.0,,
2026-03-14 06:00:47.259000+00:00,12.0,36.070846,136.59528,99.99,2.0,,
2026-03-14 06:00:47.458000+00:00,12.0,36.070846,136.59528,99.99,2.0,,
2026-03-14 06:00:47.659000+00:00,12.0,36.070846,136.59528,99.99,2.0,,
2026-03-14 06:00:47.861000+00:00,12.0,36.070846,136.59528,99.99,2.0,,
2026-03-14 06:00:48+00:00,,,,,,19.0,1.0
2026-03-14 06:00:48.067000+00:00,12.0,36.070846,136.59528,99.99,2.0,,
2026-03-14 06:00:48.259000+00:00,12.0,36.070846,136.59528,99.99,2.0,,
2026-03-14 06:00:48.460000+00:00,12.0,36.070846,136.59528,99.99,2.0,,
2026-03-14 06:00:48.661000+00:00,12.0,36.070846,136.59528,99.99,2.0,,
2026-03-14 06:00:48.876000+00:00,12.0,36.070846,136.59528,99.99,2.0,,
2026-03-14 06:00:49+00:00,,,,,,17.0,1.0
2026-03-14 06:00:49.087000+00:00,12.0,36.070846,136.59528,99.99,1.0,,
2026-03-14 06:00:49.258000+00:00,12.0,36.070846,136.59528,99.99,1.0,,
2026-03-14 06:00:49.458000+00:00,12.0,36.070846,136.59528,99.99,1.0,,
2026-03-14 06:00:49.656000+00:00,12.0,36.070846,136.59528,99.99,1.0,,
2026-03-14 06:00:49.858000+00:00,12.0,36.070846,136.59528,99.99,1.0,,
2026-03-14 06:00:50+00:00,,,,,,15.0,1.0
2026-03-14 06:00:50.064000+00:00,12.0,36.070846,136.59528,99.99,1.0,,
2026-03-14 06:00:50.269000+00:00,11.0,36.070846,136.59528,99.99,1.0,,
2026-03-14 06:00:50.456000+00:00,12.0,36.070846,136.59528,99.99,1.0,,
2026-03-14 06:00:50.653000+00:00,12.0,36.070846,136.59528,99.99,1.0,,
2026-03-14 06:00:50.869000+00:00,12.0,36.070846,136.59528,99.99,1.0,,
2026-03-14 06:00:51+00:00,,,,,,14.0,1.0
2026-03-14 06:00:51.061000+00:00,12.0,36.070846,136.59528,99.99,1.0,,
2026-03-14 06:00:51.253000+00:00,11.0,36.070846,136.59528,99.99,1.0,,
2026-03-14 06:00:51.448000+00:00,12.0,36.070846,136.59528,99.99,1.0,,
2026-03-14 06:00:51.654000+00:00,12.0,36.070846,136.59528,99.99,1.0,,
2026-03-14 06:00:51.854000+00:00,12.0,36.070846,136.59528,99.99,1.0,,
2026-03-14 06:00:52+00:00,,,,,,12.0,1.0
2026-03-14 06:00:52.063000+00:00,12.0,36.070846,136.59528,99.99,1.0,,
2026-03-14 06:00:52.251000+00:00,10.0,36.070846,136.59528,99.99,1.0,,
2026-03-14 06:00:52.453000+00:00,11.0,36.070846,136.59528,99.99,1.0,,
2026-03-14 06:00:52.653000+00:00,12.0,36.070846,136.59528,99.99,1.0,,
2026-03-14 06:00:52.858000+00:00,12.0,36.070846,136.59528,99.99,1.0,,
2026-03-14 06:00:53+00:00,,,,,,13.0,1.0
2026-03-14 06:00:53.061000+00:00,12.0,36.070846,136.59528,99.99,1.0,,
2026-03-14 06:00:53.248000+00:00,12.0,36.070846,136.59528,99.99,1.0,,
2026-03-14 06:00:53.454000+00:00,12.0,36.070846,136.59528,99.99,1.0,,
2026-03-14 06:00:53.657000+00:00,12.0,36.070846,136.59528,99.99,1.0,,
2026-03-14 06:00:53.858000+00:00,12.0,36.070846,136.59528,99.99,1.0,,
2026-03-14 06:00:54+00:00,,,,,,13.0,1.0
2026-03-14 06:00:54.063000+00:00,12.0,36.070846,136.59528,99.99,1.0,,
2026-03-14 06:00:54.253000+00:00,10.0,36.070846,136.59528,99.99,1.0,,
2026-03-14 06:00:54.451000+00:00,12.0,36.070846,136.59528,99.99,1.0,,
2026-03-14 06:00:54.652000+00:00,12.0,36.070846,136.59528,99.99,1.0,,
2026-03-14 06:00:54.866000+00:00,12.0,36.070846,136.59528,99.99,1.0,,
2026-03-14 06:00:55+00:00,,,,,,13.0,1.0
2026-03-14 06:00:55.055000+00:00,12.0,36.070846,136.59528,99.99,1.0,,
2026-03-14 06:00:55.253000+00:00,10.0,36.070846,136.59528,99.99,1.0,,
2026-03-14 06:00:55.454000+00:00,11.0,36.070846,136.59528,99.99,1.0,,
2026-03-14 06:00:55.654000+00:00,10.0,36.070846,136.59528,99.99,1.0,,
2026-03-14 06:00:55.853000+00:00,11.0,36.070846,136.59528,99.99,1.0,,
2026-03-14 06:00:56+00:00,,,,,,12.0,1.0
2026-03-14 06:00:56.062000+00:00,12.0,36.070846,136.59528,99.99,1.0,,
2026-03-14 06:00:56.254000+00:00,12.0,36.070846,136.59528,99.99,1.0,,
2026-03-14 06:00:56.452000+00:00,12.0,36.070846,136.59528,99.99,1.0,,
2026-03-14 06:00:56.654000+00:00,12.0,36.070846,136.59528,99.99,1.0,,
2026-03-14 06:00:56.863000+00:00,12.0,36.070846,136.59528,99.99,1.0,,
2026-03-14 06:00:57+00:00,,,,,,13.0,1.0
2026-03-14 06:00:57.061000+00:00,12.0,36.070846,136.59528,99.99,1.0,,
2026-03-14 06:00:57.252000+00:00,12.0,36.070846,136.59528,99.99,1.0,,
2026-03-14 06:00:57.454000+00:00,12.0,36.070846,136.59528,99.99,1.0,,
2026-03-14 06:00:57.649000+00:00,12.0,36.070846,136.59528,99.99,1.0,,
2026-03-14 06:00:57.851000+00:00,12.0,36.070846,136.59528,99.99,1.0,,
2026-03-14 06:00:58+00:00,,,,,,13.0,1.0
2026-03-14 06:00:58.059000+00:00,12.0,36.070846,136.59528,99.99,1.0,,
2026-03-14 06:00:58.252000+00:00,12.0,36.070846,136.59528,99.99,1.0,,
2026-03-14 06:00:58.452000+00:00,12.0,36.070846,136.59528,99.99,1.0,,
2026-03-14 06:00:58.653000+00:00,12.0,36.070846,136.59528,99.99,2.0,,
2026-03-14 06:00:58.867000+00:00,12.0,36.070846,136.59528,99.99,2.0,,
2026-03-14 06:00:59+00:00,,,,,,17.0,1.0
2026-03-14 06:00:59.061000+00:00,12.0,36.070846,136.59528,99.99,2.0,,
2026-03-14 06:00:59.255000+00:00,12.0,36.070846,136.59528,99.99,2.0,,
2026-03-14 06:00:59.449000+00:00,12.0,36.070846,136.59528,99.99,2.0,,
2026-03-14 06:00:59.652000+00:00,12.0,36.070846,136.59528,99.99,2.0,,
2026-03-14 06:00:59.853000+00:00,12.0,36.070846,136.59528,99.99,2.0,,
2026-03-14 06:01:00+00:00,,,,,,17.0,1.0
2026-03-14 06:01:00.060000+00:00,12.0,36.070846,136.59528,99.99,2.0,,
2026-03-14 06:01:00.253000+00:00,12.0,36.070846,136.59528,99.99,2.0,,
2026-03-14 06:01:00.454000+00:00,12.0,36.070846,136.59528,99.99,2.0,,
2026-03-14 06:01:00.653000+00:00,12.0,36.070846,136.59528,99.99,2.0,,
2026-03-14 06:01:00.868000+00:00,12.0,36.070846,136.59528,99.99,2.0,,
2026-03-14 06:01:01+00:00,,,,,,16.0,1.0
2026-03-14 06:01:01.063000+00:00,12.0,36.070846,136.59528,99.99,2.0,,
2026-03-14 06:01:01.249000+00:00,12.0,36.070846,136.59528,99.99,2.0,,
2026-03-14 06:01:01.454000+00:00,12.0,36.070846,136.59528,99.99,2.0,,
2026-03-14 06:01:01.658000+00:00,12.0,36.070846,136.59528,99.99,2.0,,
2026-03-14 06:01:01.853000+00:00,12.0,36.070846,136.59528,99.99,2.0,,
2026-03-14 06:01:02+00:00,,,,,,15.0,1.0
2026-03-14 06:01:02.061000+00:00,12.0,36.070846,136.59528,99.99,2.0,,
2026-03-14 06:01:02.255000+00:00,12.0,36.070846,136.59528,99.99,2.0,,
2026-03-14 06:01:02.453000+00:00,12.0,36.070846,136.59528,99.99,2.0,,
2026-03-14 06:01:02.654000+00:00,12.0,36.070846,136.59528,99.99,2.0,,
2026-03-14 06:01:02.871000+00:00,12.0,36.070846,136.59528,99.99,2.0,,
2026-03-14 06:01:03+00:00,,,,,,15.0,1.0
2026-03-14 06:01:03.057000+00:00,12.0,36.070846,136.59528,99.99,2.0,,
2026-03-14 06:01:03.254000+00:00,12.0,36.070846,136.59528,99.99,2.0,,
2026-03-14 06:01:03.453000+00:00,12.0,36.070846,136.59528,99.99,2.0,,
2026-03-14 06:01:03.656000+00:00,12.0,36.070846,136.59528,99.99,2.0,,
2026-03-14 06:01:03.852000+00:00,12.0,36.070846,136.59528,99.99,2.0,,
2026-03-14 06:01:04+00:00,,,,,,14.0,1.0
2026-03-14 06:01:04.064000+00:00,12.0,36.070846,136.59528,99.99,2.0,,
2026-03-14 06:01:04.253000+00:00,12.0,36.070846,136.59528,99.99,2.0,,
2026-03-14 06:01:04.453000+00:00,12.0,36.070846,136.59528,99.99,2.0,,
2026-03-14 06:01:04.653000+00:00,12.0,36.070846,136.59528,99.99,2.0,,
2026-03-14 06:01:04.861000+00:00,12.0,36.070846,136.59528,99.99,1.0,,
2026-03-14 06:01:05+00:00,,,,,,14.0,1.0
2026-03-14 06:01:05.060000+00:00,12.0,36.070846,136.59528,99.99,1.0,,
2026-03-14 06:01:05.253000+00:00,12.0,36.070846,136.59528,99.99,1.0,,
2026-03-14 06:01:05.453000+00:00,12.0,36.070846,136.59528,99.99,1.0,,
2026-03-14 06:01:05.652000+00:00,12.0,36.070846,136.59528,99.99,1.0,,
2026-03-14 06:01:05.853000+00:00,12.0,36.070846,136.59528,99.99,1.0,,
2026-03-14 06:01:06+00:00,,,,,,14.0,1.0
2026-03-14 06:01:06.060000+00:00,12.0,36.070846,136.59528,99.99,1.0,,
2026-03-14 06:01:06.252000+00:00,12.0,36.070846,136.59528,99.99,1.0,,
2026-03-14 06:01:06.451000+00:00,12.0,36.070846,136.59528,99.99,1.0,,
2026-03-14 06:01:06.649000+00:00,12.0,36.070846,136.59528,99.99,1.0,,
2026-03-14 06:01:06.859000+00:00,11.0,36.070846,136.59528,99.99,1.0,,
2026-03-14 06:01:07+00:00,,,,,,12.0,1.0
2026-03-14 06:01:07.062000+00:00,11.0,36.070846,136.59528,99.99,1.0,,
2026-03-14 06:01:07.253000+00:00,12.0,36.070846,136.59528,99.99,2.0,,
2026-03-14 06:01:07.450000+00:00,10.0,36.070846,136.59528,99.99,2.0,,
2026-03-14 06:01:07.652000+00:00,10.0,36.070846,136.59528,99.99,2.0,,
2026-03-14 06:01:07.852000+00:00,11.0,36.070846,136.59528,99.99,2.0,,
2026-03-14 06:01:08+00:00,,,,,,11.0,1.0
2026-03-14 06:01:08.059000+00:00,12.0,36.070846,136.59528,99.99,2.0,,
2026-03-14 06:01:08.256000+00:00,11.0,36.070846,136.59528,99.99,2.0,,
2026-03-14 06:01:08.455000+00:00,12.0,36.070846,136.59528,99.99,2.0,,
2026-03-14 06:01:08.655000+00:00,11.0,36.070846,136.59528,99.99,2.0,,
2026-03-14 06:01:08.868000+00:00,12.0,36.070846,136.59528,99.99,2.0,,
2026-03-14 06:01:09+00:00,,,,,,11.0,2.0
2026-03-14 06:01:09.059000+00:00,12.0,36.070846,136.59528,99.99,2.0,,
2026-03-14 06:01:09.247000+00:00,12.0,36.070846,136.59528,99.99,2.0,,
2026-03-14 06:01:09.451000+00:00,12.0,36.070846,136.59528,99.99,2.0,,
2026-03-14 06:01:09.652000+00:00,12.0,36.070846,136.59528,99.99,2.0,,
2026-03-14 06:01:09.849000+00:00,12.0,36.070846,136.59528,99.99,2.0,,
2026-03-14 06:01:10+00:00,,,,,,10.0,1.0
2026-03-14 06:01:10.058000+00:00,12.0,36.070846,136.59528,99.99,2.0,,
2026-03-14 06:01:10.252000+00:00,11.0,36.070846,136.59528,99.99,2.0,,
2026-03-14 06:01:10.451000+00:00,11.0,36.070846,136.59528,99.99,2.0,,
2026-03-14 06:01:10.655000+00:00,10.0,36.070846,136.59528,99.99,2.0,,
2026-03-14 06:01:10.860000+00:00,11.0,36.070846,136.59528,99.99,2.0,,
2026-03-14 06:01:11+00:00,,,,,,11.0,1.0
2026-03-14 06:01:11.050000+00:00,11.0,36.070846,136.59528,99.99,2.0,,
2026-03-14 06:01:11.249000+00:00,9.0,36.070846,136.59528,99.99,2.0,,
2026-03-14 06:01:11.448000+00:00,11.0,36.070846,136.59528,99.99,2.0,,
2026-03-14 06:01:11.646000+00:00,11.0,36.070846,136.59528,99.99,2.0,,
2026-03-14 06:01:11.846000+00:00,11.0,36.070846,136.59528,99.99,2.0,,
2026-03-14 06:01:12+00:00,,,,,,13.0,1.0
2026-03-14 06:01:12.054000+00:00,10.0,36.070846,136.59528,99.99,2.0,,
2026-03-14 06:01:12.255000+00:00,10.0,36.070846,136.59528,99.99,2.0,,
2026-03-14 06:01:12.456000+00:00,10.0,36.070846,136.59528,99.99,2.0,,
2026-03-14 06:01:12.660000+00:00,11.0,36.070846,136.59528,99.99,2.0,,
2026-03-14 06:01:12.866000+00:00,12.0,36.070846,136.59528,99.99,2.0,,
2026-03-14 06:01:13+00:00,,,,,,13.0,1.0
2026-03-14 06:01:13.068000+00:00,11.0,36.070846,136.59528,99.99,2.0,,
2026-03-14 06:01:13.259000+00:00,12.0,36.070846,136.59528,99.99,2.0,,
2026-03-14 06:01:13.461000+00:00,12.0,36.070846,136.59528,99.99,2.0,,
2026-03-14 06:01:13.659000+00:00,12.0,36.070846,136.59528,99.99,2.0,,
2026-03-14 06:01:13.859000+00:00,12.0,36.070846,136.59528,99.99,2.0,,
2026-03-14 06:01:14+00:00,,,,,,13.0,1.0
2026-03-14 06:01:14.072000+00:00,11.0,36.070846,136.59528,99.99,2.0,,
2026-03-14 06:01:14.266000+00:00,10.0,36.070846,136.59528,99.99,2.0,,
2026-03-14 06:01:14.462000+00:00,12.0,36.070846,136.59528,99.99,2.0,,
2026-03-14 06:01:14.656000+00:00,11.0,36.070846,136.59528,99.99,2.0,,
2026-03-14 06:01:14.869000+00:00,12.0,36.070846,136.59528,99.99,2.0,,
2026-03-14 06:01:15+00:00,,,,,,13.0,2.0
2026-03-14 06:01:15.068000+00:00,12.0,36.070846,136.59528,99.99,2.0,,
2026-03-14 06:01:15.258000+00:00,11.0,36.070846,136.59528,99.99,2.0,,
2026-03-14 06:01:15.460000+00:00,11.0,36.070846,136.59528,99.99,2.0,,
2026-03-14 06:01:15.659000+00:00,11.0,36.070846,136.59528,99.99,2.0,,
2026-03-14 06:01:15.857000+00:00,11.0,36.070846,136.59528,99.99,2.0,,
2026-03-14 06:01:16+00:00,,,,,,12.0,1.0
2026-03-14 06:01:16.071000+00:00,11.0,36.070846,136.59528,99.99,2.0,,
2026-03-14 06:01:16.264000+00:00,9.0,36.070846,136.59528,99.99,2.0,,
2026-03-14 06:01:16.461000+00:00,11.0,36.070846,136.59528,99.99,2.0,,
2026-03-14 06:01:16.661000+00:00,11.0,36.070846,136.59528,99.99,2.0,,
2026-03-14 06:01:16.868000+00:00,10.0,36.070846,136.59528,99.99,1.0,,
2026-03-14 06:01:17+00:00,,,,,,13.0,1.0
2026-03-14 06:01:17.068000+00:00,12.0,36.070846,136.59528,99.99,1.0,,
2026-03-14 06:01:17.256000+00:00,9.0,36.070846,136.59528,99.99,1.0,,
2026-03-14 06:01:17.451000+00:00,9.0,36.070846,136.59528,99.99,1.0,,
2026-03-14 06:01:17.649000+00:00,10.0,36.070846,136.59528,99.99,1.0,,
2026-03-14 06:01:17.852000+00:00,12.0,36.070846,136.59528,99.99,1.0,,
2026-03-14 06:01:18+00:00,,,,,,12.0,1.0
2026-03-14 06:01:18.059000+00:00,12.0,36.070846,136.59528,99.99,1.0,,
2026-03-14 06:01:18.248000+00:00,11.0,36.070846,136.59528,99.99,1.0,,
2026-03-14 06:01:18.452000+00:00,9.0,36.070846,136.59528,99.99,1.0,,
2026-03-14 06:01:18.650000+00:00,10.0,36.070846,136.59528,99.99,1.0,,
2026-03-14 06:01:18.853000+00:00,10.0,36.070846,136.59528,99.99,1.0,,
2026-03-14 06:01:19+00:00,,,,,,12.0,1.0
2026-03-14 06:01:19.051000+00:00,10.0,36.070846,136.59528,99.99,1.0,,
2026-03-14 06:01:19.251000+00:00,11.0,36.070846,136.59528,99.99,1.0,,
2026-03-14 06:01:19.452000+00:00,12.0,36.070846,136.59528,99.99,1.0,,
2026-03-14 06:01:19.649000+00:00,12.0,36.070846,136.59528,99.99,1.0,,
2026-03-14 06:01:19.849000+00:00,12.0,36.070846,136.59528,99.99,1.0,,
2026-03-14 06:01:20+00:00,,,,,,13.0,
2026-03-14 06:01:20.057000+00:00,12.0,36.070846,136.59528,99.99,1.0,,
2026-03-14 06:01:20.244000+00:00,9.0,36.070846,136.59528,99.99,1.0,,
2026-03-14 06:01:20.445000+00:00,10.0,36.070846,136.59528,99.99,1.0,,
2026-03-14 06:01:20.646000+00:00,10.0,36.070846,136.59528,99.99,1.0,,
2026-03-14 06:01:20.842000+00:00,11.0,36.070846,136.59528,99.99,1.0,,
2026-03-14 06:01:21+00:00,,,,,,11.0,1.0
2026-03-14 06:01:21.053000+00:00,11.0,36.070846,136.59528,99.99,1.0,,
2026-03-14 06:01:21.246000+00:00,8.0,36.070846,136.59528,99.99,1.0,,
2026-03-14 06:01:21.453000+00:00,7.0,36.070846,136.59528,99.99,1.0,,
2026-03-14 06:01:21.652000+00:00,6.0,36.070846,136.59528,99.99,1.0,,
2026-03-14 06:01:21.846000+00:00,8.0,36.070846,136.59528,99.99,1.0,,
2026-03-14 06:01:22+00:00,,,,,,11.0,
2026-03-14 06:01:22.061000+00:00,8.0,36.070846,136.59528,99.99,1.0,,
2026-03-14 06:01:22.252000+00:00,8.0,36.070846,136.59528,99.99,1.0,,
2026-03-14 06:01:22.459000+00:00,11.0,36.070846,136.59528,99.99,1.0,,
2026-03-14 06:01:22.647000+00:00,12.0,36.070846,136.59528,99.99,1.0,,
2026-03-14 06:01:22.853000+00:00,12.0,36.070846,136.59528,99.99,1.0,,
2026-03-14 06:01:23+00:00,,,,,,12.0,1.0
2026-03-14 06:01:23.057000+00:00,10.0,36.070846,136.59528,99.99,1.0,,
2026-03-14 06:01:23.256000+00:00,11.0,36.070846,136.59528,99.99,1.0,,
2026-03-14 06:01:23.452000+00:00,10.0,36.070846,136.59528,99.99,1.0,,
2026-03-14 06:01:23.652000+00:00,12.0,36.070846,136.59528,99.99,1.0,,
2026-03-14 06:01:23.857000+00:00,11.0,36.070846,136.59528,99.99,1.0,,
2026-03-14 06:01:24+00:00,,,,,,12.0,
2026-03-14 06:01:24.060000+00:00,11.0,36.070846,136.59528,99.99,1.0,,
2026-03-14 06:01:24.252000+00:00,12.0,36.070846,136.59528,99.99,2.0,,
2026-03-14 06:01:24.457000+00:00,12.0,36.070846,136.59528,99.99,2.0,,
2026-03-14 06:01:24.649000+00:00,12.0,36.070846,136.59528,99.99,2.0,,
2026-03-14 06:01:24.849000+00:00,12.0,36.070846,136.59528,99.99,2.0,,
2026-03-14 06:01:25+00:00,,,,,,17.0,1.0
2026-03-14 06:01:25.059000+00:00,12.0,36.070846,136.59528,99.99,2.0,,
2026-03-14 06:01:25.249000+00:00,12.0,36.070846,136.59528,99.99,2.0,,
2026-03-14 06:01:25.453000+00:00,12.0,36.070846,136.59528,99.99,2.0,,
2026-03-14 06:01:25.656000+00:00,12.0,36.070846,136.59528,99.99,2.0,,
2026-03-14 06:01:25.853000+00:00,12.0,36.070846,136.59528,99.99,2.0,,
2026-03-14 06:01:26+00:00,,,,,,17.0,
2026-03-14 06:01:26.060000+00:00,12.0,36.070846,136.59528,99.99,2.0,,
2026-03-14 06:01:26.252000+00:00,12.0,36.070846,136.59528,99.99,2.0,,
2026-03-14 06:01:26.466000+00:00,12.0,36.070846,136.59528,99.99,2.0,,
2026-03-14 06:01:26.655000+00:00,12.0,36.070846,136.59528,99.99,2.0,,
2026-03-14 06:01:26.856000+00:00,12.0,36.070846,136.59528,99.99,2.0,,
2026-03-14 06:01:27+00:00,,,,,,17.0,1.0
2026-03-14 06:01:27.058000+00:00,12.0,36.070846,136.59528,99.99,2.0,,
2026-03-14 06:01:27.248000+00:00,12.0,36.070846,136.59528,99.99,2.0,,
2026-03-14 06:01:27.448000+00:00,12.0,36.070846,136.59528,99.99,2.0,,
2026-03-14 06:01:27.647000+00:00,12.0,36.070846,136.59528,99.99,2.0,,
2026-03-14 06:01:27.848000+00:00,12.0,36.070846,136.59528,99.99,2.0,,
2026-03-14 06:01:28+00:00,,,,,,15.0,
2026-03-14 06:01:28.058000+00:00,12.0,36.070846,136.59528,99.99,2.0,,
2026-03-14 06:01:28.251000+00:00,12.0,36.070846,136.59528,99.99,2.0,,
2026-03-14 06:01:28.451000+00:00,12.0,36.070846,136.59528,99.99,2.0,,
2026-03-14 06:01:28.657000+00:00,12.0,36.070846,136.59528,99.99,2.0,,
2026-03-14 06:01:28.845000+00:00,12.0,36.070846,136.59528,99.99,2.0,,
2026-03-14 06:01:29+00:00,,,,,,16.0,1.0
2026-03-14 06:01:29.057000+00:00,12.0,36.070846,136.59528,99.99,2.0,,
2026-03-14 06:01:29.251000+00:00,12.0,36.070846,136.59528,99.99,2.0,,
2026-03-14 06:01:29.448000+00:00,12.0,36.070846,136.59528,99.99,2.0,,
2026-03-14 06:01:29.648000+00:00,12.0,36.070846,136.59528,99.99,2.0,,
2026-03-14 06:01:29.848000+00:00,12.0,36.070846,136.59528,99.99,2.0,,
2026-03-14 06:01:30+00:00,,,,,,18.0,
2026-03-14 06:01:30.058000+00:00,12.0,36.070846,136.59528,99.99,2.0,,
2026-03-14 06:01:30.254000+00:00,12.0,36.070846,136.59528,99.99,2.0,,
2026-03-14 06:01:30.453000+00:00,12.0,36.070846,136.59528,99.99,2.0,,
2026-03-14 06:01:30.662000+00:00,12.0,36.070846,136.59528,99.99,2.0,,
2026-03-14 06:01:30.853000+00:00,12.0,36.070846,136.59528,99.99,2.0,,
2026-03-14 06:01:31+00:00,,,,,,18.0,1.0
2026-03-14 06:01:31.060000+00:00,12.0,36.070846,136.59528,99.99,2.0,,
2026-03-14 06:01:31.254000+00:00,12.0,36.070846,136.59528,99.99,2.0,,
2026-03-14 06:01:31.453000+00:00,12.0,36.070846,136.59528,99.99,2.0,,
2026-03-14 06:01:31.653000+00:00,12.0,36.070846,136.59528,99.99,2.0,,
2026-03-14 06:01:31.855000+00:00,12.0,36.070846,136.59528,99.99,2.0,,
2026-03-14 06:01:32+00:00,,,,,,16.0,1.0
2026-03-14 06:01:32.059000+00:00,12.0,36.070846,136.59528,99.99,2.0,,
2026-03-14 06:01:32.253000+00:00,12.0,36.070846,136.59528,99.99,2.0,,
2026-03-14 06:01:32.448000+00:00,12.0,36.070846,136.59528,99.99,2.0,,
2026-03-14 06:01:32.663000+00:00,12.0,36.070846,136.59528,99.99,2.0,,
2026-03-14 06:01:32.852000+00:00,12.0,36.070846,136.59528,99.99,2.0,,
2026-03-14 06:01:33+00:00,,,,,,13.0,2.0
2026-03-14 06:01:33.058000+00:00,12.0,36.070846,136.59528,99.99,2.0,,
2026-03-14 06:01:33.248000+00:00,12.0,36.070846,136.59528,99.99,2.0,,
2026-03-14 06:01:33.455000+00:00,12.0,36.070846,136.59528,99.99,1.0,,
2026-03-14 06:01:33.652000+00:00,12.0,36.070846,136.59528,99.99,1.0,,
2026-03-14 06:01:33.850000+00:00,12.0,36.070846,136.59528,99.99,2.0,,
2026-03-14 06:01:34+00:00,,,,,,13.0,
2026-03-14 06:01:34.060000+00:00,12.0,36.070846,136.59528,99.99,2.0,,
2026-03-14 06:01:34.248000+00:00,12.0,36.070846,136.59528,99.99,2.0,,
2026-03-14 06:01:34.452000+00:00,12.0,36.070846,136.59528,99.99,2.0,,
2026-03-14 06:01:34.671000+00:00,12.0,36.070846,136.59528,99.99,2.0,,
2026-03-14 06:01:34.853000+00:00,12.0,36.070846,136.59528,99.99,2.0,,
2026-03-14 06:01:35+00:00,,,,,,15.0,1.0
2026-03-14 06:01:35.055000+00:00,12.0,36.070846,136.59528,99.99,2.0,,
2026-03-14 06:01:35.253000+00:00,12.0,36.070846,136.59528,99.99,2.0,,
2026-03-14 06:01:35.453000+00:00,12.0,36.070846,136.59528,99.99,2.0,,
2026-03-14 06:01:35.652000+00:00,12.0,36.070846,136.59528,99.99,2.0,,
2026-03-14 06:01:35.855000+00:00,12.0,36.070846,136.59528,99.99,1.0,,
2026-03-14 06:01:36+00:00,,,,,,13.0,1.0
2026-03-14 06:01:36.060000+00:00,12.0,36.070846,136.59528,99.99,1.0,,
2026-03-14 06:01:36.251000+00:00,12.0,36.070846,136.59528,99.99,1.0,,
2026-03-14 06:01:36.452000+00:00,12.0,36.070846,136.59528,99.99,1.0,,
2026-03-14 06:01:36.657000+00:00,12.0,36.070846,136.59528,99.99,1.0,,
2026-03-14 06:01:36.845000+00:00,12.0,36.070846,136.59528,99.99,1.0,,
2026-03-14 06:01:37+00:00,,,,,,13.0,1.0
2026-03-14 06:01:37.059000+00:00,12.0,36.070846,136.59528,99.99,1.0,,
2026-03-14 06:01:37.255000+00:00,12.0,36.070846,136.59528,99.99,1.0,,
2026-03-14 06:01:37.452000+00:00,12.0,36.070846,136.59528,99.99,1.0,,
2026-03-14 06:01:37.653000+00:00,12.0,36.070846,136.59528,99.99,1.0,,
2026-03-14 06:01:37.849000+00:00,12.0,36.070846,136.59528,99.99,1.0,,
2026-03-14 06:01:38+00:00,,,,,,13.0,1.0
2026-03-14 06:01:38.055000+00:00,12.0,36.070846,136.59528,99.99,1.0,,
2026-03-14 06:01:38.250000+00:00,12.0,36.070846,136.59528,99.99,1.0,,
2026-03-14 06:01:38.465000+00:00,12.0,36.070846,136.59528,99.99,1.0,,
2026-03-14 06:01:38.645000+00:00,12.0,36.070846,136.59528,99.99,2.0,,
2026-03-14 06:01:38.854000+00:00,12.0,36.070846,136.59528,99.99,2.0,,
2026-03-14 06:01:39+00:00,,,,,,15.0,1.0
2026-03-14 06:01:39.059000+00:00,12.0,36.070846,136.59528,99.99,2.0,,
2026-03-14 06:01:39.252000+00:00,12.0,36.070846,136.59528,99.99,2.0,,
2026-03-14 06:01:39.452000+00:00,12.0,36.070846,136.59528,99.99,2.0,,
2026-03-14 06:01:39.652000+00:00,12.0,36.070846,136.59528,99.99,2.0,,
2026-03-14 06:01:39.851000+00:00,12.0,36.070846,136.59528,99.99,2.0,,
2026-03-14 06:01:40+00:00,,,,,,15.0,
2026-03-14 06:01:40.063000+00:00,12.0,36.070846,136.59528,99.99,2.0,,
2026-03-14 06:01:40.256000+00:00,12.0,36.070846,136.59528,99.99,2.0,,
2026-03-14 06:01:40.452000+00:00,12.0,36.070846,136.59528,99.99,2.0,,
2026-03-14 06:01:40.659000+00:00,12.0,36.070846,136.59528,99.99,2.0,,
2026-03-14 06:01:40.857000+00:00,12.0,36.070846,136.59528,99.99,2.0,,
2026-03-14 06:01:41+00:00,,,,,,12.0,
2026-03-14 06:01:41.065000+00:00,12.0,36.070846,136.59528,99.99,2.0,,
2026-03-14 06:01:41.255000+00:00,11.0,36.070846,136.59528,99.99,2.0,,
2026-03-14 06:01:41.453000+00:00,12.0,36.070846,136.59528,99.99,2.0,,
2026-03-14 06:01:41.652000+00:00,11.0,36.070846,136.59528,99.99,2.0,,
2026-03-14 06:01:41.853000+00:00,10.0,36.070846,136.59528,99.99,2.0,,
2026-03-14 06:01:42+00:00,,,,,,10.0,1.0
2026-03-14 06:01:42.063000+00:00,11.0,36.070846,136.59528,99.99,2.0,,
2026-03-14 06:01:42.252000+00:00,12.0,36.070846,136.59528,99.99,2.0,,
2026-03-14 06:01:42.455000+00:00,12.0,36.070846,136.59528,99.99,2.0,,
2026-03-14 06:01:42.653000+00:00,11.0,36.070846,136.59528,99.99,2.0,,
2026-03-14 06:01:42.852000+00:00,10.0,36.070846,136.59528,99.99,2.0,,
2026-03-14 06:01:43+00:00,,,,,,5.0,
2026-03-14 06:01:43.080000+00:00,7.0,36.070846,136.59528,99.99,2.0,,
2026-03-14 06:01:43.252000+00:00,8.0,36.070846,136.59528,99.99,2.0,,
2026-03-14 06:01:43.453000+00:00,9.0,36.070846,136.59528,99.99,1.0,,
2026-03-14 06:01:43.656000+00:00,9.0,36.070846,136.59528,99.99,1.0,,
2026-03-14 06:01:43.856000+00:00,9.0,36.070846,136.59528,99.99,1.0,,
2026-03-14 06:01:44+00:00,,,,,,5.0,
2026-03-14 06:01:44.062000+00:00,9.0,36.070846,136.59528,99.99,1.0,,
2026-03-14 06:01:44.257000+00:00,8.0,36.070846,136.59528,99.99,1.0,,
2026-03-14 06:01:44.455000+00:00,8.0,36.070846,136.59528,99.99,2.0,,
2026-03-14 06:01:44.653000+00:00,8.0,36.070846,136.59528,99.99,2.0,,
2026-03-14 06:01:44.848000+00:00,8.0,36.070846,136.59528,99.99,2.0,,
2026-03-14 06:01:45+00:00,,,,,,4.0,
2026-03-14 06:01:45.059000+00:00,8.0,36.070846,136.59528,99.99,2.0,,
2026-03-14 06:01:45.254000+00:00,8.0,36.070846,136.59528,99.99,2.0,,
2026-03-14 06:01:45.453000+00:00,8.0,36.070846,136.59528,99.99,2.0,,
2026-03-14 06:01:45.655000+00:00,8.0,36.070846,136.59528,99.99,2.0,,
2026-03-14 06:01:45.855000+00:00,9.0,36.070846,136.59528,99.99,2.0,,
2026-03-14 06:01:46+00:00,,,,,,9.0,
2026-03-14 06:01:46.071000+00:00,11.0,36.070846,136.59528,99.99,1.0,,
2026-03-14 06:01:46.252000+00:00,10.0,36.070846,136.59528,99.99,1.0,,
2026-03-14 06:01:46.453000+00:00,12.0,36.070846,136.59528,99.99,1.0,,
2026-03-14 06:01:46.652000+00:00,10.0,36.070846,136.59528,99.99,1.0,,
2026-03-14 06:01:46.858000+00:00,10.0,36.070846,136.59528,99.99,1.0,,
2026-03-14 06:01:47+00:00,,,,,,8.0,
2026-03-14 06:01:47.064000+00:00,10.0,36.070846,136.59528,99.99,1.0,,
2026-03-14 06:01:47.256000+00:00,9.0,36.070846,136.59528,99.99,1.0,,
2026-03-14 06:01:47.452000+00:00,10.0,36.070846,136.59528,99.99,1.0,,
2026-03-14 06:01:47.653000+00:00,8.0,36.070846,136.59528,99.99,1.0,,
2026-03-14 06:01:47.860000+00:00,8.0,36.070846,136.59528,99.99,1.0,,
2026-03-14 06:01:48+00:00,,,,,,9.0,
2026-03-14 06:01:48.060000+00:00,9.0,36.070846,136.59528,99.99,1.0,,
2026-03-14 06:01:48.270000+00:00,10.0,36.070846,136.59528,99.99,1.0,,
2026-03-14 06:01:48.449000+00:00,10.0,36.070846,136.59528,99.99,1.0,,
2026-03-14 06:01:48.658000+00:00,11.0,36.070846,136.59528,99.99,1.0,,
2026-03-14 06:01:48.875000+00:00,12.0,36.070846,136.59528,99.99,1.0,,
2026-03-14 06:01:49+00:00,,,,,,8.0,
2026-03-14 06:01:49.080000+00:00,12.0,36.070846,136.59528,99.99,1.0,,
2026-03-14 06:01:49.267000+00:00,7.0,36.070846,136.59528,99.99,1.0,,
2026-03-14 06:01:49.451000+00:00,7.0,36.070846,136.59528,99.99,1.0,,
2026-03-14 06:01:49.655000+00:00,7.0,36.070846,136.59528,99.99,1.0,,
2026-03-14 06:01:49.868000+00:00,7.0,36.070846,136.59528,99.99,1.0,,
2026-03-14 06:01:50+00:00,,,,,,6.0,1.0
2026-03-14 06:01:50.059000+00:00,7.0,36.070846,136.59528,99.99,1.0,,
2026-03-14 06:01:50.246000+00:00,6.0,36.070846,136.59528,99.99,1.0,,
2026-03-14 06:01:50.450000+00:00,5.0,36.070846,136.59528,99.99,1.0,,
2026-03-14 06:01:50.650000+00:00,6.0,36.070846,136.59528,99.99,1.0,,
2026-03-14 06:01:50.850000+00:00,7.0,36.070846,136.59528,99.99,2.0,,
2026-03-14 06:01:51+00:00,,,,,,7.0,
2026-03-14 06:01:51.056000+00:00,8.0,36.070846,136.59528,99.99,1.0,,
2026-03-14 06:01:51.251000+00:00,6.0,36.070846,136.59528,99.99,1.0,,
2026-03-14 06:01:51.453000+00:00,7.0,36.070846,136.59528,99.99,1.0,,
2026-03-14 06:01:51.662000+00:00,9.0,36.070846,136.59528,99.99,1.0,,
2026-03-14 06:01:51.846000+00:00,10.0,36.070846,136.59528,99.99,1.0,,
2026-03-14 06:01:52+00:00,,,,,,7.0,1.0
2026-03-14 06:01:52.052000+00:00,10.0,36.070846,136.59528,99.99,1.0,,
2026-03-14 06:01:52.246000+00:00,7.0,36.070846,136.59528,99.99,1.0,,
2026-03-14 06:01:52.447000+00:00,10.0,36.070846,136.59528,99.99,1.0,,
2026-03-14 06:01:52.649000+00:00,8.0,36.070846,136.59528,99.99,1.0,,
2026-03-14 06:01:52.843000+00:00,8.0,36.070846,136.59528,99.99,1.0,,
2026-03-14 06:01:53+00:00,,,,,,5.0,
2026-03-14 06:01:53.052000+00:00,8.0,36.070846,136.59528,99.99,1.0,,
2026-03-14 06:01:53.262000+00:00,7.0,36.070846,136.59528,99.99,1.0,,
2026-03-14 06:01:53.451000+00:00,6.0,36.070846,136.59528,99.99,1.0,,
